strategy,symbol,signal_time,entry_time,entry_bar,entry_price_raw,entry_fill,quantity,entry_atr,initial_stop,entry_fee,entry_equity,exit_signal_time,exit_time,exit_bar_open,exit_price_raw,exit_fill,exit_fee,slippage_cost,gross_pnl,net_pnl,return_pct,bars_held,exit_reason
meanrev_rsi_v0.1,ETHUSDT,2020-11-27 00:00:00+00:00,2020-11-27 00:00:00+00:00,446,519.83000000000004,520.08991500000002,8.61182450285831,23.223882457616146,462.03020885595964,4.478923073686496,100000,2020-11-28 16:00:00+00:00,2020-11-28 16:00:00+00:00,2020-11-28 16:00:00+00:00,533.50999999999999,533.243245,4.5921972432746774,4.5355896109201046,113.27416958818115,104.20304927121997,0.023241959865860719,11,SIGNAL
meanrev_rsi_v0.1,BTCUSDT,2020-11-27 00:00:00+00:00,2020-11-27 00:00:00+00:00,446,17149.470000000001,17158.044734999999,0.35555154812335887,562.50633995442445,15751.778885113938,6.1005693682990971,100000,2020-11-28 20:00:00+00:00,2020-11-28 20:00:00+00:00,2020-11-28 20:00:00+00:00,17814.5,17805.59275,6.3308060675165549,6.2157468310188158,230.23669921745812,217.80532378164247,0.035666791558221826,12,SIGNAL
meanrev_rsi_v0.1,BTCUSDT,2020-12-09 12:00:00+00:00,2020-12-09 12:00:00+00:00,521,18244.939999999999,18254.062469999997,0.55368984262741927,362.37619204641999,17348.121989883948,10.107088976325379,100322.00837305287,2020-12-12 08:00:00+00:00,2020-12-12 08:00:00+00:00,2020-12-12 08:00:00+00:00,18380.849999999999,18371.659574999998,10.17220129888627,10.139663950601964,65.112322560890505,44.833032285678854,0.004431369323704205,18,SIGNAL
meanrev_rsi_v0.1,ETHUSDT,2020-12-09 12:00:00+00:00,2020-12-09 12:00:00+00:00,521,561.88999999999999,562.17094499999996,13.64800537117863,14.701343624162003,525.41758593959491,7.6725120768805652,100322.00837305287,2020-12-12 20:00:00+00:00,2020-12-12 20:00:00+00:00,2020-12-12 20:00:00+00:00,568.80999999999995,568.52559499999995,7.759240374212526,7.7158998365953844,86.728297331960178,71.296544880867089,0.0092831811599134104,21,SIGNAL
meanrev_rsi_v0.1,BTCUSDT,2021-01-11 20:00:00+00:00,2021-01-11 20:00:00+00:00,721,32254.630000000001,32270.757314999999,0.092280501206072216,2176.8008764046554,26828.755123988361,2.9779616593277209,100438.13795021942,2021-01-13 20:00:00+00:00,2021-01-13 20:00:00+00:00,2021-01-13 20:00:00+00:00,36002.239999999998,35984.238879999997,3.3206435993654306,3.1493890871787387,342.6819400377093,336.38333477901614,0.11284473271807931,13,SIGNAL
meanrev_rsi_v0.1,BTCUSDT,2021-01-21 20:00:00+00:00,2021-01-21 20:00:00+00:00,781,32468.66,32484.894329999999,0.13454511663284496,1498.0034029774295,28739.885822556425,4.3706838964354935,100774.52128499844,2021-01-25 04:00:00+00:00,2021-01-25 04:00:00+00:00,2021-01-25 04:00:00+00:00,33568.169999999998,33551.385914999999,4.5141751311272662,4.4424664972064951,143.49123469177266,134.60637566420991,0.030766787749193638,21,SIGNAL
meanrev_rsi_v0.1,BTCUSDT,2021-02-23 16:00:00+00:00,2021-02-23 16:00:00+00:00,978,48602.019999999997,48626.321009999992,0.090693560683478197,2225.2765664992894,43063.129593751772,4.4100941953347252,100909.12766066265,,2021-02-28 20:00:00+00:00,2021-02-28 16:00:00+00:00,43063.129593751772,43041.598028954897,3.9035957827528964,4.1567194036199986,-506.49841258182863,-514.8121025599163,-0.11661832649724753,31,STOP
meanrev_rsi_v0.1,SOLUSDT,2021-04-18 08:00:00+00:00,2021-04-18 08:00:00+00:00,1300,27.2438,27.257421899999997,133.74832847186352,1.501242171848489,23.504316470378775,3.6456346175773655,100394.31555810274,2021-04-18 16:00:00+00:00,2021-04-18 16:00:00+00:00,2021-04-18 16:00:00+00:00,28.123699999999999,28.109638150000002,3.7596171165114263,3.7026552883321804,113.98249893406043,106.57724719997164,0.029205004777549851,3,SIGNAL
meanrev_rsi_v0.1,ETHUSDT,2021-09-08 12:00:00+00:00,2021-09-08 12:00:00+00:00,2159,3406.2600000000002,3407.9631300000001,1.5110710556761977,133.01941351835237,3075.4145962041193,5.1496744445546589,100500.8928053027,2021-09-12 12:00:00+00:00,2021-09-12 12:00:00+00:00,2021-09-12 12:00:00+00:00,3438.0500000000002,3436.3309750000003,5.1925402740460687,5.1711193685371972,42.865829491409073,32.523614772808344,0.0063093548920390048,25,SIGNAL
meanrev_rsi_v0.1,SOLUSDT,2021-11-17 08:00:00+00:00,2021-11-17 08:00:00+00:00,2578,214.81999999999999,214.92740999999998,27.817399883763144,7.228095856561799,196.85717035859548,5.9787217099515129,100533.41642007552,,2021-11-18 16:00:00+00:00,2021-11-18 12:00:00+00:00,196.85717035859548,196.7587417734162,5.4733166005372107,5.7258942354396565,-505.40510941430267,-516.85714772479139,-0.086363077588714365,8,STOP
meanrev_rsi_v0.1,BTCUSDT,2022-04-01 08:00:00+00:00,2022-04-01 08:00:00+00:00,3388,45015.68,45038.187839999999,0.28511051361258599,701.59853458266548,43284.191503543334,12.840860867242526,100016.55927235073,2022-04-01 16:00:00+00:00,2022-04-01 16:00:00+00:00,2022-04-01 16:00:00+00:00,46531.989999999998,46508.724005000004,13.260126188531558,13.05060160686568,419.26532128903392,393.16433423325986,0.03058763479577627,3,SIGNAL
meanrev_rsi_v0.1,ETHUSDT,2022-04-07 08:00:00+00:00,2022-04-07 08:00:00+00:00,3424,3225.1100000000001,3226.7225549999998,2.944834186685712,68.248336961707039,3056.1017125957324,9.5021628909138673,100490.01793464048,2022-04-10 20:00:00+00:00,2022-04-10 20:00:00+00:00,2022-04-10 20:00:00+00:00,3291.6900000000001,3290.044155,9.6886345033495047,9.5954477138958705,186.4716124356386,167.28081504137523,0.017586911870331356,22,SIGNAL
meanrev_rsi_v0.1,BTCUSDT,2022-04-07 12:00:00+00:00,2022-04-07 12:00:00+00:00,3425,43766.75,43788.633374999998,0.27175860125189705,740.43528700847332,41937.545157478817,11.899937756722135,100609.8289574848,,2022-04-11 00:00:00+00:00,2022-04-10 20:00:00+00:00,41937.545157478817,41916.57638490008,11.391190167628746,11.645439686636816,-508.74758909339022,-532.03871701774119,-0.044664705032401629,21,STOP
meanrev_rsi_v0.1,SOLUSDT,2022-04-07 04:00:00+00:00,2022-04-07 04:00:00+00:00,3423,113.78,113.83689,38.803156368512177,5.1753379365841514,100.89854515853962,4.4172306431751203,100409.72360658398,,2022-04-11 20:00:00+00:00,2022-04-11 16:00:00+00:00,100.89854515853962,100.84809588596036,3.9132244341296296,4.1651025783751061,-504.00620904549055,-512.33666412279524,-0.11587007349827,28,STOP
meanrev_rsi_v0.1,ETHUSDT,2022-07-27 00:00:00+00:00,2022-07-27 00:00:00+00:00,4088,1449.1199999999999,1449.8445599999998,3.5408841424013224,56.219082600643773,1309.2968534983904,5.1337316114508225,99532.629040484826,2022-07-27 16:00:00+00:00,2022-07-27 16:00:00+00:00,2022-07-27 16:00:00+00:00,1489.2,1488.4554000000001,5.2704481225316178,5.2021253466498818,136.71651108079567,126.31233134681322,0.024579809532729095,5,SIGNAL
meanrev_rsi_v0.1,SOLUSDT,2023-02-07 04:00:00+00:00,2023-02-07 04:00:00+00:00,5259,23.059999999999999,23.071529999999999,319.27318402888409,0.62428632504767867,21.510814187380802,7.36612084351792,99658.941371831635,2023-02-08 00:00:00+00:00,2023-02-08 00:00:00+00:00,2023-02-08 00:00:00+00:00,23.82,23.80809,7.6012846999462358,7.4837634336372965,235.16385642831511,220.19645088485095,0.029863272553289244,6,SIGNAL
meanrev_rsi_v0.1,ETHUSDT,2023-02-10 08:00:00+00:00,2023-02-10 08:00:00+00:00,5278,1551.7,1552.47585,7.0826443009459528,28.203911866469618,1481.9660703338259,10.995634231358725,99879.137822716482,,2023-02-13 12:00:00+00:00,2023-02-13 08:00:00+00:00,1481.9660703338259,1481.225087298659,10.490990422974019,10.743188852011274,-504.64380838470561,-526.13043303903839,-0.047801228846976559,19,STOP
meanrev_rsi_v0.1,ETHUSDT,2023-04-20 04:00:00+00:00,2023-04-20 04:00:00+00:00,5691,1949.71,1950.684855,5.7578740827175556,34.510309173967066,1864.4090820650822,11.231797770154154,99353.007389677441,,2023-04-21 20:00:00+00:00,2023-04-21 16:00:00+00:00,1864.4090820650822,1863.4768775240498,10.729665216839162,10.980608705509507,-502.13255331498999,-524.09401630198329,-0.04661501716558606,10,STOP
meanrev_rsi_v0.1,SOLUSDT,2023-07-24 20:00:00+00:00,2023-07-24 20:00:00+00:00,6265,23.309999999999999,23.321654999999996,282.38478393505653,0.6999591974906435,21.571757006273387,6.5856805081829295,98828.913373375457,2023-07-26 16:00:00+00:00,2023-07-26 16:00:00+00:00,2023-07-26 16:00:00+00:00,24.920000000000002,24.907540000000004,7.0335103012537799,6.8097090645924139,447.82979307084946,434.21060226141276,0.065866667066067724,12,SIGNAL
meanrev_rsi_v0.1,BTCUSDT,2023-10-11 12:00:00+00:00,2023-10-11 12:00:00+00:00,6737,27196.259999999998,27209.858129999997,0.81128097972801805,244.7071395878524,26598.090281030367,22.074840361966775,99263.123975636874,,2023-10-11 20:00:00+00:00,2023-10-11 16:00:00+00:00,26598.090281030367,26584.791235889854,21.567735479717548,21.821166599910288,-507.10488224922614,-550.74745809091041,-0.024924178467810226,2,STOP
meanrev_rsi_v0.1,SOLUSDT,2023-10-13 08:00:00+00:00,2023-10-13 08:00:00+00:00,6748,21.399999999999999,21.410699999999999,455.19221612075359,0.43371733092799419,20.326406672680012,9.7459839816966181,98712.37651754597,2023-10-14 04:00:00+00:00,2023-10-14 04:00:00+00:00,2023-10-14 04:00:00+00:00,22.039999999999999,22.028980000000001,10.027420225079759,9.8867749341420428,281.43624338314049,261.66283917636412,0.026821451608123794,6,SIGNAL
meanrev_rsi_v0.1,BTCUSDT,2023-11-15 00:00:00+00:00,2023-11-15 00:00:00+00:00,6944,35551.199999999997,35568.975599999998,0.40315484476829461,490.99764341716264,34341.481491457089,14.339804836585257,98974.039356722336,2023-11-15 16:00:00+00:00,2023-11-15 16:00:00+00:00,2023-11-15 16:00:00+00:00,36402.43,36384.228784999999,14.668478107830792,14.504227266583381,328.67327124553333,299.66498830111732,0.020876547909122516,5,SIGNAL
meanrev_rsi_v0.1,SOLUSDT,2023-11-22 04:00:00+00:00,2023-11-22 04:00:00+00:00,6987,54.359999999999999,54.387179999999994,72.133078527360297,2.7525153888272951,47.505891527931759,3.9231147258216787,99273.704345023463,2023-11-22 20:00:00+00:00,2023-11-22 20:00:00+00:00,2023-11-22 20:00:00+00:00,57.329999999999998,57.301335000000002,4.1333216972775793,4.0282717703597735,210.20697145590023,202.15053503280097,0.051476594634651526,5,SIGNAL
meanrev_rsi_v0.1,BTCUSDT,2023-12-12 00:00:00+00:00,2023-12-12 00:00:00+00:00,7106,41253.410000000003,41274.036704999999,0.2974975890202507,668.75066253585624,39602.160048660357,12.278926408870833,99475.854880056257,2023-12-13 20:00:00+00:00,2023-12-13 20:00:00+00:00,2023-12-13 20:00:00+00:00,42734.010000000002,42712.642995000002,12.706908311695202,12.493027479014161,427.9819028243686,402.99606810380254,0.032787351371234078,12,SIGNAL
meanrev_rsi_v0.1,ETHUSDT,2023-12-12 00:00:00+00:00,2023-12-12 00:00:00+00:00,7106,2225.1100000000001,2226.2225549999998,4.871684398208604,40.838382271493252,2124.1265993212669,10.845453688133595,99475.854880056257,2023-12-13 20:00:00+00:00,2023-12-13 20:00:00+00:00,2023-12-13 20:00:00+00:00,2253.04,2251.9134800000002,10.970611766631645,10.908066743916505,125.15807849804901,103.34201304328376,0.009519083040479168,12,SIGNAL
meanrev_rsi_v0.1,ETHUSDT,2024-03-17 04:00:00+00:00,2024-03-17 04:00:00+00:00,7683,3571.4899999999998,3573.2757449999995,1.9721546449282117,101.39386707662854,3319.7910773084282,7.0470523581110651,99982.192961203327,,2024-03-19 08:00:00+00:00,2024-03-19 04:00:00+00:00,3319.7910773084282,3318.1311817697742,6.5438678226083971,6.7953359930586545,-503.1845355026685,-516.77545568338792,-0.073258884743873584,13,STOP
meanrev_rsi_v0.1,BTCUSDT,2024-03-19 16:00:00+00:00,2024-03-19 16:00:00+00:00,7698,64051.849999999999,64083.875924999993,0.11335265085938701,1754.9729406664858,59696.443573333781,7.2640772134428007,99465.41750551993,2024-03-20 20:00:00+00:00,2024-03-20 20:00:00+00:00,2024-03-20 20:00:00+00:00,65784.470000000001,65751.577765000009,7.45311563784988,7.358645524912296,189.03842440707911,174.32123155578643,0.023973738074953406,8,SIGNAL
meanrev_rsi_v0.1,BTCUSDT,2024-04-02 20:00:00+00:00,2024-04-02 20:00:00+00:00,7783,65914.910000000003,65947.867455,0.16921493803618065,1177.6707174135095,63003.690661466229,11.15936430501608,99639.738737075721,2024-04-04 16:00:00+00:00,2024-04-04 16:00:00+00:00,2024-04-04 16:00:00+00:00,67648,67614.176000000007,11.441328602207413,11.300419769789187,281.96429719133454,259.36360428411103,0.023218571658948396,12,SIGNAL
meanrev_rsi_v0.1,SOLUSDT,2024-08-01 12:00:00+00:00,2024-08-01 12:00:00+00:00,8507,169.69,169.774845,44.251392583584412,4.5150715721619399,158.48716606959516,7.5127733169121935,99899.10234135983,,2024-08-01 20:00:00+00:00,2024-08-01 16:00:00+00:00,158.48716606959516,158.40792248656038,7.0097711663027926,7.2611483063562572,-503.00215060940064,-517.52469509261562,-0.068817155209696182,2,STOP
meanrev_rsi_v0.1,SOLUSDT,2024-08-02 00:00:00+00:00,2024-08-02 00:00:00+00:00,8510,167.37,167.45368500000001,40.289809127298049,4.9333357391823434,155.12034565204414,6.7466770063126926,99381.577646267222,,2024-08-02 16:00:00+00:00,2024-08-02 12:00:00+00:00,155.12034565204414,155.04278547921811,6.246644233522316,6.496537235858864,-500.03277279037746,-513.02609403021245,-0.075965335226544403,4,STOP
meanrev_rsi_v0.1,BTCUSDT,2024-10-02 04:00:00+00:00,2024-10-02 04:00:00+00:00,8877,61750.459999999999,61781.335229999997,0.23738780456935238,832.97077313297928,59698.908297167553,14.666135533612884,98868.551552237011,2024-10-04 20:00:00+00:00,2024-10-04 20:00:00+00:00,2024-10-04 20:00:00+00:00,62368,62336.816000000006,14.797999894083679,14.732104362962509,131.86436047079556,102.400225043099,0.0069751112610086964,17,SIGNAL
meanrev_rsi_v0.1,ETHUSDT,2024-12-10 08:00:00+00:00,2024-12-10 08:00:00+00:00,9292,3734.54,3736.4072699999997,2.2025697482546329,89.868619920624056,3511.7357201984396,8.22969762006068,98970.951777280105,2024-12-11 16:00:00+00:00,2024-12-11 16:00:00+00:00,2024-12-11 16:00:00+00:00,3787.3400000000001,3785.4463300000002,8.3377095700995252,8.2837326690000399,108.01195003884499,91.44454284868479,0.011100430887806078,9,SIGNAL
meanrev_rsi_v0.1,ETHUSDT,2024-12-19 04:00:00+00:00,2024-12-19 04:00:00+00:00,9345,3668.9000000000001,3670.7344499999999,2.3481739690432941,84.373983892249115,3459.7994902693772,8.6195230827604536,99062.396320128784,,2024-12-19 20:00:00+00:00,2024-12-19 16:00:00+00:00,3459.7994902693772,3458.0695905242428,8.120148995609231,8.3697132880902814,-499.37408715122297,-516.11375922959269,-0.059817481329071491,4,STOP
meanrev_rsi_v0.1,BTCUSDT,2024-12-20 00:00:00+00:00,2024-12-20 00:00:00+00:00,9350,97461.860000000001,97510.590929999991,0.10330598472323668,1907.852344177561,92740.960069556095,10.07342761696836,98546.282560899199,,2024-12-20 12:00:00+00:00,2024-12-20 08:00:00+00:00,92740.960069556095,92694.589589521318,9.5759058560617838,9.8245448122099557,-497.52176090657719,-517.17109437960733,-0.051288842247635767,3,STOP
meanrev_rsi_v0.1,BTCUSDT,2024-12-20 16:00:00+00:00,2024-12-20 16:00:00+00:00,9354,96991.630000000005,97040.125814999992,0.087836048717611512,2232.0929253472741,91459.893501631799,8.52362121864949,98029.111466519593,2024-12-24 16:00:00+00:00,2024-12-24 16:00:00+00:00,2024-12-24 16:00:00+00:00,98299.990000000005,98250.840005000005,8.6299655692254351,8.5768221242295173,106.34435057594473,89.190763788069802,0.010453498558921345,25,SIGNAL
meanrev_rsi_v0.1,BTCUSDT,2025-01-27 16:00:00+00:00,2025-01-27 16:00:00+00:00,9582,101112.03,101162.58601499999,0.11111496518569094,1766.0681811191898,96747.415562202019,11.24067722315119,98118.302230307658,2025-01-29 08:00:00+00:00,2025-01-29 08:00:00+00:00,2025-01-29 08:00:00+00:00,102755.81,102704.432095,11.411999396652085,11.326383972040546,171.32217350089439,148.66949688109113,0.013212813868482371,11,SIGNAL
meanrev_rsi_v0.1,ETHUSDT,2025-06-06 04:00:00+00:00,2025-06-06 04:00:00+00:00,10359,2455.6999999999998,2456.9278499999996,3.6048204872565361,54.519758792191759,2320.6284530195203,8.856783849391153,98266.971727188764,2025-06-08 20:00:00+00:00,2025-06-08 20:00:00+00:00,2025-06-08 20:00:00+00:00,2532.5599999999999,2531.2937200000001,9.1248594611198097,8.9908909218796538,268.07561172865815,250.0939684181472,0.028209350994947056,17,SIGNAL
meanrev_rsi_v0.1,BTCUSDT,2025-06-13 08:00:00+00:00,2025-06-13 08:00:00+00:00,10402,104895.00999999999,104947.45750499998,0.16909610782969961,1165.2197908047133,102034.4080279882,17.746206590718295,98517.0656956069,2025-06-16 04:00:00+00:00,2025-06-16 04:00:00+00:00,2025-06-16 04:00:00+00:00,105921.85000000001,105868.88907500001,17.902017082836707,17.824155245436181,155.81049211841443,120.16226844485944,0.0067643879611671972,18,SIGNAL
meanrev_rsi_v0.1,ETHUSDT,2025-08-02 04:00:00+00:00,2025-08-02 04:00:00+00:00,10701,3528.79,3530.5543949999997,2.4482363907038698,80.578189539690214,3329.1089211507742,8.6436317491984855,98637.227964051752,2025-08-04 16:00:00+00:00,2025-08-04 16:00:00+00:00,2025-08-04 16:00:00+00:00,3648.8899999999999,3647.0655550000001,8.9288786110336069,8.7863286884122953,285.24686183512222,267.6743514748901,0.03093687379210204,16,SIGNAL
meanrev_rsi_v0.1,SOLUSDT,2025-09-23 08:00:00+00:00,2025-09-23 08:00:00+00:00,11014,219,219.1095,41.184019193978671,4.8030718832797685,207.10182029180058,9.0238098535830691,98904.902315526633,,2025-09-24 08:00:00+00:00,2025-09-24 04:00:00+00:00,207.10182029180058,206.99826938165469,8.5250206993344353,8.7742927727425997,-498.7891542486351,-516.33798480155258,-0.057162348388147502,6,STOP
meanrev_rsi_v0.1,SOLUSDT,2026-09-11 04:00:00+00:00,2026-09-11 04:00:00+00:00,13131,99.319999999999993,99.369659999999982,113.43805271915538,1.734665960360072,95.032995099099807,11.272300729764543,98388.564330725072,2026-09-11 20:00:00+00:00,2026-09-11 20:00:00+00:00,2026-09-11 20:00:00+00:00,102.02,101.96899000000001,11.567163663339029,11.419808767235059,294.86293357448477,272.02346918138119,0.024107919401613911,5,SIGNAL
meanrev_rsi_v0.1,BTCUSDT,2026-09-11 04:00:00+00:00,2026-09-11 04:00:00+00:00,13131,76891.809999999998,76930.255904999998,0.25806046149829109,762.52335409681973,75023.947519757945,19.852657342025935,98388.564330725072,2026-09-14 04:00:00+00:00,2026-09-14 04:00:00+00:00,2026-09-14 04:00:00+00:00,77596.320000000007,77557.521840000016,20.014529878694194,19.933639061901847,161.8725366682616,122.00534944754148,0.0061394030976168494,19,SIGNAL
meanrev_bollinger_v0.1,ETHUSDT,2020-10-16 12:00:00+00:00,2020-10-16 12:00:00+00:00,197,369.94,370.12496999999996,29.441488739972026,6.7931347414665426,353.14213314633361,10.897030136637483,100000,2020-10-18 08:00:00+00:00,2020-10-18 08:00:00+00:00,2020-10-18 08:00:00+00:00,373.95999999999998,373.77301999999997,11.004434159635339,10.950761736831707,107.40402299785531,85.502558701582487,0.0078385707379882309,12,SIGNAL
meanrev_bollinger_v0.1,ETHUSDT,2020-10-25 20:00:00+00:00,2020-10-25 20:00:00+00:00,253,408.10000000000002,408.30405000000002,29.639023808668291,6.7536301603449145,391.41997459913773,12.10173345912569,100085.50255870158,,2020-10-26 20:00:00+00:00,2020-10-26 16:00:00+00:00,391.41997459913773,391.22426461183818,11.595505293359016,11.848495781324194,-506.2281657666735,-529.92540451915818,-0.043745469217175662,6,STOP
meanrev_bollinger_v0.1,ETHUSDT,2020-10-27 04:00:00+00:00,2020-10-27 04:00:00+00:00,261,392.91000000000003,393.10645499999998,27.915455759519002,7.1326492400350361,375.27483189991239,10.973745853333847,99555.577154182436,2020-10-27 16:00:00+00:00,2020-10-27 16:00:00+00:00,2020-10-27 16:00:00+00:00,405.98000000000002,405.77701000000002,11.3274501708849,11.150689225859878,353.70431755105329,331.40312152683452,0.030169465732321182,4,SIGNAL
meanrev_bollinger_v0.1,ETHUSDT,2020-10-28 16:00:00+00:00,2020-10-28 16:00:00+00:00,270,387.54000000000002,387.73376999999999,25.345752306301005,7.8819503219777918,368.0288941950555,9.8274040952082835,99886.980275709269,2020-10-31 12:00:00+00:00,2020-10-31 12:00:00+00:00,2020-10-31 12:00:00+00:00,390.31,390.114845,9.8877542323810079,9.8575967157274089,60.350137172725915,40.634978845136622,0.0041307332096447782,18,SIGNAL
meanrev_bollinger_v0.1,ETHUSDT,2020-11-16 00:00:00+00:00,2020-11-16 00:00:00+00:00,380,448.06999999999999,448.29403499999995,20.857220241454296,9.5820645414622927,424.33887364634421,9.350167420925219,99927.615254554403,2020-11-16 20:00:00+00:00,2020-11-16 20:00:00+00:00,2020-11-16 20:00:00+00:00,462.13,461.89893499999999,9.6339278165881819,9.492120931884994,283.76039566296248,264.77630042544905,0.028289524318553669,6,SIGNAL
meanrev_bollinger_v0.1,BTCUSDT,2020-11-27 00:00:00+00:00,2020-11-27 00:00:00+00:00,446,17149.470000000001,17158.044734999999,0.35623559927554832,562.50633995442445,15751.778885113938,6.1123063485693914,100192.39155497984,2020-11-28 16:00:00+00:00,2020-11-28 16:00:00+00:00,2020-11-28 16:00:00+00:00,17517.040000000001,17508.281480000001,6.2370731453127846,6.174722482320087,124.7667967433931,112.41741724951092,0.018373606578744043,11,SIGNAL
meanrev_bollinger_v0.1,ETHUSDT,2020-11-27 00:00:00+00:00,2020-11-27 00:00:00+00:00,446,519.83000000000004,520.08991500000002,8.6283929259314949,23.223882457616146,462.03020885595964,4.4875401434343134,100192.39155497984,2020-11-28 16:00:00+00:00,2020-11-28 16:00:00+00:00,2020-11-28 16:00:00+00:00,533.50999999999999,533.243245,4.6010322429587553,4.5443157023000582,113.49209952444237,104.4035271380493,0.023241959865860716,11,SIGNAL
meanrev_bollinger_v0.1,ETHUSDT,2020-12-05 04:00:00+00:00,2020-12-05 04:00:00+00:00,495,576,576.28800000000001,11.168511661902164,17.980768707415436,531.33607823146144,6.4362792486142748,100409.21249936739,2020-12-06 00:00:00+00:00,2020-12-06 00:00:00+00:00,2020-12-06 00:00:00+00:00,596.82000000000005,596.52159000000006,6.6622583344914217,6.5493269236560563,225.97908587714755,212.88054829404186,0.033042053055640098,6,SIGNAL
meanrev_bollinger_v0.1,BTCUSDT,2020-12-08 20:00:00+00:00,2020-12-08 20:00:00+00:00,517,18795.740000000002,18805.137870000002,0.63122581498710961,318.81488576228855,18008.10065559428,11.870288477935711,100622.09304766143,,2020-12-09 08:00:00+00:00,2020-12-09 04:00:00+00:00,18008.10065559428,17999.096605266484,11.361494423691054,11.615767156241324,-508.7940542446554,-532.02583714628213,-0.044775183332015162,3,STOP
meanrev_bollinger_v0.1,BTCUSDT,2020-12-09 12:00:00+00:00,2020-12-09 12:00:00+00:00,521,18244.939999999999,18254.062469999997,0.55240973003929417,362.37619204641999,17348.121989883948,10.083721721173109,100090.06721051515,2020-12-12 04:00:00+00:00,2020-12-12 04:00:00+00:00,2020-12-12 04:00:00+00:00,18282.009999999998,18272.868995000001,10.09411062857134,10.088921294327246,10.388907398229227,-9.7889249515152219,-0.0009697952875053989,17,SIGNAL
meanrev_bollinger_v0.1,ETHUSDT,2020-12-09 12:00:00+00:00,2020-12-09 12:00:00+00:00,521,561.88999999999999,562.17094499999996,13.616451634531522,14.701343624162003,525.41758593959491,7.6547734829313798,100090.06721051515,2020-12-12 08:00:00+00:00,2020-12-12 08:00:00+00:00,2020-12-12 08:00:00+00:00,558.95000000000005,558.67052500000011,7.6071101833008354,7.6309318250229055,-47.663299630544778,-62.925183296776993,-0.0082121725895575679,18,SIGNAL
meanrev_bollinger_v0.1,ETHUSDT,2020-12-22 00:00:00+00:00,2020-12-22 00:00:00+00:00,596,607.67999999999995,607.98383999999987,12.026612920668004,16.632671852335882,566.40216036916013,7.311986305701347,100017.35310226686,2020-12-23 00:00:00+00:00,2020-12-23 00:00:00+00:00,2020-12-23 00:00:00+00:00,636.40999999999997,636.09179500000005,7.6500298004779044,7.4810944342350485,338.04349477655694,323.08147867037769,0.044141045463770061,7,SIGNAL
meanrev_bollinger_v0.1,ETHUSDT,2020-12-24 08:00:00+00:00,2020-12-24 08:00:00+00:00,610,580.49000000000001,580.78024499999992,9.9702418692875305,20.127984034174194,530.46028491456445,5.7905195155540694,100340.43458093723,2020-12-25 00:00:00+00:00,2020-12-25 00:00:00+00:00,2020-12-25 00:00:00+00:00,612.30999999999995,612.00384499999996,6.1018263595839555,5.9462522508421181,311.30684402988646,299.4144981547484,0.051656052961830894,5,SIGNAL
meanrev_bollinger_v0.1,BTCUSDT,2021-01-11 00:00:00+00:00,2021-01-11 00:00:00+00:00,716,38150.019999999997,38169.095009999997,0.11246811162063176,1789.660155734847,33694.944620662878,4.292806038043179,100639.84907909199,,2021-01-11 04:00:00+00:00,2021-01-11 00:00:00+00:00,33694.944620662878,33678.09714835255,3.7877119892513949,4.0401337501682111,-505.09404879178368,-513.17456681907822,-0.11942349604685483,1,STOP
meanrev_bollinger_v0.1,SOLUSDT,2021-01-11 20:00:00+00:00,2021-01-11 20:00:00+00:00,721,2.8578999999999999,2.8593289499999996,623.19336088928662,0.32133421437415122,2.0559934140646217,1.7819148182385347,100126.6745122729,2021-01-12 04:00:00+00:00,2021-01-12 04:00:00+00:00,2021-01-12 04:00:00+00:00,3.2709999999999999,3.2693645,2.0374462507271223,1.9097448947769646,255.53143248858734,251.71207141962168,0.14111819949810375,3,SIGNAL
meanrev_bollinger_v0.1,BTCUSDT,2021-01-12 00:00:00+00:00,2021-01-12 00:00:00+00:00,722,35410.370000000003,35428.075185000002,0.087981172652647197,2279.4848325844227,29729.363103538944,3.1170035996024508,100275.87430735034,2021-01-13 20:00:00+00:00,2021-01-13 20:00:00+00:00,2021-01-13 20:00:00+00:00,36002.239999999998,35984.238879999997,3.1659355336753796,3.1414825849930534,48.931934072928833,42.648994939651004,0.01366902128587019,12,SIGNAL
meanrev_bollinger_v0.1,ETHUSDT,2021-01-12 00:00:00+00:00,2021-01-12 00:00:00+00:00,722,1087,1087.5435,2.2272390470457792,90.04500387181767,862.43099032045575,2.4222193485608314,100275.87430735034,2021-01-13 20:00:00+00:00,2021-01-13 20:00:00+00:00,2021-01-13 20:00:00+00:00,1102.02,1101.4689900000001,2.453234743638077,2.4377354093818533,31.01539507724571,26.139940985046803,0.010780950607716234,12,SIGNAL
meanrev_bollinger_v0.1,SOLUSDT,2021-01-15 20:00:00+00:00,2021-01-15 20:00:00+00:00,745,3.1615000000000002,3.1630807500000002,809.39461068591356,0.24820322298537234,2.5425726925365693,2.5601805122143579,100447.17551961722,2021-01-16 04:00:00+00:00,2021-01-16 04:00:00+00:00,2021-01-16 04:00:00+00:00,3.4506999999999999,3.4489746500000003,2.7915814941023349,2.6759395223884117,231.40098188797754,226.04921988166086,0.088206044615914983,3,SIGNAL
meanrev_bollinger_v0.1,BTCUSDT,2021-01-20 20:00:00+00:00,2021-01-20 20:00:00+00:00,775,35197.120000000003,35214.718560000001,0.13934272190941749,1444.9728462307994,31602.286444423004,4.9069147354244826,100673.22473949888,,2021-01-21 16:00:00+00:00,2021-01-21 12:00:00+00:00,31602.286444423004,31586.485301200795,4.4013468374211255,4.6540055579490485,-505.5678980033573,-514.87615957620289,-0.10482387111092294,5,STOP
meanrev_bollinger_v0.1,SOLUSDT,2021-01-21 20:00:00+00:00,2021-01-21 20:00:00+00:00,781,3.3153999999999999,3.3170576999999999,928.0013483534874,0.2158581962356613,2.7774122094108469,3.0782340181663175,100158.34857992268,,2021-01-22 04:00:00+00:00,2021-01-22 00:00:00+00:00,2.7774122094108469,2.7760235033061416,2.5761535541290717,2.827068972798815,-502.08046403724643,-507.73485160954181,-0.16477877282628051,2,STOP
meanrev_bollinger_v0.1,SOLUSDT,2021-01-22 04:00:00+00:00,2021-01-22 04:00:00+00:00,783,3.1585999999999999,3.1601792999999998,812.67330989007235,0.2447235221026843,2.5483704947432892,2.5681933715770922,99440.13735757237,2021-01-23 04:00:00+00:00,2021-01-23 04:00:00+00:00,2021-01-23 04:00:00+00:00,3.4186999999999999,3.4169906500000002,2.7768971013989301,2.672598080569629,208.70372982183818,203.35863934886217,0.079104434312998087,7,SIGNAL
meanrev_bollinger_v0.1,ETHUSDT,2021-01-22 04:00:00+00:00,2021-01-22 04:00:00+00:00,783,1160.6500000000001,1161.230325,2.5313485029119178,78.566927661823058,964.81300584544238,2.9394786447246699,99440.13735757237,2021-01-23 08:00:00+00:00,2021-01-23 08:00:00+00:00,2021-01-23 08:00:00+00:00,1259.6099999999999,1258.9801949999999,3.186917631809004,3.063260763828636,247.43898708433426,241.3125908078006,0.082011658673265306,8,SIGNAL
meanrev_bollinger_v0.1,BTCUSDT,2021-01-21 20:00:00+00:00,2021-01-21 20:00:00+00:00,781,32468.66,32484.894329999999,0.13372245801424493,1498.0034029774295,28739.885822556425,4.3439599181406088,100158.34857992268,2021-01-24 08:00:00+00:00,2021-01-24 08:00:00+00:00,2021-01-24 08:00:00+00:00,32797.209999999999,32780.811395000004,4.3835306754407695,4.363756280418305,39.570757300161766,30.84326670658039,0.0070931718600011967,16,SIGNAL
meanrev_bollinger_v0.1,ETHUSDT,2021-02-07 20:00:00+00:00,2021-02-07 20:00:00+00:00,883,1565.6400000000001,1566.42282,3.1694791334214587,63.181440236894716,1408.4692194077631,4.9647444421051983,100126.12822517638,2021-02-08 12:00:00+00:00,2021-02-08 12:00:00+00:00,2021-02-08 12:00:00+00:00,1660.6300000000001,1659.7996850000002,5.2607004672670108,5.1127977218912832,295.9560251618131,285.73058025244092,0.057494426640877901,5,SIGNAL
meanrev_bollinger_v0.1,ETHUSDT,2021-02-15 08:00:00+00:00,2021-02-15 08:00:00+00:00,928,1749.6800000000001,1750.55484,3.5643392426832121,56.342481435543377,1609.6986364111415,6.2395713126810319,100411.85880542881,2021-02-15 16:00:00+00:00,2021-02-15 16:00:00+00:00,2021-02-15 16:00:00+00:00,1810.3199999999999,1809.4148400000001,6.449368320505366,6.3445238519752101,209.79700782433432,197.10806819114794,0.031558443227328807,3,SIGNAL
meanrev_bollinger_v0.1,SOLUSDT,2021-02-15 08:00:00+00:00,2021-02-15 08:00:00+00:00,928,8.2909000000000006,8.2950454499999999,439.01002253704917,0.45744677183061261,7.1514285204234689,3.6416080899503473,100411.85880542881,2021-02-15 20:00:00+00:00,2021-02-15 20:00:00+00:00,2021-02-15 20:00:00+00:00,9.1941000000000006,9.1895029500000014,4.0342838971837809,3.8380451220295129,392.67580723343332,384.99991524629917,0.10561688420227477,4,SIGNAL
meanrev_bollinger_v0.1,SOLUSDT,2021-02-17 08:00:00+00:00,2021-02-17 08:00:00+00:00,940,7.9603000000000002,7.9642801499999996,442.60611428423596,0.45636046827861587,6.8233789793034596,3.5250390902625717,100993.96678886625,2021-02-18 04:00:00+00:00,2021-02-18 04:00:00+00:00,2021-02-18 04:00:00+00:00,8.4598999999999993,8.4556700500000002,3.7425312645000912,3.6338404588839728,217.49217423751955,210.2246038827569,0.059577946205929863,6,SIGNAL
meanrev_bollinger_v0.1,ETHUSDT,2021-02-22 08:00:00+00:00,2021-02-22 08:00:00+00:00,970,1886.6099999999999,1887.5533049999999,3.5340996835085048,57.272969330778906,1744.3708816730527,6.6708015378059322,101204.19139274901,,2021-02-22 16:00:00+00:00,2021-02-22 12:00:00+00:00,1744.3708816730527,1743.4986962322164,6.1616981905517667,6.4161241923724832,-509.10334725416521,-521.93584698252289,-0.07816368536748125,2,STOP
meanrev_bollinger_v0.1,ETHUSDT,2021-02-23 00:00:00+00:00,2021-02-23 00:00:00+00:00,974,1777.4200000000001,1778.30871,2.8228629531567573,71.333435038477745,1599.9751224038057,5.019921776734984,100682.2555457665,,2021-02-23 08:00:00+00:00,2021-02-23 04:00:00+00:00,1599.9751224038057,1599.1751348426039,4.5142522437566486,4.7669617846024641,-505.66953297833504,-515.20370699882665,-0.10252929046946337,2,STOP
meanrev_bollinger_v0.1,BTCUSDT,2021-02-23 16:00:00+00:00,2021-02-23 16:00:00+00:00,978,48602.019999999997,48626.321009999992,0.090026609138608105,2225.2765664992894,43063.129593751772,4.3776627954157563,100167.05183876769,2021-02-25 16:00:00+00:00,2021-02-25 16:00:00+00:00,2021-02-25 16:00:00+00:00,50850,50824.575000000004,4.5755641481608738,4.4766640662917272,197.90135274511681,188.94812580154019,0.043118754288880345,13,SIGNAL
meanrev_bollinger_v0.1,BTCUSDT,2021-02-26 12:00:00+00:00,2021-02-26 12:00:00+00:00,995,46427.650000000001,46450.863825,0.089019283787989276,2254.7024800509471,40814.107624872631,4.1350226290349203,100355.99996456923,2021-03-01 04:00:00+00:00,2021-03-01 04:00:00+00:00,2021-03-01 04:00:00+00:00,46336.379999999997,46313.211810000001,4.1227689452476461,4.1288937559433831,-12.253683787273527,-20.511475361556094,-0.0049554709164823458,17,SIGNAL
meanrev_bollinger_v0.1,SOLUSDT,2021-03-05 00:00:00+00:00,2021-03-05 00:00:00+00:00,1034,13.0649,13.07143245,268.19711059843911,0.74822199437812753,11.200877464054681,3.5057204144726759,100335.48848920767,2021-03-07 00:00:00+00:00,2021-03-07 00:00:00+00:00,2021-03-07 00:00:00+00:00,13.0443,13.037777850000001,3.4966943479943304,3.5012060000179739,-9.0260664783458058,-16.028481240812813,-0.0045675258945169876,13,SIGNAL
meanrev_bollinger_v0.1,ETHUSDT,2021-03-13 00:00:00+00:00,2021-03-13 00:00:00+00:00,1082,1766.1300000000001,1767.0130650000001,3.7256167025866334,53.853881392745919,1632.3783615181353,6.5832133886528013,100319.46000796685,2021-03-13 12:00:00+00:00,2021-03-13 12:00:00+00:00,2021-03-13 12:00:00+00:00,1871.8,1870.8641,6.9701225392297097,6.7767663854202524,386.9091505769087,373.35581464902623,0.056656652275635384,4,SIGNAL
meanrev_bollinger_v0.1,BTCUSDT,2021-03-16 08:00:00+00:00,2021-03-16 08:00:00+00:00,1102,55239.809999999998,55267.429904999997,0.11746361330086333,1714.451190339397,50981.301929151508,6.4919120144934901,100692.81582261587,2021-03-17 20:00:00+00:00,2021-03-17 20:00:00+00:00,2021-03-17 20:00:00+00:00,57867.419999999998,57838.486290000001,6.7939175874758462,6.642991963125561,302.005572982356,288.71974338038666,0.044429331670605254,10,SIGNAL
meanrev_bollinger_v0.1,SOLUSDT,2021-03-16 08:00:00+00:00,2021-03-16 08:00:00+00:00,1102,13.5555,13.56227775,352.07157435931026,0.57200196298638295,12.132272842534043,4.7748924793407443,100692.81582261587,2021-03-17 20:00:00+00:00,2021-03-17 20:00:00+00:00,2021-03-17 20:00:00+00:00,14.164899999999999,14.157817550000001,4.9845651143203735,4.8797824349342438,209.67263497962909,199.913177385968,0.041825751006150373,10,SIGNAL
meanrev_bollinger_v0.1,SOLUSDT,2021-03-21 16:00:00+00:00,2021-03-21 16:00:00+00:00,1134,13.924200000000001,13.9311621,518.2097543795544,0.39050383705928277,12.954902507351793,7.219264090062758,101181.44874338222,2021-03-22 00:00:00+00:00,2021-03-22 00:00:00+00:00,2021-03-22 00:00:00+00:00,14.337199999999999,14.330031399999999,7.4259620520453016,7.3226665762106782,206.69796198254451,192.05273584043647,0.026576237213646957,3,SIGNAL
meanrev_bollinger_v0.1,BTCUSDT,2021-03-21 16:00:00+00:00,2021-03-21 16:00:00+00:00,1134,57159.040000000001,57187.61952,0.14361949408113323,1409.0210996875257,53665.066770781188,8.2132569831667386,101181.44874338222,,2021-03-23 00:00:00+00:00,2021-03-22 20:00:00+00:00,53665.066770781188,53638.234237395802,7.7034960645801043,7.958251073205834,-509.76091858663506,-525.67767163438191,-0.063939618617995145,8,STOP
meanrev_bollinger_v0.1,BTCUSDT,2021-03-23 04:00:00+00:00,2021-03-23 04:00:00+00:00,1143,54683.599999999999,54710.941799999993,0.14385861465396144,1402.040803050528,51205.83979237367,7.8706402937615101,100847.82380758827,2021-03-24 12:00:00+00:00,2021-03-24 12:00:00+00:00,2021-03-24 12:00:00+00:00,56536.080000000002,56507.811960000006,8.1291355456921544,7.9999545435270223,258.49525193064392,242.49547609119026,0.030779353880565297,9,SIGNAL
meanrev_bollinger_v0.1,BTCUSDT,2021-04-04 08:00:00+00:00,2021-04-04 08:00:00+00:00,1216,57614.519999999997,57643.327259999991,0.19400632642101395,1042.1342556046645,55037.99162098833,11.183170164396889,101090.31928367946,2021-04-05 16:00:00+00:00,2021-04-05 16:00:00+00:00,2021-04-05 16:00:00+00:00,59020,58990.490000000005,11.444528258675561,11.313917379536985,261.35809427867031,238.73039585559786,0.021325965754408076,9,SIGNAL
meanrev_bollinger_v0.1,BTCUSDT,2021-04-08 00:00:00+00:00,2021-04-08 00:00:00+00:00,1238,55953.440000000002,55981.416720000001,0.19052645356540371,1062.785936645821,53324.451878385451,10.665940793228597,101244.41770415705,2021-04-08 16:00:00+00:00,2021-04-08 16:00:00+00:00,2021-04-08 16:00:00+00:00,57769,57740.1155,11.001019434671797,10.833566592001988,335.07864144320195,313.4116812153016,0.029354989747500136,5,SIGNAL
meanrev_bollinger_v0.1,ETHUSDT,2021-04-07 20:00:00+00:00,2021-04-07 20:00:00+00:00,1237,1983.6400000000001,1984.6318200000001,3.6547902949844695,55.449993844292862,1846.006835389268,7.2534131148533652,101329.04967953506,2021-04-08 16:00:00+00:00,2021-04-08 16:00:00+00:00,2021-04-08 16:00:00+00:00,2059.4899999999998,2058.460255,7.5232405625852561,7.388396142680314,269.82744773189137,255.05079405445278,0.035127738351843116,6,SIGNAL
meanrev_bollinger_v0.1,SOLUSDT,2021-04-15 00:00:00+00:00,2021-04-15 00:00:00+00:00,1280,26.418199999999999,26.431409099999996,156.87059112854578,1.2991282995970364,23.183588351007405,4.1463107698774238,101897.5121548048,2021-04-15 16:00:00+00:00,2021-04-15 16:00:00+00:00,2021-04-15 16:00:00+00:00,27.264900000000001,27.251267550000001,4.2749224495706573,4.2106498153059118,128.61167969323412,120.19044647378604,0.028958363895439019,5,SIGNAL
meanrev_bollinger_v0.1,BTCUSDT,2021-04-16 16:00:00+00:00,2021-04-16 16:00:00+00:00,1290,61551.620000000003,61582.395810000002,0.16935943383931826,1204.7477992642448,58570.526311839392,10.429559688850405,102017.70260127858,,2021-04-18 04:00:00+00:00,2021-04-18 00:00:00+00:00,58570.526311839392,58541.241048683478,9.9145114402560921,10.171909345467407,-515.04824859431358,-535.39231972342009,-0.051282842058322162,9,STOP
meanrev_bollinger_v0.1,SOLUSDT,2021-04-18 08:00:00+00:00,2021-04-18 08:00:00+00:00,1300,27.2438,27.257421899999997,135.19778778476407,1.501242171848489,23.504316470378775,3.6851431415959808,101482.31028155515,2021-04-18 16:00:00+00:00,2021-04-18 16:00:00+00:00,2021-04-18 16:00:00+00:00,28.123699999999999,28.109638150000002,3.8003608933102089,3.742781757585683,115.21775171422813,107.73224767932193,0.029205004777549844,3,SIGNAL
meanrev_bollinger_v0.1,ETHUSDT,2021-04-18 16:00:00+00:00,2021-04-18 16:00:00+00:00,1302,2143.75,2144.8218750000001,2.2078573352015805,92.025912099940257,1914.7570947501495,4.7354607094195575,101590.04252923447,2021-04-20 20:00:00+00:00,2021-04-20 20:00:00+00:00,2021-04-20 20:00:00+00:00,2324.8099999999999,2323.6475949999999,5.1302823870442609,4.9329714868944654,394.82167762470357,384.95593452823977,0.081210971173322863,14,SIGNAL
meanrev_bollinger_v0.1,BTCUSDT,2021-05-04 08:00:00+00:00,2021-05-04 08:00:00+00:00,1396,55917.980000000003,55945.938990000002,0.16203047599778625,1258.7138047432009,52799.154478142002,9.0649471246928091,101974.99846376271,2021-05-05 16:00:00+00:00,2021-05-05 16:00:00+00:00,2021-05-05 16:00:00+00:00,57635.889999999999,57607.072055000004,9.334101305910421,9.1995938037444649,269.15418121761189,250.75513278700865,0.027634427946797189,9,SIGNAL
meanrev_bollinger_v0.1,SOLUSDT,2021-05-04 20:00:00+00:00,2021-05-04 20:00:00+00:00,1399,44.551000000000002,44.573275500000001,89.17334767186415,2.2818047647825654,38.868763588043585,3.9747481930352846,101738.08480463595,2021-05-05 20:00:00+00:00,2021-05-05 20:00:00+00:00,2021-05-05 20:00:00+00:00,45.951000000000001,45.928024500000006,4.0955556966203952,4.0351831554989248,120.80750358511075,112.73719969545508,0.028335021402784735,7,SIGNAL
meanrev_bollinger_v0.1,SOLUSDT,2021-05-07 08:00:00+00:00,2021-05-07 08:00:00+00:00,1414,42.250999999999998,42.272125499999994,107.39305585905832,1.9058679348980121,37.507455662754964,4.5397327351026231,102338.49079624517,2021-05-07 16:00:00+00:00,2021-05-07 16:00:00+00:00,2021-05-07 16:00:00+00:00,44.942,44.919529000000004,4.8240454870595908,4.6819613597586294,284.31275195696759,274.94897373480535,0.060504508847294684,3,SIGNAL
meanrev_bollinger_v0.1,SOLUSDT,2021-05-11 00:00:00+00:00,2021-05-11 00:00:00+00:00,1436,42.868000000000002,42.889434000000001,105.49115064993671,1.945441662884005,38.025829842789989,4.5244557433845172,102613.43976997997,2021-05-12 00:00:00+00:00,2021-05-12 00:00:00+00:00,2021-05-12 00:00:00+00:00,44.579000000000001,44.556710500000001,4.7003386598211172,4.6124423254423705,175.8829164365992,166.65812203339357,0.036798156473610809,7,SIGNAL
meanrev_bollinger_v0.1,SOLUSDT,2021-05-14 00:00:00+00:00,2021-05-14 00:00:00+00:00,1454,41.051000000000002,41.0715255,73.877892012058155,2.7824317963820051,34.115446009044987,3.0342777256594928,102780.09789201338,2021-05-14 16:00:00+00:00,2021-05-14 16:00:00+00:00,2021-05-14 16:00:00+00:00,44.600000000000001,44.577700000000007,3.2933065067459251,3.1638576643618195,259.02878108643256,252.70119685402716,0.083198959004667949,5,SIGNAL
meanrev_bollinger_v0.1,ETHUSDT,2021-05-17 00:00:00+00:00,2021-05-17 00:00:00+00:00,1472,3581.8099999999999,3583.6009049999998,1.0641433368151265,193.64458813835012,3099.4894346541246,3.8134650248604069,103032.7990888674,,2021-05-19 04:00:00+00:00,2021-05-19 00:00:00+00:00,3099.4894346541246,3097.9396899367975,3.2966518789013621,3.5549301373267235,-516.81314595904485,-523.92326286280661,-0.13725046895348569,13,STOP
meanrev_bollinger_v0.1,SOLUSDT,2021-05-20 08:00:00+00:00,2021-05-20 08:00:00+00:00,1492,41.665999999999997,41.686832999999993,36.122501705230327,5.6756243885047351,27.497772028738154,1.5058326961281516,102508.87582600459,,2021-05-23 08:00:00+00:00,2021-05-23 04:00:00+00:00,27.497772028738154,27.484023142723785,0.99279167283962977,1.2491842365239871,-513.04102328852196,-515.5396476574897,-0.34201981691505579,18,STOP
meanrev_bollinger_v0.1,SOLUSDT,2021-06-08 12:00:00+00:00,2021-06-08 12:00:00+00:00,1607,37.259999999999998,37.278629999999993,81.952647825818133,2.4890797035654875,31.055930741086275,3.0550824358189779,101993.33617834709,2021-06-08 20:00:00+00:00,2021-06-08 20:00:00+00:00,2021-06-08 20:00:00+00:00,41.145000000000003,41.124427500000003,3.3702557239458906,3.2127486763912012,315.17328812691267,308.7479499671478,0.10095947226838334,3,SIGNAL
meanrev_bollinger_v0.1,BTCUSDT,2021-08-13 00:00:00+00:00,2021-08-13 00:00:00+00:00,2000,44400.059999999998,44422.260029999998,0.20586481309833182,993.72611950290081,41937.944731242744,9.1449802584814464,102286.62093119761,2021-08-13 08:00:00+00:00,2021-08-13 08:00:00+00:00,2021-08-13 08:00:00+00:00,46103.5,46080.448250000001,9.4863428664736027,9.31574923206656,341.36260799215626,322.73128486720123,0.035255283978573297,3,SIGNAL
meanrev_bollinger_v0.1,ETHUSDT,2021-08-12 20:00:00+00:00,2021-08-12 20:00:00+00:00,1999,3048.5599999999999,3050.0842799999996,2.201366059652285,92.944182254243785,2817.7238243643901,6.7143520130709762,102302.08412831424,2021-08-13 08:00:00+00:00,2021-08-13 08:00:00+00:00,2021-08-13 08:00:00+00:00,3222.9899999999998,3221.3785050000001,7.0914333062004191,6.9029886557045694,377.08129312944317,363.27550781017175,0.054050278345321619,4,SIGNAL
meanrev_bollinger_v0.1,BTCUSDT,2021-08-18 04:00:00+00:00,2021-08-18 04:00:00+00:00,2031,45055.779999999999,45078.307889999996,0.20690201312860149,995.52526689992715,42589.494722750176,9.3267926508719192,102988.09092099161,2021-08-19 16:00:00+00:00,2021-08-19 16:00:00+00:00,2021-08-19 16:00:00+00:00,45779.589999999997,45756.700205000001,9.4671533865363937,9.3970104581392526,140.36073566447331,121.56678962706501,0.013021126214425797,10,SIGNAL
meanrev_bollinger_v0.1,ETHUSDT,2021-08-18 04:00:00+00:00,2021-08-18 04:00:00+00:00,2031,3049.8699999999999,3051.3949349999998,2.3151903775507288,88.967276228872464,2828.9767444278186,7.064560191619031,102988.09092099161,2021-08-19 20:00:00+00:00,2021-08-19 20:00:00+00:00,2021-08-19 20:00:00+00:00,3147.5900000000001,3146.0162050000004,7.2836264454346624,7.1741498786270865,219.06625381563072,204.71806717857703,0.028949226572883426,11,SIGNAL
meanrev_bollinger_v0.1,SOLUSDT,2021-08-25 16:00:00+00:00,2021-08-25 16:00:00+00:00,2076,71.277000000000001,71.312638499999991,55.541194631494172,3.7269536356878405,61.99525441078039,3.9607891346138842,103499.72863114657,2021-08-26 16:00:00+00:00,2021-08-26 16:00:00+00:00,2021-08-26 16:00:00+00:00,74.709999999999994,74.672645000000003,4.1474079095934702,4.0541461903329301,186.61877497958616,178.51057793537879,0.045024423070447989,7,SIGNAL
meanrev_bollinger_v0.1,BTCUSDT,2021-08-25 04:00:00+00:00,2021-08-25 04:00:00+00:00,2073,47975.93,47999.917965000001,0.24087687092041468,857.81897932352456,45855.37051669119,11.562070043845798,103314.37577779725,2021-08-27 16:00:00+00:00,2021-08-27 16:00:00+00:00,2021-08-27 16:00:00+00:00,48184.660000000003,48160.567670000004,11.600766842100487,11.5814310125304,38.696798254688531,15.533961368742244,0.0013421855140962847,16,SIGNAL
meanrev_bollinger_v0.1,BTCUSDT,2021-08-31 08:00:00+00:00,2021-08-31 08:00:00+00:00,2110,47761.260000000002,47785.140630000002,0.24507693479395737,844.70144368439765,45673.387020789007,11.711035794298594,103508.42031710137,2021-09-01 20:00:00+00:00,2021-09-01 20:00:00+00:00,2021-09-01 20:00:00+00:00,48147.25,48123.176375000003,11.793880558533985,11.752481825727049,82.844764235392063,59.339847882559482,0.0050619405795091516,10,SIGNAL
meanrev_bollinger_v0.1,BTCUSDT,2021-09-08 00:00:00+00:00,2021-09-08 00:00:00+00:00,2156,46868.57,46892.004284999995,0.17147163167148397,1207.9871073182005,43872.036516704495,8.0406484870951669,103567.76016498392,2021-09-12 12:00:00+00:00,2021-09-12 12:00:00+00:00,2021-09-12 12:00:00+00:00,46085.910000000003,46062.867045000006,7.8984749716727789,7.969528178385942,-142.17351542238893,-158.11263888115687,-0.019644520519765184,28,SIGNAL
meanrev_bollinger_v0.1,ETHUSDT,2021-09-08 04:00:00+00:00,2021-09-08 04:00:00+00:00,2157,3430.1199999999999,3431.8350599999999,1.7004235290374117,121.71555514498877,3127.5461721375277,5.8355730837995168,103483.99690919476,2021-09-12 12:00:00+00:00,2021-09-12 12:00:00+00:00,2021-09-12 12:00:00+00:00,3438.0500000000002,3436.3309750000003,5.8432180434500705,5.8393989347142155,7.6449596505529538,-4.0338314766966334,-0.00069055799955774436,27,SIGNAL
meanrev_bollinger_v0.1,SOLUSDT,2021-09-13 12:00:00+00:00,2021-09-13 12:00:00+00:00,2189,160.12,160.20006000000001,17.267209965471061,11.977107349873487,130.2572916253163,2.7662080725010618,103405.61369462607,2021-09-16 08:00:00+00:00,2021-09-16 08:00:00+00:00,2021-09-16 08:00:00+00:00,160.72,160.63964000000001,2.7737983926576839,2.7700058226606568,7.5903201566218819,2.0503136914631361,0.00074045963729155173,18,SIGNAL
meanrev_bollinger_v0.1,SOLUSDT,2021-09-17 16:00:00+00:00,2021-09-17 16:00:00+00:00,2214,144.62,144.69230999999999,21.714714420692545,9.5242020691533984,120.8818048271165,3.1419521905203158,103407.66400831753,2021-09-18 08:00:00+00:00,2021-09-18 08:00:00+00:00,2021-09-18 08:00:00+00:00,157.63999999999999,157.56118000000001,3.4213960274873338,3.2817447903985357,279.443836967018,272.88048874901034,0.086763853915612116,5,SIGNAL
meanrev_bollinger_v0.1,ETHUSDT,2021-09-19 16:00:00+00:00,2021-09-19 16:00:00+00:00,2226,3363.3400000000001,3365.0216700000001,2.3696571335957324,87.506789929343938,3146.2546951766403,7.9739476050197249,103680.54449706654,,2021-09-20 08:00:00+00:00,2021-09-20 04:00:00+00:00,3146.2546951766403,3144.6815678290523,7.4518171100931259,7.7127537531203965,-522.130494926599,-537.55625964171179,-0.067346722978622084,4,STOP
meanrev_bollinger_v0.1,SOLUSDT,2021-09-26 12:00:00+00:00,2021-09-26 12:00:00+00:00,2267,135.09999999999999,135.16754999999998,25.929765500280599,7.9555666044344804,115.27863348891378,3.5048628747474524,103142.98823742483,2021-09-26 16:00:00+00:00,2021-09-26 16:00:00+00:00,2021-09-26 16:00:00+00:00,140.08000000000001,140.00996000000001,3.6304254305036672,3.5676764351833166,125.56255575621454,118.42726745096343,0.033755659699238841,2,SIGNAL
meanrev_bollinger_v0.1,SOLUSDT,2021-10-06 00:00:00+00:00,2021-10-06 00:00:00+00:00,2324,164.63999999999999,164.72231999999997,33.62824839296276,6.1413496354740174,149.36894591131494,5.5393230928250974,103261.41550487578,2021-10-08 12:00:00+00:00,2021-10-08 12:00:00+00:00,2021-10-08 12:00:00+00:00,162.21000000000001,162.12889500000003,5.4521107527365791,5.4956964936186301,-87.212340088517408,-98.203773934079081,-0.017710768377617533,16,SIGNAL
meanrev_bollinger_v0.1,ETHUSDT,2021-10-10 08:00:00+00:00,2021-10-10 08:00:00+00:00,2350,3582.1799999999998,3583.9710899999995,2.638268543189477,78.205239566875022,3388.457991082812,9.4554781864475004,103163.21173094171,,2021-10-11 04:00:00+00:00,2021-10-11 00:00:00+00:00,3388.457991082812,3386.7637620872706,8.9351922967288964,9.1952074689168093,-520.28588971860484,-538.67656020178129,-0.056912872217431888,5,STOP
meanrev_bollinger_v0.1,ETHUSDT,2021-10-11 04:00:00+00:00,2021-10-11 04:00:00+00:00,2355,3518.1500000000001,3519.909075,2.4691580586900144,83.125124217593651,3312.0962644560159,8.6912118583923643,102624.53517073992,2021-10-11 08:00:00+00:00,2021-10-11 08:00:00+00:00,2021-10-11 08:00:00+00:00,3577.0700000000002,3575.2814650000005,8.8279350413897912,8.7596098205883486,136.72318299742747,119.20403609764531,0.013701766000734247,2,SIGNAL
meanrev_bollinger_v0.1,SOLUSDT,2021-10-11 04:00:00+00:00,2021-10-11 04:00:00+00:00,2355,151.43000000000001,151.50571500000001,38.718241852017073,5.3010947946952598,138.25297801326187,5.8660349153327713,102624.53517073992,,2021-10-12 16:00:00+00:00,2021-10-12 12:00:00+00:00,138.25297801326187,138.18385152425523,5.3502357833593326,5.6080078015652592,-515.7991319734391,-527.01540267213124,-0.089752093425530852,9,STOP
meanrev_bollinger_v0.1,BTCUSDT,2021-10-22 20:00:00+00:00,2021-10-22 20:00:00+00:00,2425,61032.709999999999,61063.226354999999,0.13867601201590662,1474.180318834678,57377.775557913301,8.4680047117360058,102216.72380416543,2021-10-25 04:00:00+00:00,2021-10-25 04:00:00+00:00,2021-10-25 04:00:00+00:00,62084.68,62053.63766,8.6053510017688755,8.5367143275034909,137.34629003286997,120.27293431936509,0.014189031020649374,15,SIGNAL
meanrev_bollinger_v0.1,ETHUSDT,2021-10-28 04:00:00+00:00,2021-10-28 04:00:00+00:00,2457,3995.6500000000001,3997.647825,2.0669598472814128,99.010702430597803,3750.1210689235054,8.2629775378468722,102325.57318758692,2021-10-28 12:00:00+00:00,2021-10-28 12:00:00+00:00,2021-10-28 12:00:00+00:00,4151.9499999999998,4149.8740250000001,8.5776229809511033,8.420381025853386,314.64544310422991,297.80484258543191,0.036004858283531636,3,SIGNAL
meanrev_bollinger_v0.1,BTCUSDT,2021-10-27 16:00:00+00:00,2021-10-27 16:00:00+00:00,2454,58819.150000000001,58848.559574999999,0.16896710683837454,1211.3244838402215,55820.248365399442,9.9434708529934746,102336.9967384848,2021-10-28 16:00:00+00:00,2021-10-28 16:00:00+00:00,2021-10-28 16:00:00+00:00,61138.610000000001,61108.040695000003,10.325248840795805,10.134457825005221,381.77798780233087,361.50926810854162,0.036320126576308079,7,SIGNAL
meanrev_bollinger_v0.1,SOLUSDT,2021-10-31 16:00:00+00:00,2021-10-31 16:00:00+00:00,2478,194.99000000000001,195.08749499999999,28.653357986266339,7.1891267263365988,177.11467818415849,5.5899118328789443,102996.31084917879,2021-11-01 00:00:00+00:00,2021-11-01 00:00:00+00:00,2021-11-01 00:00:00+00:00,202.53,202.42873500000002,5.800263010662043,5.6951414333492814,210.35117778309868,198.96100293955769,0.035557312287068987,3,SIGNAL
meanrev_bollinger_v0.1,BTCUSDT,2021-11-01 08:00:00+00:00,2021-11-01 08:00:00+00:00,2482,62176.290000000001,62207.378144999995,0.16276434865180256,1268.032867232876,59037.295976917805,10.125143385107302,103195.27185211834,2021-11-01 12:00:00+00:00,2021-11-01 12:00:00+00:00,2021-11-01 12:00:00+00:00,61808,61777.096000000005,10.05510879203988,10.090111102451349,-70.034593067423856,-90.214845244571038,-0.0089010809127511338,2,SIGNAL
meanrev_bollinger_v0.1,ETHUSDT,2021-11-06 16:00:00+00:00,2021-11-06 16:00:00+00:00,2514,4398.5699999999997,4400.7692849999994,2.3495898055451936,87.764304018972794,4181.3585249525677,10.34000264859241,103105.05700687377,2021-11-07 00:00:00+00:00,2021-11-07 00:00:00+00:00,2021-11-07 00:00:00+00:00,4518,4515.741,10.610139018082458,10.475140986214361,270.13636949004882,249.18622782337394,0.024075166998794636,3,SIGNAL
meanrev_bollinger_v0.1,SOLUSDT,2021-11-10 08:00:00+00:00,2021-11-10 08:00:00+00:00,2536,240.87,240.99043499999999,29.562372148561611,6.9922834822120974,223.50972629446974,7.124248923713747,103354.24323469715,,2021-11-11 00:00:00+00:00,2021-11-10 20:00:00+00:00,223.50972629446974,223.39797143132253,6.6041739686864913,6.8640831434810625,-520.07495502725533,-533.80337791965553,-0.074852817963280721,4,STOP
meanrev_bollinger_v0.1,SOLUSDT,2021-11-11 04:00:00+00:00,2021-11-11 04:00:00+00:00,2541,239.02000000000001,239.13951,25.730737640157205,7.9920320431318412,219.15942989217041,6.1532359912057499,102820.43985677749,2021-11-11 08:00:00+00:00,2021-11-11 08:00:00+00:00,2021-11-11 08:00:00+00:00,244.19,244.06790500000002,6.2800472299378134,6.2166748675492638,126.81123873206316,114.37795551091961,0.018569691132016876,2,SIGNAL
meanrev_bollinger_v0.1,SOLUSDT,2021-11-12 20:00:00+00:00,2021-11-12 20:00:00+00:00,2551,228.84999999999999,228.96442499999998,26.056819309542487,7.900796838591253,209.21243290352186,5.9660846505382912,102934.81781228841,2021-11-13 16:00:00+00:00,2021-11-13 16:00:00+00:00,2021-11-13 16:00:00+00:00,233.61000000000001,233.49319500000001,6.0840899921227694,6.0251183289450472,118.00534158447769,105.95516694181663,0.017741839719730118,6,SIGNAL
meanrev_bollinger_v0.1,ETHUSDT,2021-11-12 20:00:00+00:00,2021-11-12 20:00:00+00:00,2551,4654.21,4656.5371049999994,2.1326294647424699,96.533241722531031,4415.2040006936722,9.9306682337896,102934.81781228841,2021-11-15 04:00:00+00:00,2021-11-15 04:00:00+00:00,2021-11-15 04:00:00+00:00,4702.0699999999997,4699.718965,10.022759140767985,9.976739204188366,92.090906978385547,72.137479603827956,0.0072568544727364976,15,SIGNAL
meanrev_bollinger_v0.1,SOLUSDT,2021-11-17 08:00:00+00:00,2021-11-17 08:00:00+00:00,2578,214.81999999999999,214.92740999999998,28.531140844023604,7.228095856561799,196.85717035859548,6.1321242059512073,103112.91045883406,,2021-11-18 16:00:00+00:00,2021-11-18 12:00:00+00:00,196.85717035859548,196.7587417734162,5.6137513738302092,5.8728096648841595,-518.37283212099828,-530.11870770077962,-0.086363077588714351,8,STOP
meanrev_bollinger_v0.1,BTCUSDT,2022-02-12 08:00:00+00:00,2022-02-12 08:00:00+00:00,3100,42103.940000000002,42124.991970000003,0.21462754123140421,955.91452208392889,39735.205664790177,9.0411834509137456,102582.79175113326,2022-02-14 16:00:00+00:00,2022-02-14 16:00:00+00:00,2022-02-14 16:00:00+00:00,42584.970000000001,42563.677515000003,9.1353374508108551,9.0882862614335309,94.153999897108591,75.97747899538399,0.0083950931678413217,15,SIGNAL
meanrev_bollinger_v0.1,BTCUSDT,2022-03-04 12:00:00+00:00,2022-03-04 12:00:00+00:00,3221,41662.059999999998,41682.891029999999,0.19569686380058895,1049.1611080158732,39059.988259960315,8.1572110487127016,102658.76923012866,,2022-03-05 00:00:00+00:00,2022-03-04 20:00:00+00:00,39059.988259960315,39040.458265830341,7.6400952439607774,7.8985258420161397,-517.11580475192341,-532.91311104459692,-0.065265043056388528,3,STOP
meanrev_bollinger_v0.1,ETHUSDT,2022-04-01 08:00:00+00:00,2022-04-01 08:00:00+00:00,3388,3279.4099999999999,3281.0497049999994,3.3410824494847944,61.133394738481954,3128.2162181537947,10.96225758526276,102125.85611908407,2022-04-01 16:00:00+00:00,2022-04-01 16:00:00+00:00,2022-04-01 16:00:00+00:00,3432.3899999999999,3430.6738049999999,11.46216403979272,11.212338592224567,499.90645452995932,477.48203290490386,0.043513393492805183,3,SIGNAL
meanrev_bollinger_v0.1,BTCUSDT,2022-04-01 12:00:00+00:00,2022-04-01 12:00:00+00:00,3389,45064.25,45086.782124999998,0.29897376237008,683.19010785353225,43378.806855366165,13.479764885071321,102127.95847949562,2022-04-02 04:00:00+00:00,2022-04-02 04:00:00+00:00,2022-04-02 04:00:00+00:00,46599.93,46576.630035000002,13.925190320083223,13.702592384582996,445.42543501190153,418.02047980674695,0.030979982254164345,5,SIGNAL
meanrev_bollinger_v0.1,SOLUSDT,2022-04-05 00:00:00+00:00,2022-04-05 00:00:00+00:00,3410,132.13999999999999,132.20606999999998,43.232027377370542,4.7659739726072354,120.29113506848189,5.7155364376945652,103021.35863179572,,2022-04-06 04:00:00+00:00,2022-04-06 00:00:00+00:00,120.29113506848189,120.23098950094766,5.1978294297133196,5.4565548710902503,-517.70700798124619,-528.62037384865414,-0.092395925968429271,7,STOP
meanrev_bollinger_v0.1,BTCUSDT,2022-04-06 08:00:00+00:00,2022-04-06 08:00:00+00:00,3418,45276.040000000001,45298.678019999999,0.28944202525042811,708.2091010748652,43528.155267312839,13.111341107275853,102492.73825794707,,2022-04-06 20:00:00+00:00,2022-04-06 16:00:00+00:00,43528.155267312839,43506.391189679183,12.592577977278127,12.851833064452112,-518.76312999772745,-544.46704908228139,-0.041484934417157886,3,STOP
meanrev_bollinger_v0.1,SOLUSDT,2022-04-06 08:00:00+00:00,2022-04-06 08:00:00+00:00,3418,125.52,125.58275999999999,42.465102547626884,4.8271513364648531,113.51488165883787,5.3328847816140152,102492.73825794707,,2022-04-07 00:00:00+00:00,2022-04-06 20:00:00+00:00,113.51488165883787,113.45812421800845,4.8180108797791181,5.0753203810509167,-514.8739018348972,-525.02479749629026,-0.098352077473601349,4,STOP
meanrev_bollinger_v0.1,ETHUSDT,2022-04-07 04:00:00+00:00,2022-04-07 04:00:00+00:00,3423,3185.5599999999999,3187.1527799999999,2.9349758855746195,69.113512591270563,3014.3689985218234,9.3542165529421109,101423.24641136848,2022-04-09 20:00:00+00:00,2022-04-09 20:00:00+00:00,2022-04-09 20:00:00+00:00,3233.3499999999999,3231.7333250000001,9.4850593774828855,9.4196730308360301,130.84282454077493,112.00354861034994,0.011961627819937964,17,SIGNAL
meanrev_bollinger_v0.1,SOLUSDT,2022-04-07 04:00:00+00:00,2022-04-07 04:00:00+00:00,3423,113.78,113.83689,39.194830426207993,5.1753379365841514,100.89854515853962,4.4618175997968921,101423.24641136848,2022-04-10 20:00:00+00:00,2022-04-10 20:00:00+00:00,2022-04-10 20:00:00+00:00,114.54000000000001,114.48273000000002,4.4871311890793555,4.4744818414552796,25.313589282462996,16.364640493586748,0.0036640431473777772,23,SIGNAL
meanrev_bollinger_v0.1,ETHUSDT,2022-07-26 12:00:00+00:00,2022-07-26 12:00:00+00:00,4085,1406.3299999999999,1407.0331649999998,3.7119264886797474,54.71639317759881,1270.2421820560028,5.2228036756144016,101551.61460047241,2022-07-27 16:00:00+00:00,2022-07-27 16:00:00+00:00,2022-07-27 16:00:00+00:00,1489.2,1488.4554000000001,5.525037026478409,5.3739972528830275,302.23335086400806,291.48551016191527,0.055754405857848688,8,SIGNAL
meanrev_bollinger_v0.1,ETHUSDT,2022-08-01 04:00:00+00:00,2022-08-01 04:00:00+00:00,4119,1691.78,1692.6258899999998,3.9268518198447255,51.870100927139845,1562.9506376821503,6.6466910564627977,101843.10011063433,,2022-08-02 12:00:00+00:00,2022-08-02 08:00:00+00:00,1562.9506376821503,1562.1691623633094,6.134406818131672,6.3904224638418041,-512.28423833112538,-525.06533620571986,-0.078917583344013123,8,STOP
meanrev_bollinger_v0.1,BTCUSDT,2022-08-01 04:00:00+00:00,2022-08-01 04:00:00+00:00,4119,23376.59,23388.278295,0.41322452780315566,492.91894966674624,22155.980920833135,9.66461025458017,101843.10011063433,2022-08-03 12:00:00+00:00,2022-08-03 12:00:00+00:00,2022-08-03 12:00:00+00:00,23405.139999999999,23393.437430000002,9.6667421357044194,9.6656791445313583,2.131881124248435,-17.199471266036156,-0.0017778563774898438,15,SIGNAL
meanrev_bollinger_v0.1,ETHUSDT,2022-08-02 12:00:00+00:00,2022-08-02 12:00:00+00:00,4127,1587.3599999999999,1588.1536799999999,3.9704346717242394,50.926119672354773,1460.8383808191129,6.3056604350984431,101099.41562174763,2022-08-03 12:00:00+00:00,2022-08-03 12:00:00+00:00,2022-08-03 12:00:00+00:00,1665.55,1664.7172250000001,6.6096509887565622,6.4577333239986556,303.99055365811984,291.07524223426481,0.046114829805602851,7,SIGNAL
meanrev_bollinger_v0.1,BTCUSDT,2022-08-05 00:00:00+00:00,2022-08-05 00:00:00+00:00,4142,22622.41,22633.721204999998,0.4636428796117546,438.23345515612317,21538.13756710969,10.493963675815833,101591.91054539684,2022-08-05 04:00:00+00:00,2022-08-05 04:00:00+00:00,2022-08-05 04:00:00+00:00,23173.900000000001,23162.313050000004,10.739041520970925,10.616566521994123,245.07784515509317,223.84483995830644,0.02130950950925432,2,SIGNAL
meanrev_bollinger_v0.1,BTCUSDT,2022-08-18 00:00:00+00:00,2022-08-18 00:00:00+00:00,4220,23342.66,23354.331329999997,0.52111736658552099,390.75940244507689,22377.432823887306,12.170347641055328,101815.75538535514,,2022-08-19 08:00:00+00:00,2022-08-19 04:00:00+00:00,22377.432823887306,22366.244107475362,11.655438229696488,11.912767186213408,-514.90941135883941,-538.73519722959122,-0.044221990702534547,8,STOP
meanrev_bollinger_v0.1,BTCUSDT,2022-11-01 00:00:00+00:00,2022-11-01 00:00:00+00:00,4670,20490.740000000002,20500.985370000002,0.78954188666436831,256.54628816717377,19859.61964958207,16.186386667508415,101277.02018812553,2022-11-04 08:00:00+00:00,2022-11-04 08:00:00+00:00,2022-11-04 08:00:00+00:00,20611.560000000001,20601.254220000003,16.265553124511083,16.225993744121901,79.166457002666846,46.714517210647344,0.0028831542406536174,21,SIGNAL
meanrev_bollinger_v0.1,ETHUSDT,2022-11-03 04:00:00+00:00,2022-11-03 04:00:00+00:00,4683,1547.3499999999999,1548.1236749999998,5.582685926820826,36.222901158643893,1457.5664221033901,8.6426882534006371,101110.54026349152,2022-11-04 08:00:00+00:00,2022-11-04 08:00:00+00:00,2022-11-04 08:00:00+00:00,1587.4300000000001,1586.636285,8.857692059252777,8.7502460948393157,215.00380585214026,197.50342553948684,0.022829253310442242,8,SIGNAL
meanrev_bollinger_v0.1,ETHUSDT,2022-11-07 12:00:00+00:00,2022-11-07 12:00:00+00:00,4709,1579.99,1580.7799949999999,6.4114564612845202,31.668697664535376,1501.6082508386614,10.135102112812062,101521.23813087566,,2022-11-08 08:00:00+00:00,2022-11-08 04:00:00+00:00,1501.6082508386614,1500.8574467132421,9.6226821741966031,9.8787665082104574,-512.41993861545723,-532.17772290246592,-0.052455917158799208,5,STOP
meanrev_bollinger_v0.1,BTCUSDT,2023-01-19 04:00:00+00:00,2023-01-19 04:00:00+00:00,5145,20748.040000000001,20758.41402,0.56572366964159604,357.02610948540649,19865.848746286483,11.743526155333955,100989.0604079732,2023-01-19 20:00:00+00:00,2023-01-19 20:00:00+00:00,2023-01-19 20:00:00+00:00,21092.099999999999,21081.553950000001,11.926334062341285,11.834978769557075,182.80790700732913,159.13804678965388,0.013537592169428859,5,SIGNAL
meanrev_bollinger_v0.1,ETHUSDT,2023-01-19 04:00:00+00:00,2023-01-19 04:00:00+00:00,5145,1524.8199999999999,1525.5824099999998,6.3301859519409707,31.907138644800092,1445.8145633879994,9.6572203403102481,100989.0604079732,2023-01-20 16:00:00+00:00,2023-01-20 16:00:00+00:00,2023-01-20 16:00:00+00:00,1563.6900000000001,1562.9081550000001,9.8934992469549812,9.775421307213298,236.27890664473298,216.72818705746775,0.022419668160448124,10,SIGNAL
meanrev_bollinger_v0.1,SOLUSDT,2023-01-19 04:00:00+00:00,2023-01-19 04:00:00+00:00,5145,21.350000000000001,21.360675000000001,173.63190324637233,1.1632546613818582,18.452538346545357,3.7088946548772044,100989.0604079732,2023-01-20 20:00:00+00:00,2023-01-20 20:00:00+00:00,2023-01-20 20:00:00+00:00,23.300000000000001,23.288350000000001,4.0436005339676555,3.8763322399750186,334.70587909045088,326.953383901606,0.088065795213392403,11,SIGNAL
meanrev_bollinger_v0.1,ETHUSDT,2023-01-25 16:00:00+00:00,2023-01-25 16:00:00+00:00,5184,1543.95,1544.7219749999999,6.964529960814648,29.203753463519881,1471.7125913412003,10.758262476016274,101695.20798246439,2023-01-26 00:00:00+00:00,2023-01-26 00:00:00+00:00,2023-01-26 00:00:00+00:00,1611.95,1611.1440250000001,11.220860833300005,10.989680051666593,462.59835728372946,440.61923397441319,0.040915441122653252,3,SIGNAL
meanrev_bollinger_v0.1,SOLUSDT,2023-01-25 08:00:00+00:00,2023-01-25 08:00:00+00:00,5182,23.27,23.281634999999998,220.63755285668793,0.92180028928959801,20.977134276776003,5.1368029729026157,101691.88002572194,2023-01-26 00:00:00+00:00,2023-01-26 00:00:00+00:00,2023-01-26 00:00:00+00:00,24.530000000000001,24.517735000000002,5.4095330519887685,5.2732375132743101,272.73007908615284,262.18374306126145,0.050989267570062002,5,SIGNAL
meanrev_bollinger_v0.1,BTCUSDT,2023-02-06 08:00:00+00:00,2023-02-06 08:00:00+00:00,5254,22880.91,22892.350455,0.75845275491705733,270.09026174789403,22217.124800630263,17.362766269121501,102425.35154947969,2023-02-07 20:00:00+00:00,2023-02-07 20:00:00+00:00,2023-02-07 20:00:00+00:00,23092.869999999999,23081.323564999999,17.506093445006247,17.434470047475454,143.32717588474335,108.45831617061562,0.006240363115243004,10,SIGNAL
meanrev_bollinger_v0.1,ETHUSDT,2023-02-06 00:00:00+00:00,2023-02-06 00:00:00+00:00,5252,1629.01,1629.8245049999998,7.7530589974164057,26.414008467336352,1563.789483831659,12.63612554269999,102394.68300275761,2023-02-07 20:00:00+00:00,2023-02-07 20:00:00+00:00,2023-02-07 20:00:00+00:00,1656.3399999999999,1655.5118299999999,12.835280888910798,12.735756188579648,199.15534621081017,173.68393977919936,0.013731299895962822,12,SIGNAL
meanrev_bollinger_v0.1,SOLUSDT,2023-02-06 08:00:00+00:00,2023-02-06 08:00:00+00:00,5254,23.350000000000001,23.361675000000002,326.85972198583278,0.6267236044086163,21.794865988978462,7.6359905956233805,102425.35154947969,2023-02-08 00:00:00+00:00,2023-02-08 00:00:00+00:00,2023-02-08 00:00:00+00:00,23.82,23.80809,7.7819056784136853,7.7089865430360733,145.91508279030495,130.49718651626787,0.017072679446631576,11,SIGNAL
meanrev_bollinger_v0.1,BTCUSDT,2023-02-09 08:00:00+00:00,2023-02-09 08:00:00+00:00,5272,22676.41,22687.748205,0.73113124867193857,281.22809039271067,21984.677979018223,16.587721674676185,102807.32244522369,,2023-02-09 20:00:00+00:00,2023-02-09 16:00:00+00:00,21984.677979018223,21973.685640028714,16.065648219918838,16.326558510572958,-522.07345475734326,-554.72682465193827,-0.033408605646305947,3,STOP
meanrev_bollinger_v0.1,SOLUSDT,2023-02-09 08:00:00+00:00,2023-02-09 08:00:00+00:00,5272,22.760000000000002,22.771380000000001,321.01773974582397,0.64050866800460726,21.170108329988484,7.3100169384932618,102807.32244522369,,2023-02-10 00:00:00+00:00,2023-02-09 20:00:00+00:00,21.170108329988484,21.159523275823492,6.7925823361040107,7.0511720414398491,-517.43460238925081,-531.53720166384812,-0.072640898090426398,4,STOP
meanrev_bollinger_v0.1,BTCUSDT,2023-02-10 08:00:00+00:00,2023-02-10 08:00:00+00:00,5278,21910.610000000001,21921.565305,0.68819256922122651,295.61800858738604,21182.520283531536,15.08625834859885,101721.05841890791,2023-02-12 16:00:00+00:00,2023-02-12 16:00:00+00:00,2023-02-12 16:00:00+00:00,21944.139999999999,21933.16793,15.094243188907312,15.090256537526811,7.9848403084601127,-22.195661229046049,-0.0014697804603991901,15,SIGNAL
meanrev_bollinger_v0.1,ETHUSDT,2023-02-10 08:00:00+00:00,2023-02-10 08:00:00+00:00,5278,1551.7,1552.47585,7.2132588486662783,28.203911866469618,1481.9660703338259,11.198410162353202,101721.05841890791,2023-02-12 20:00:00+00:00,2023-02-12 20:00:00+00:00,2023-02-12 20:00:00+00:00,1539.23,1538.4603850000001,11.09731298542378,11.147839086553466,-101.09717692942215,-123.39290007719913,-0.011007779556169502,16,SIGNAL
meanrev_bollinger_v0.1,ETHUSDT,2023-02-21 16:00:00+00:00,2023-02-21 16:00:00+00:00,5346,1671.97,1672.805985,7.443305432062604,27.29310809148248,1604.5732147712938,12.451205874937335,101575.46985760167,,2023-02-22 16:00:00+00:00,2023-02-22 12:00:00+00:00,1604.5732147712938,1603.7709281639081,11.937356861386501,12.194155954447204,-513.84901355083286,-538.2375762871568,-0.043184562347737439,6,STOP
meanrev_bollinger_v0.1,BTCUSDT,2023-02-22 12:00:00+00:00,2023-02-22 12:00:00+00:00,5351,24160.869999999999,24172.950434999999,0.49933121263857877,405.95230578215921,23158.069670544603,12.07030865376081,101352.32855981635,,2023-02-24 20:00:00+00:00,2023-02-24 16:00:00+00:00,23158.069670544603,23146.490635709331,11.557765237456248,11.813911763231749,-512.54341630456111,-536.17149019577812,-0.044376317930738735,14,STOP
meanrev_bollinger_v0.1,ETHUSDT,2023-02-23 00:00:00+00:00,2023-02-23 00:00:00+00:00,5354,1643.1500000000001,1643.971575,6.8503108592104676,29.496409035698822,1570.230552410753,11.261716332455835,101029.7855624807,,2023-02-26 00:00:00+00:00,2023-02-25 20:00:00+00:00,1570.230552410753,1569.4454371345478,10.751189120941111,11.006327846476344,-510.527211514724,-532.54011696812097,-0.04724041106647614,18,STOP
meanrev_bollinger_v0.1,BTCUSDT,2023-02-25 00:00:00+00:00,2023-02-25 00:00:00+00:00,5366,23184.040000000001,23195.632020000001,0.47930446195375864,418.28115738025389,22149.929126549367,11.117769925023477,100242.01254176901,2023-02-26 20:00:00+00:00,2023-02-26 20:00:00+00:00,2023-02-26 20:00:00+00:00,23499.330000000002,23487.580335000002,11.257702055062859,11.187773770018838,139.93213003938214,117.5566580592958,0.010563199241614757,12,SIGNAL
meanrev_bollinger_v0.1,ETHUSDT,2023-03-21 04:00:00+00:00,2023-03-21 04:00:00+00:00,5511,1746.1400000000001,1747.01307,4.8982481136029357,40.866070893493792,1644.8478927662654,8.5573034745671741,100086.0773322099,2023-03-21 16:00:00+00:00,2023-03-21 16:00:00+00:00,2023-03-21 16:00:00+00:00,1812.54,1811.63373,8.8738315005119492,8.7156487984573658,316.52802594477691,299.09689096969782,0.034917318728366606,4,SIGNAL
meanrev_bollinger_v0.1,BTCUSDT,2023-03-23 00:00:00+00:00,2023-03-23 00:00:00+00:00,5522,27250.970000000001,27264.595484999998,0.30047371090859931,668.17941522821354,25594.146946929464,8.1922941817997916,100385.17422317959,2023-03-23 16:00:00+00:00,2023-03-23 16:00:00+00:00,2023-03-23 16:00:00+00:00,28580.860000000001,28566.569570000003,8.5835031666265706,8.3879985734572671,391.20898482677967,374.43318747835326,0.045659875005590322,5,SIGNAL
meanrev_bollinger_v0.1,ETHUSDT,2023-03-23 00:00:00+00:00,2023-03-23 00:00:00+00:00,5522,1734.3399999999999,1735.2071699999999,4.8603160515042312,41.308084972009645,1631.9369575699757,8.4336552610362308,100385.17422317959,2023-03-23 16:00:00+00:00,2023-03-23 16:00:00+00:00,2023-03-23 16:00:00+00:00,1836.99,1836.0715050000001,8.9238878074610319,8.678896262108724,490.23254642480106,472.87500335630381,0.056013980431244809,5,SIGNAL
meanrev_bollinger_v0.1,SOLUSDT,2023-03-23 00:00:00+00:00,2023-03-23 00:00:00+00:00,5522,21.41,21.420704999999998,224.92201574396418,0.8926220396090635,19.189149900977341,4.8179881472568127,100385.17422317959,2023-03-23 16:00:00+00:00,2023-03-23 16:00:00+00:00,2023-03-23 16:00:00+00:00,22.390000000000001,22.378805000000003,5.0334859305411053,4.9257921447917239,215.49778328429326,205.64630920649535,0.042640384753774824,5,SIGNAL
meanrev_bollinger_v0.1,ETHUSDT,2023-03-28 00:00:00+00:00,2023-03-28 00:00:00+00:00,5552,1715.21,1716.067605,6.1539289465071203,32.966948304073462,1633.6502342398162,10.560558108572646,101438.12872322075,2023-03-28 12:00:00+00:00,2023-03-28 12:00:00+00:00,2023-03-28 12:00:00+00:00,1745.48,1744.6072600000002,10.736189117600476,10.648420182942113,175.6310090278283,154.33426180165517,0.014599614919478346,4,SIGNAL
meanrev_bollinger_v0.1,BTCUSDT,2023-03-28 00:00:00+00:00,2023-03-28 00:00:00+00:00,5552,27124.900000000001,27138.462449999999,0.40925054946239531,495.72629215268324,25899.146719618289,11.106430669227082,101438.12872322075,2023-03-29 08:00:00+00:00,2023-03-29 08:00:00+00:00,2023-03-29 08:00:00+00:00,28086.82,28072.776590000001,11.488799244392569,11.297713373380335,382.36857516548622,359.77334525186654,0.03236088551080455,9,SIGNAL
meanrev_bollinger_v0.1,ETHUSDT,2023-04-03 08:00:00+00:00,2023-04-03 08:00:00+00:00,5590,1794.8599999999999,1795.7574299999999,8.3405545732283723,24.447351896124989,1734.6390502596873,14.977612845195328,101952.23633027429,2023-04-03 20:00:00+00:00,2023-04-03 20:00:00+00:00,2023-04-03 20:00:00+00:00,1818.8800000000001,1817.9705600000002,15.162882668202547,15.07029784172823,185.26982300721903,155.12932749382117,0.010347066301049085,4,SIGNAL
meanrev_bollinger_v0.1,BTCUSDT,2023-04-03 08:00:00+00:00,2023-04-03 08:00:00+00:00,5590,27958.73,27972.709364999999,0.53118353087709957,383.86821278863431,27013.038833028411,14.85864252869961,101952.23633027429,2023-04-04 12:00:00+00:00,2023-04-04 12:00:00+00:00,2023-04-04 12:00:00+00:00,28289.509999999998,28275.365245000001,15.019408347678725,14.939069364409535,160.76581897911683,130.88776810273848,0.0088000643961309664,8,SIGNAL
meanrev_bollinger_v0.1,ETHUSDT,2023-04-09 12:00:00+00:00,2023-04-09 12:00:00+00:00,5627,1839.22,1840.1396099999999,9.2987504025806764,21.989675816547724,1785.1654204586307,17.110998939292148,102238.25342587086,2023-04-10 00:00:00+00:00,2023-04-10 00:00:00+00:00,2023-04-10 00:00:00+00:00,1858.9100000000001,1857.9805450000001,17.276897340805817,17.193993913146745,165.8984015136673,131.51050523356932,0.0076780512098434369,4,SIGNAL
meanrev_bollinger_v0.1,BTCUSDT,2023-04-18 00:00:00+00:00,2023-04-18 00:00:00+00:00,5678,29430.27,29444.985134999999,0.70296767715482711,291.25027297253018,28716.859452568675,20.698872804209365,102369.76393110443,2023-04-18 12:00:00+00:00,2023-04-18 12:00:00+00:00,2023-04-18 12:00:00+00:00,30380.59,30365.399705000003,21.345894496501725,21.022550661412943,647.0216922923621,604.976924991651,0.029198331626846142,4,SIGNAL
meanrev_bollinger_v0.1,BTCUSDT,2023-04-20 04:00:00+00:00,2023-04-20 04:00:00+00:00,5691,28862.509999999998,28876.941254999998,0.53744491802629513,383.20109615794308,27918.938514605139,15.519765325643613,102974.74085609608,,2023-04-21 08:00:00+00:00,2023-04-21 04:00:00+00:00,27918.938514605139,27904.979045347838,14.997389175552453,15.258450471171995,-522.37615009116166,-552.89330459235771,-0.035589517756179287,7,STOP
meanrev_bollinger_v0.1,ETHUSDT,2023-04-20 04:00:00+00:00,2023-04-20 04:00:00+00:00,5691,1949.71,1950.684855,5.9677669265145452,34.510309173967066,1864.4090820650822,11.641232561721822,102974.74085609608,,2023-04-21 20:00:00+00:00,2023-04-21 16:00:00+00:00,1864.4090820650822,1863.4768775240498,11.120795678012621,11.380886855866972,-520.43688370920097,-543.19891194893546,-0.046615017165586074,10,STOP
meanrev_bollinger_v0.1,SOLUSDT,2023-04-20 04:00:00+00:00,2023-04-20 04:00:00+00:00,5691,22.870000000000001,22.881435,282.13698452649089,0.72996272380891913,21.056528190477703,6.4556990725389074,102974.74085609608,,2023-04-21 20:00:00+00:00,2023-04-21 16:00:00+00:00,21.056528190477703,21.045999926382464,5.9378549555742977,6.1966491021892933,-517.84411696460927,-530.23767099272243,-0.082052765638186476,10,STOP
meanrev_bollinger_v0.1,ETHUSDT,2023-06-27 00:00:00+00:00,2023-06-27 00:00:00+00:00,6098,1858.97,1859.8994849999999,7.2981058657091724,27.773894441503511,1790.4647488962412,13.573743341107969,101348.41096856208,2023-06-27 20:00:00+00:00,2023-06-27 20:00:00+00:00,2023-06-27 20:00:00+00:00,1894.4000000000001,1893.4528000000003,13.818618986123457,13.696245806586409,244.87564501549002,217.48328268825861,0.016006344838832974,6,SIGNAL
meanrev_bollinger_v0.1,ETHUSDT,2023-06-29 04:00:00+00:00,2023-06-29 04:00:00+00:00,6111,1838.04,1838.9590199999998,7.7732343280402389,26.132209570699196,1773.6284960732519,14.294659382123236,101565.89425125033,2023-06-29 12:00:00+00:00,2023-06-29 12:00:00+00:00,2023-06-29 12:00:00+00:00,1869.5899999999999,1868.655205,14.52549478677707,14.410138395833686,230.8354046538355,202.01525048493519,0.014118100449477885,3,SIGNAL
meanrev_bollinger_v0.1,SOLUSDT,2023-07-06 00:00:00+00:00,2023-07-06 00:00:00+00:00,6152,18.989999999999998,18.999494999999996,394.9036403565928,0.51540628701138425,17.710979282471534,7.5029697404368818,101767.90950173525,2023-07-06 04:00:00+00:00,2023-07-06 04:00:00+00:00,2023-07-06 04:00:00+00:00,19.449999999999999,19.440275,7.6770353670332625,7.5900479676525796,174.06562659638044,158.88562148891029,0.021155209215207849,2,SIGNAL
meanrev_bollinger_v0.1,BTCUSDT,2023-07-07 04:00:00+00:00,2023-07-07 04:00:00+00:00,6159,30135.41,30150.477704999998,0.54862777629398241,371.56994059523026,29221.552853511923,16.541389537495441,101926.79512322416,2023-07-09 16:00:00+00:00,2023-07-09 16:00:00+00:00,2023-07-09 16:00:00+00:00,30349.470000000001,30334.295265000004,16.64223695668203,16.591842606901185,100.84741918658941,67.663792692411945,0.0040864884018776866,16,SIGNAL
meanrev_bollinger_v0.1,ETHUSDT,2023-07-18 00:00:00+00:00,2023-07-18 00:00:00+00:00,6224,1911.21,1912.1656049999999,8.9270433176922523,22.850669653137373,1855.0389308671565,17.069985186436213,101994.45891591656,2023-07-19 20:00:00+00:00,2023-07-19 20:00:00+00:00,2023-07-19 20:00:00+00:00,1910,1909.0450000000001,17.042127410423809,17.056053597997664,-27.857776012405616,-61.969888609265638,-0.0036267155450040458,12,SIGNAL
meanrev_bollinger_v0.1,SOLUSDT,2023-07-18 16:00:00+00:00,2023-07-18 16:00:00+00:00,6228,25.52,25.53276,182.93688910832466,1.113431851754588,22.74918037061353,4.6708836847494677,101843.87959705283,2023-07-19 20:00:00+00:00,2023-07-19 20:00:00+00:00,2023-07-19 20:00:00+00:00,26.77,26.756615,4.894771911169137,4.7828849657370824,223.88822641966874,214.32257082375014,0.045838962563006513,8,SIGNAL
meanrev_bollinger_v0.1,BTCUSDT,2023-07-18 16:00:00+00:00,2023-07-18 16:00:00+00:00,6228,29912.009999999998,29926.966004999998,0.7051975048669662,288.83788979447803,29204.871280513802,21.10442175496452,101843.87959705283,2023-07-20 08:00:00+00:00,2023-07-20 08:00:00+00:00,2023-07-20 08:00:00+00:00,30202.779999999999,30187.678609999999,21.288275633497886,21.196399956800693,183.85387853336738,141.461181144905,0.0066962204851870851,11,SIGNAL
meanrev_bollinger_v0.1,SOLUSDT,2023-07-24 20:00:00+00:00,2023-07-24 20:00:00+00:00,6265,23.309999999999999,23.321654999999996,292.26924411017046,0.6999591974906435,21.571757006273387,6.8162024782481767,102288.27277927595,2023-07-26 12:00:00+00:00,2023-07-26 12:00:00+00:00,2023-07-26 12:00:00+00:00,23.82,23.80809,6.9583724680069086,6.8873247374555353,142.16998975873184,128.39541481247676,0.0188179779098607,11,SIGNAL
meanrev_bollinger_v0.1,SOLUSDT,2023-07-31 04:00:00+00:00,2023-07-31 04:00:00+00:00,6303,24.649999999999999,24.662324999999996,383.55469500964682,0.5340394448385648,23.327226387903583,9.4593505436037866,102416.66819408843,,2023-08-01 04:00:00+00:00,2023-08-01 00:00:00+00:00,23.327226387903583,23.315562774709633,8.9427935690320286,9.2009452173085045,-516.55697457175825,-534.95911868439407,-0.056496975297291453,6,STOP
meanrev_bollinger_v0.1,SOLUSDT,2023-08-01 08:00:00+00:00,2023-08-01 08:00:00+00:00,6310,23.48,23.49174,375.33633586511121,0.54288220638472051,22.134534484038198,8.8173036146958683,101881.70907540404,2023-08-04 16:00:00+00:00,2023-08-04 16:00:00+00:00,2023-08-04 16:00:00+00:00,23.359999999999999,23.348320000000001,8.7634728774060928,8.7903769859601528,-53.830737289773872,-71.411513781875826,-0.0080909285565900595,21,SIGNAL
meanrev_bollinger_v0.1,SOLUSDT,2023-08-14 04:00:00+00:00,2023-08-14 04:00:00+00:00,6387,24.399999999999999,24.412199999999999,583.95980665802244,0.34868940088283895,23.540476497792902,14.255743592096975,101810.29756162217,2023-08-14 16:00:00+00:00,2023-08-14 16:00:00+00:00,2023-08-14 16:00:00+00:00,24.82,24.807590000000001,14.486635460051492,14.371250841853426,230.89186795451698,202.14948890236852,0.014166047534199628,4,SIGNAL
meanrev_bollinger_v0.1,BTCUSDT,2023-10-09 20:00:00+00:00,2023-10-09 20:00:00+00:00,6727,27616.66,27630.46833,0.81327108756560329,250.86947909554351,27003.294632261142,22.471061028686059,102012.44705052453,,2023-10-11 08:00:00+00:00,2023-10-11 04:00:00+00:00,27003.294632261142,26989.792984945012,21.95001829403672,22.210414953281198,-521.04273464933806,-565.46381397206085,-0.025138951575800823,9,STOP
meanrev_bollinger_v0.1,BTCUSDT,2023-10-11 12:00:00+00:00,2023-10-11 12:00:00+00:00,6737,27196.259999999998,27209.858129999997,0.82898969675317058,244.7071395878524,26598.090281030367,22.55669203988549,101429.84872013477,,2023-10-11 20:00:00+00:00,2023-10-11 16:00:00+00:00,26598.090281030367,26584.791235889854,22.038518024886677,22.297481063249577,-518.17401499881362,-562.76922506358585,-0.02492417846781023,2,STOP
meanrev_bollinger_v0.1,SOLUSDT,2023-10-10 04:00:00+00:00,2023-10-10 04:00:00+00:00,6729,22.149999999999999,22.161074999999997,396.30138530613101,0.51471675689644725,20.874283107758878,8.7824647223730672,101991.48189917055,2023-10-14 00:00:00+00:00,2023-10-14 00:00:00+00:00,2023-10-14 00:00:00+00:00,21.850000000000001,21.839075000000001,8.6548556763044946,8.7186304767342744,-127.60904606857245,-145.04636646725001,-0.016498952125946559,24,SIGNAL
meanrev_bollinger_v0.1,BTCUSDT,2023-11-14 08:00:00+00:00,2023-11-14 08:00:00+00:00,6940,36683.860000000001,36702.201929999996,0.49282962521153006,409.08080805661393,35679.499909858459,18.087932421599795,100803.57065788546,,2023-11-14 20:00:00+00:00,2023-11-14 16:00:00+00:00,35679.499909858459,35661.660159903535,17.575122611026213,17.831403771706594,-512.80981057358088,-548.47286560620694,-0.030292292556955491,3,STOP
meanrev_bollinger_v0.1,SOLUSDT,2023-11-14 04:00:00+00:00,2023-11-14 04:00:00+00:00,6939,54.030000000000001,54.057015,61.398888946431185,3.2814654914330377,45.853351271417409,3.3190406607605647,100739.16764502165,2023-11-15 00:00:00+00:00,2023-11-15 00:00:00+00:00,2023-11-15 00:00:00+00:00,56.810000000000002,56.781595000000003,3.4863268456062326,3.4027264254110952,167.28618484566766,160.48081733930084,0.048303263873158045,6,SIGNAL
meanrev_bollinger_v0.1,BTCUSDT,2023-11-15 08:00:00+00:00,2023-11-15 08:00:00+00:00,6946,35576.879999999997,35594.668439999994,0.42529140853792313,471.91724818398933,34414.87531954002,15.138106677287958,100351.17559675474,2023-11-15 20:00:00+00:00,2023-11-15 20:00:00+00:00,2023-11-15 20:00:00+00:00,37499.989999999998,37481.240005,15.940449355474403,15.539482486919194,802.34267818644639,771.26412215368407,0.050897621806374763,4,SIGNAL
meanrev_bollinger_v0.1,ETHUSDT,2023-11-15 08:00:00+00:00,2023-11-15 08:00:00+00:00,6946,1982.8699999999999,1983.8614349999998,5.4720844485800137,36.677495217675421,1892.1676969558112,10.855857306601129,100351.17559675474,2023-11-15 20:00:00+00:00,2023-11-15 20:00:00+00:00,2023-11-15 20:00:00+00:00,2051.2600000000002,2050.2343700000001,11.219055612021242,11.037550018275057,363.19830542011385,341.12339250149148,0.031391588915265126,4,SIGNAL
meanrev_bollinger_v0.1,ETHUSDT,2023-11-17 20:00:00+00:00,2023-11-17 20:00:00+00:00,6961,1938.8699999999999,1939.8394349999999,5.2196092526313258,38.87783862757918,1842.644838431052,10.125203863545122,101463.56311140992,2023-11-19 16:00:00+00:00,2023-11-19 16:00:00+00:00,2023-11-19 16:00:00+00:00,1966.8099999999999,1965.826595,10.260846684330735,10.193061732908161,135.64282078561138,115.25677023773552,0.011371783735010351,12,SIGNAL
meanrev_bollinger_v0.1,BTCUSDT,2023-11-22 04:00:00+00:00,2023-11-22 04:00:00+00:00,6987,36379.989999999998,36398.179994999999,0.36887108397668794,550.75512445463085,35021.292183863421,13.426236109534248,101578.81988164767,2023-11-22 20:00:00+00:00,2023-11-22 20:00:00+00:00,2023-11-22 20:00:00+00:00,37289.980000000003,37271.335010000003,13.748317746396982,13.58736084521553,322.08163686273264,294.90708300680137,0.021943042572225787,5,SIGNAL
meanrev_bollinger_v0.1,SOLUSDT,2023-11-22 04:00:00+00:00,2023-11-22 04:00:00+00:00,6987,54.359999999999999,54.387179999999994,73.80799416705544,2.7525153888272951,47.505891527931759,4.0142086642025943,101578.81988164767,2023-11-22 20:00:00+00:00,2023-11-22 20:00:00+00:00,2023-11-22 20:00:00+00:00,57.329999999999998,57.301335000000002,4.2292965994444902,4.1218074342585336,215.08793524189605,206.84442997824897,0.051476594634651526,5,SIGNAL
meanrev_bollinger_v0.1,BTCUSDT,2023-11-27 20:00:00+00:00,2023-11-27 20:00:00+00:00,7021,36877,36895.438499999997,0.52600150580403693,388.13794359236329,35925.093641019092,19.407056208300236,102080.57139463272,2023-11-28 16:00:00+00:00,2023-11-28 16:00:00+00:00,2023-11-28 16:00:00+00:00,37513.199999999997,37494.443399999996,19.722133687684234,19.564678608530251,315.07747938399649,275.94828948801205,0.014204762119112018,6,SIGNAL
meanrev_bollinger_v0.1,ETHUSDT,2023-11-28 00:00:00+00:00,2023-11-28 00:00:00+00:00,7022,2027.5,2028.5137499999998,7.0045484198802486,29.193552041169323,1955.5298698970764,14.208822782267857,102243.82441033219,2023-11-28 20:00:00+00:00,2023-11-28 20:00:00+00:00,2023-11-28 20:00:00+00:00,2059,2057.9704999999999,14.415154013935163,14.312043558921516,206.33123166730792,177.70725487110491,0.012494330309159054,6,SIGNAL
meanrev_bollinger_v0.1,SOLUSDT,2023-11-28 00:00:00+00:00,2023-11-28 00:00:00+00:00,7022,55.060000000000002,55.087530000000001,122.00453222332334,1.6760660042231852,50.897364989442039,6.7209283289882915,102243.82441033219,2023-11-28 20:00:00+00:00,2023-11-28 20:00:00+00:00,2023-11-28 20:00:00+00:00,58.039999999999999,58.010980000000004,7.0776024787165666,6.899356297228243,356.67414972827493,342.87561892057005,0.050965144853180898,6,SIGNAL
meanrev_bollinger_v0.1,SOLUSDT,2023-12-05 12:00:00+00:00,2023-12-05 12:00:00+00:00,7067,60.159999999999997,60.190079999999995,124.2877726551943,1.655466187222125,56.05141453194468,7.480890979137957,102877.1025579124,2023-12-06 04:00:00+00:00,2023-12-06 04:00:00+00:00,2023-12-06 04:00:00+00:00,64.359999999999999,64.327820000000003,7.9951614675642615,7.73815672551176,514.27048842630461,498.79443597960238,0.066609196849595403,5,SIGNAL
meanrev_bollinger_v0.1,BTCUSDT,2023-12-12 00:00:00+00:00,2023-12-12 00:00:00+00:00,7106,41253.410000000003,41274.036704999999,0.30926482987609633,668.75066253585624,39602.160048660357,12.764607939871579,103410.52993933915,2023-12-13 20:00:00+00:00,2023-12-13 20:00:00+00:00,2023-12-13 20:00:00+00:00,42734.010000000002,42712.642995000002,13.209518269407114,12.987177579014638,444.91032953553315,418.93620332625449,0.032787351371234084,12,SIGNAL
meanrev_bollinger_v0.1,ETHUSDT,2023-12-12 00:00:00+00:00,2023-12-12 00:00:00+00:00,7106,2225.1100000000001,2226.2225549999998,5.0643793503800785,40.838382271493252,2124.1265993212669,11.274435536892378,103410.52993933915,2023-12-13 20:00:00+00:00,2023-12-13 20:00:00+00:00,2023-12-13 20:00:00+00:00,2253.04,2251.9134800000002,11.404544126954542,11.339525193949754,130.10859006216501,107.42961039831808,0.009519083040479168,12,SIGNAL
meanrev_bollinger_v0.1,SOLUSDT,2023-12-11 12:00:00+00:00,2023-12-11 12:00:00+00:00,7103,69.659999999999997,69.694829999999996,72.838599431282816,2.8384921676430257,62.598599580892433,5.0764738048013527,103375.89699389199,2023-12-13 20:00:00+00:00,2023-12-13 20:00:00+00:00,2023-12-13 20:00:00+00:00,70.349999999999994,70.314824999999999,5.1216333722557508,5.0990661531865724,45.159567454398406,34.961460277341303,0.0068800776063424243,15,SIGNAL
meanrev_bollinger_v0.1,BTCUSDT,2023-12-18 12:00:00+00:00,2023-12-18 12:00:00+00:00,7145,41105.120000000003,41125.672559999999,0.351749047449744,590.9737355166194,39648.238221208449,14.465916148710074,103937.22426789391,2023-12-19 00:00:00+00:00,2023-12-19 00:00:00+00:00,2023-12-19 00:00:00+00:00,42657.800000000003,42636.471100000002,14.997338096043539,14.731763660803457,531.42194733346514,501.95869308871147,0.034664740946778787,4,SIGNAL
meanrev_bollinger_v0.1,ETHUSDT,2023-12-18 16:00:00+00:00,2023-12-18 16:00:00+00:00,7146,2155.1999999999998,2156.2775999999999,5.759835707435788,36.145479932299779,2065.9139001692506,12.419804715623943,104096.01298823199,2023-12-19 00:00:00+00:00,2023-12-19 00:00:00+00:00,2023-12-19 00:00:00+00:00,2219.4400000000001,2218.3302800000001,12.777217957630031,12.598603839588446,357.41324200608796,332.21621933283393,0.02672218626596682,3,SIGNAL
meanrev_bollinger_v0.1,SOLUSDT,2023-12-18 12:00:00+00:00,2023-12-18 12:00:00+00:00,7145,69.019999999999996,69.054509999999993,77.134862470016699,2.6949480673099178,62.3171398317252,5.326510131784393,103937.22426789391,2023-12-19 00:00:00+00:00,2023-12-19 00:00:00+00:00,2023-12-19 00:00:00+00:00,74.409999999999997,74.372794999999996,5.7367353138357462,5.5317266620370571,410.22518205135299,399.16193660573282,0.074863872135114848,4,SIGNAL
meanrev_bollinger_v0.1,BTCUSDT,2023-12-25 08:00:00+00:00,2023-12-25 08:00:00+00:00,7186,43208.150000000001,43229.754074999997,0.43504193147579034,483.49620350457565,42021.013566238558,18.806755710011419,105170.56111692118,2023-12-25 16:00:00+00:00,2023-12-25 16:00:00+00:00,2023-12-25 16:00:00+00:00,43618.010000000002,43596.200995000007,18.966175485871577,18.886510174509162,159.41977586015852,121.64684466427552,0.0064617907106773818,3,SIGNAL
meanrev_bollinger_v0.1,ETHUSDT,2023-12-27 00:00:00+00:00,2023-12-27 00:00:00+00:00,7196,2230.8800000000001,2231.9954400000001,6.4692950816232599,32.551369703533695,2150.6170157411661,14.439437122197546,105292.20796158545,2023-12-27 12:00:00+00:00,2023-12-27 12:00:00+00:00,2023-12-27 12:00:00+00:00,2285.9200000000001,2284.7770400000004,14.780896867477754,14.610256012336096,341.45974528020787,312.23941129053259,0.021602468376499533,4,SIGNAL
meanrev_bollinger_v0.1,BTCUSDT,2023-12-27 00:00:00+00:00,2023-12-27 00:00:00+00:00,7196,42508.93,42530.184464999998,0.40993597712886359,513.70074273079376,41245.932608173011,17.43465272613059,105292.20796158545,2023-12-27 20:00:00+00:00,2023-12-27 20:00:00+00:00,2023-12-27 20:00:00+00:00,43154.339999999997,43132.76283,17.681671276983575,17.558228145749784,247.01855085298851,211.90222684987435,0.012141941662897863,6,SIGNAL
meanrev_bollinger_v0.1,SOLUSDT,2024-01-04 00:00:00+00:00,2024-01-04 00:00:00+00:00,7244,98.519999999999996,98.569259999999986,43.155400988804395,4.9039678545532368,86.309340363616897,4.2537959404697165,105816.34959972586,,2024-01-08 04:00:00+00:00,2024-01-08 00:00:00+00:00,86.309340363616897,86.266185693435091,3.7228518353748523,3.9881921489435137,-530.94410509486465,-538.92075287070918,-0.12656516157208031,25,STOP
meanrev_bollinger_v0.1,SOLUSDT,2024-01-13 08:00:00+00:00,2024-01-13 08:00:00+00:00,7300,92.560000000000002,92.606279999999998,47.880497255555944,4.3975077487165821,81.61251062820854,4.4340347353872449,105277.42884685514,2024-01-14 08:00:00+00:00,2024-01-14 08:00:00+00:00,2024-01-14 08:00:00+00:00,98.280000000000001,98.230860000000007,4.7033424226409011,4.5687570481246729,269.30768725365527,260.17031009562714,0.058617132071977787,7,SIGNAL
meanrev_bollinger_v0.1,ETHUSDT,2024-01-15 04:00:00+00:00,2024-01-15 04:00:00+00:00,7311,2503.3200000000002,2504.5716600000001,4.059592939132691,51.994178105698587,2374.5862147357534,10.167541426487844,105537.59915695076,2024-01-16 04:00:00+00:00,2024-01-16 04:00:00+00:00,2024-01-16 04:00:00+00:00,2537.5999999999999,2536.3312000000001,10.296472230821946,10.232041619365287,128.93080433410233,108.46679067679254,0.01065728947631916,7,SIGNAL
meanrev_bollinger_v0.1,ETHUSDT,2024-01-19 00:00:00+00:00,2024-01-19 00:00:00+00:00,7334,2470.8099999999999,2472.0454049999998,5.0752166233292328,41.632140571893864,2367.9650535702654,12.546165933080646,105646.06594762756,,2024-01-22 12:00:00+00:00,2024-01-22 08:00:00+00:00,2367.9650535702654,2366.7810710434806,12.011926635540839,12.278915794213127,-534.23929753980656,-558.79739010842798,-0.0444948005577986,21,STOP
meanrev_bollinger_v0.1,SOLUSDT,2024-01-19 00:00:00+00:00,2024-01-19 00:00:00+00:00,7334,94.390000000000001,94.437194999999988,61.4436971395752,3.4387926139158744,85.840213465210297,5.8025704082910048,105646.06594762756,,2024-01-22 16:00:00+00:00,2024-01-22 12:00:00+00:00,85.840213465210297,85.797293358477702,5.2717029085135909,5.5370053257773062,-530.86749977741397,-541.94177309421855,-0.093303542159163977,22,STOP
meanrev_bollinger_v0.1,SOLUSDT,2024-02-01 08:00:00+00:00,2024-02-01 08:00:00+00:00,7414,94.930000000000007,94.977464999999995,67.426552139857392,3.1010135760041555,87.224931059989601,6.4040029959339799,104545.32678442492,2024-02-02 08:00:00+00:00,2024-02-02 08:00:00+00:00,2024-02-02 08:00:00+00:00,101.20999999999999,101.159395,6.8208292214039297,6.6125219683543692,416.82622546994918,403.60139325261127,0.062960338293650345,7,SIGNAL
meanrev_bollinger_v0.1,BTCUSDT,2024-02-05 04:00:00+00:00,2024-02-05 04:00:00+00:00,7437,42718.309999999998,42739.669154999996,0.46340892542324247,452.94305922927651,41607.311506926802,19.80594415606345,104948.92817767753,2024-02-05 08:00:00+00:00,2024-02-05 08:00:00+00:00,2024-02-05 08:00:00+00:00,43071.870000000003,43050.334065000003,19.949909048173261,19.877967562832424,143.96489210981147,104.20903890557477,0.0052562469706717912,2,SIGNAL
meanrev_bollinger_v0.1,SOLUSDT,2024-02-06 16:00:00+00:00,2024-02-06 16:00:00+00:00,7446,95.760000000000005,95.807879999999997,91.427199525595555,2.2980718596148817,90.062700350962785,8.7594461608843162,105053.13721658311,2024-02-06 20:00:00+00:00,2024-02-06 20:00:00+00:00,2024-02-06 20:00:00+00:00,97.579999999999998,97.531210000000002,8.9170053966427609,8.8382673781383101,157.55923575844497,139.88278420091788,0.015953410591617846,2,SIGNAL
meanrev_bollinger_v0.1,BTCUSDT,2024-02-17 20:00:00+00:00,2024-02-17 20:00:00+00:00,7513,51394.440000000002,51420.137219999997,0.30120845975113958,698.47321079690255,49673.954193007739,15.488180332228444,105193.02000078403,2024-02-18 12:00:00+00:00,2024-02-18 12:00:00+00:00,2024-02-18 12:00:00+00:00,51832.010000000002,51806.093995000003,15.604433777956713,15.546340005037111,116.25344572826894,85.16083161808379,0.005492947140161613,5,SIGNAL
meanrev_bollinger_v0.1,BTCUSDT,2024-02-21 16:00:00+00:00,2024-02-21 16:00:00+00:00,7536,51156,51181.577999999994,0.30413581983169752,692.31030327608812,49450.802241809775,15.566151185309971,105278.18083240211,2024-02-22 00:00:00+00:00,2024-02-22 00:00:00+00:00,2024-02-22 00:00:00+00:00,51849.379999999997,51823.455309999998,15.761369067218189,15.663812846685911,195.21788190821573,163.89036165568757,0.010518119287905824,3,SIGNAL
meanrev_bollinger_v0.1,SOLUSDT,2024-02-21 16:00:00+00:00,2024-02-21 16:00:00+00:00,7536,103.86,103.91193,73.353176454476426,2.870446405214329,96.735813986964175,7.6222701370152031,105278.18083240211,2024-02-24 20:00:00+00:00,2024-02-24 20:00:00+00:00,2024-02-24 20:00:00+00:00,104.05,103.997975,7.6285818110832277,7.6254294583250335,6.3116740680253214,-8.9391778800731103,-0.0011715994673389596,20,SIGNAL
meanrev_bollinger_v0.1,SOLUSDT,2024-03-06 00:00:00+00:00,2024-03-06 00:00:00+00:00,7616,125.31,125.37265499999999,32.804181173193847,6.4280301013782424,109.30257974655439,4.1127472887843268,105433.13201617773,2024-03-06 08:00:00+00:00,2024-03-06 08:00:00+00:00,2024-03-06 08:00:00+00:00,133.19999999999999,133.13339999999999,4.3673321738032858,4.2401044375411887,254.58488501895829,246.10480555637068,0.059779735866638553,3,SIGNAL
meanrev_bollinger_v0.1,SOLUSDT,2024-03-11 08:00:00+00:00,2024-03-11 08:00:00+00:00,7648,147.84999999999999,147.923925,39.436736574619374,5.3594311294888914,134.52534717627776,5.8336368633087536,105679.2368217341,2024-03-11 12:00:00+00:00,2024-03-11 12:00:00+00:00,2024-03-11 12:00:00+00:00,148.27000000000001,148.19586500000003,5.8443612894528565,5.8390032172376225,10.724426144103143,-0.95357200865846714,-0.00016329768403323036,2,SIGNAL
meanrev_bollinger_v0.1,BTCUSDT,2024-03-15 00:00:00+00:00,2024-03-15 00:00:00+00:00,7670,71388.940000000002,71424.634470000005,0.14864289332953154,1421.9083184211656,67869.863673947097,10.616764322624993,105678.28324972544,,2024-03-15 04:00:00+00:00,2024-03-15 00:00:00+00:00,67869.863673947097,67835.928742110133,10.083328719923179,10.349915749851267,-533.43560270181308,-554.13569574436133,-0.052142262633730341,1,STOP
meanrev_bollinger_v0.1,ETHUSDT,2024-03-15 00:00:00+00:00,2024-03-15 00:00:00+00:00,7670,3881.6900000000001,3883.6308449999997,2.4480110499474246,86.338076988659893,3667.7856525283501,9.5071712224766518,105678.28324972544,,2024-03-15 04:00:00+00:00,2024-03-15 00:00:00+00:00,3667.7856525283501,3665.9517597020863,8.974290416324914,9.240599909347301,-532.88080615173999,-551.36226779054164,-0.057936419092988529,1,STOP
meanrev_bollinger_v0.1,ETHUSDT,2024-03-15 16:00:00+00:00,2024-03-15 16:00:00+00:00,7674,3688.8899999999999,3690.7344449999996,2.0526484230000639,101.89059569524468,3436.0079557618878,7.5757802382412658,104572.78528619054,,2024-03-17 08:00:00+00:00,2024-03-17 04:00:00+00:00,3436.0079557618878,3434.2899517840069,7.0493898536544073,7.3124552764649042,-526.39038458685798,-541.01555467875357,-0.071342497089729062,10,STOP
meanrev_bollinger_v0.1,BTCUSDT,2024-03-15 16:00:00+00:00,2024-03-15 16:00:00+00:00,7674,68157.070000000007,68191.148535,0.12300815137490441,1700.2578140935304,63940.503999766173,8.3880671214218712,104572.78528619054,2024-03-17 20:00:00+00:00,2024-03-17 20:00:00+00:00,2024-03-17 20:00:00+00:00,68536.720000000001,68502.451639999999,8.4263599408851881,8.4072252061640977,38.292819463317642,21.478392401010584,0.002558030968868529,14,SIGNAL
meanrev_bollinger_v0.1,BTCUSDT,2024-03-19 16:00:00+00:00,2024-03-19 16:00:00+00:00,7698,64051.849999999999,64083.875924999993,0.1185810284737456,1754.9729406664858,59696.443573333781,7.5991319157704051,104053.2481239128,2024-03-20 20:00:00+00:00,2024-03-20 20:00:00+00:00,2024-03-20 20:00:00+00:00,65784.470000000001,65751.577765000009,7.7968897151451646,7.6980621794215756,197.75779937475986,182.36177774384427,0.023973738074953406,8,SIGNAL
meanrev_bollinger_v0.1,BTCUSDT,2024-04-01 20:00:00+00:00,2024-04-01 20:00:00+00:00,7777,69648.009999999995,69682.834004999997,0.21047606456883605,990.4747137417753,67206.647220645566,14.666568669375863,104235.60990165664,,2024-04-02 04:00:00+00:00,2024-04-02 00:00:00+00:00,67206.647220645566,67173.043897035241,14.138317924557649,14.402314834860167,-528.25074481821605,-557.05563141214952,-0.037943376179177667,2,STOP
meanrev_bollinger_v0.1,BTCUSDT,2024-04-02 20:00:00+00:00,2024-04-02 20:00:00+00:00,7783,65914.910000000003,65947.867455,0.17607392752016668,1177.6707174135095,63003.690661466229,11.611700034381229,103678.55427024449,2024-04-04 16:00:00+00:00,2024-04-04 16:00:00+00:00,2024-04-04 16:00:00+00:00,67648,67614.176000000007,11.905093524359794,11.7584730673594,293.39348997856564,269.87669641982461,0.023218571658948396,12,SIGNAL
meanrev_bollinger_v0.1,SOLUSDT,2024-04-02 20:00:00+00:00,2024-04-02 20:00:00+00:00,7783,185.66999999999999,185.76283499999997,36.222244318237991,5.7245792590517137,171.45138685237069,6.7287467946185302,103678.55427024449,2024-04-04 16:00:00+00:00,2024-04-04 16:00:00+00:00,2024-04-04 16:00:00+00:00,187,186.90650000000002,6.7701729076667503,6.7494718950373205,41.426113048219662,27.927193345934381,0.0041462838331493765,12,SIGNAL
meanrev_bollinger_v0.1,SOLUSDT,2024-04-05 16:00:00+00:00,2024-04-05 16:00:00+00:00,7800,175.88999999999999,175.97794499999998,34.449615673480253,6.0364306612600371,160.88686834684989,6.0623725722588455,103976.35816001026,2024-04-07 04:00:00+00:00,2024-04-07 04:00:00+00:00,2024-04-07 04:00:00+00:00,180.66,180.56967,6.2205557337871573,6.1415052341891778,158.18316152831198,145.90023322226597,0.024042481224345835,10,SIGNAL
meanrev_bollinger_v0.1,SOLUSDT,2024-04-09 20:00:00+00:00,2024-04-09 20:00:00+00:00,7825,174.31999999999999,174.40715999999998,45.031568737081614,4.6244117765985004,162.84613055850372,7.8538280137791903,104122.25839323252,,2024-04-10 16:00:00+00:00,2024-04-10 12:00:00+00:00,162.84613055850372,162.76470749322448,7.3295501134521208,7.5915598920292,-524.27790032706901,-539.46127845430033,-0.068619067689372232,5,STOP
meanrev_bollinger_v0.1,BTCUSDT,2024-04-13 04:00:00+00:00,2024-04-13 04:00:00+00:00,7845,67160.550000000003,67194.130275000003,0.16521150689911659,1253.9416782637202,64059.2760793407,11.101243517508303,103582.79711477821,,2024-04-13 20:00:00+00:00,2024-04-13 16:00:00+00:00,64059.2760793407,64027.246441301031,10.578037867168444,10.839512600803674,-523.20565033985849,-544.88493172453525,-0.049034199661947442,4,STOP
meanrev_bollinger_v0.1,SOLUSDT,2024-05-24 00:00:00+00:00,2024-05-24 00:00:00+00:00,8090,176.15000000000001,176.23807500000001,38.093386881928659,5.4097532730508888,162.71369181737279,6.7135051743013596,103037.91218305368,,2024-05-24 12:00:00+00:00,2024-05-24 08:00:00+00:00,162.71369181737279,162.6323349714641,6.1952164555793985,6.4542328563190532,-518.28871872196135,-531.19744035184203,-0.079044665908593353,3,STOP
meanrev_bollinger_v0.1,BTCUSDT,2024-05-24 00:00:00+00:00,2024-05-24 00:00:00+00:00,8090,67969.660000000003,68003.644830000005,0.19386561653071158,1062.9828437548724,65346.187720612827,13.183568531303489,103037.91218305368,2024-05-24 20:00:00+00:00,2024-05-24 20:00:00+00:00,2024-05-24 20:00:00+00:00,69115.979999999996,69081.422009999995,13.392512468786919,13.288096058054052,208.94393748342978,182.36785648333938,0.013819146946438618,6,SIGNAL
meanrev_bollinger_v0.1,SOLUSDT,2024-05-24 16:00:00+00:00,2024-05-24 16:00:00+00:00,8094,167.28999999999999,167.37364499999998,38.613929418140849,5.3118714143579044,154.09396646410522,6.4629541144869629,102556.11393612805,2024-05-27 12:00:00+00:00,2024-05-27 12:00:00+00:00,2024-05-27 12:00:00+00:00,167.72999999999999,167.64613499999999,6.4734760241141123,6.4682193168325011,10.521909627149384,-2.4145205114516912,-0.00037322072233838204,18,SIGNAL
meanrev_bollinger_v0.1,BTCUSDT,2024-05-28 12:00:00+00:00,2024-05-28 12:00:00+00:00,8117,68389.869999999995,68424.064934999988,0.21908380379482342,937.41907251931718,66080.517253701692,14.990604417063794,102686.66807867371,2024-05-29 04:00:00+00:00,2024-05-29 04:00:00+00:00,2024-05-29 04:00:00+00:00,68829.410000000003,68794.995295000001,15.071869251275581,15.031260908192401,81.264834211786066,51.202360543446694,0.0034122179407180672,5,SIGNAL
meanrev_bollinger_v0.1,ETHUSDT,2024-05-30 00:00:00+00:00,2024-05-30 00:00:00+00:00,8126,3767.4400000000001,3769.3237199999999,2.9136571437616583,70.521592191576872,3593.0197395210575,10.982516983928269,102737.87043921716,2024-05-31 12:00:00+00:00,2024-05-31 12:00:00+00:00,2024-05-31 12:00:00+00:00,3802.6199999999999,3800.7186900000002,11.073991162546953,11.028279698850882,91.47417861868378,69.417670472208556,0.006314428855565833,10,SIGNAL
meanrev_bollinger_v0.1,SOLUSDT,2024-06-03 04:00:00+00:00,2024-06-03 04:00:00+00:00,8151,163.59,163.671795,70.345573290634931,2.9229213239883016,156.36449169002924,11.513586250782277,102807.28810968937,2024-06-03 20:00:00+00:00,2024-06-03 20:00:00+00:00,2024-06-03 20:00:00+00:00,166.94,166.85653000000002,11.737618260136028,11.625661169875141,224.03200935375148,200.78080484283316,0.017421177055462349,5,SIGNAL
meanrev_bollinger_v0.1,BTCUSDT,2024-06-08 08:00:00+00:00,2024-06-08 08:00:00+00:00,8182,69582.199999999997,69616.991099999999,0.26444900932941573,779.03917413597355,67669.393164660069,18.41014432888975,103008.0689145322,2024-06-10 16:00:00+00:00,2024-06-10 16:00:00+00:00,2024-06-10 16:00:00+00:00,70066.119999999995,70031.086939999994,18.519651563545185,18.464929939259612,109.50723465543079,72.577438762995854,0.0039383142540273175,15,SIGNAL
meanrev_bollinger_v0.1,ETHUSDT,2024-06-08 08:00:00+00:00,2024-06-08 08:00:00+00:00,8182,3708.98,3710.8344899999997,4.155717774409319,49.574140741149549,3586.899138147126,15.421180847984139,103008.0689145322,2024-06-10 16:00:00+00:00,2024-06-10 16:00:00+00:00,2024-06-10 16:00:00+00:00,3702.5300000000002,3700.6787350000004,15.378976396418096,15.400071921104123,-42.204451566043474,-73.004608810445717,-0.0047293185815174494,15,SIGNAL
meanrev_bollinger_v0.1,ETHUSDT,2024-07-23 04:00:00+00:00,2024-07-23 04:00:00+00:00,8451,3474.9899999999998,3476.7274949999996,3.9254976574843958,52.481316119544388,3345.5242047011388,13.64788563733409,103007.64174448476,2024-07-23 12:00:00+00:00,2024-07-23 12:00:00+00:00,2024-07-23 12:00:00+00:00,3516.0100000000002,3514.2519950000005,13.795187974182367,13.721577061734893,147.30233684827675,119.85926323676028,0.0087734852778585098,3,SIGNAL
meanrev_bollinger_v0.1,BTCUSDT,2024-07-24 00:00:00+00:00,2024-07-24 00:00:00+00:00,8456,65936,65968.967999999993,0.21498769908945409,959.38048032051609,63570.516799198704,14.182516641625826,103127.50100772153,,2024-07-25 16:00:00+00:00,2024-07-25 12:00:00+00:00,63570.516799198704,63538.731540799105,13.660045697018923,13.921154031873279,-522.47094460690107,-550.3135069455459,-0.038763483032960566,10,STOP
meanrev_bollinger_v0.1,SOLUSDT,2024-07-25 12:00:00+00:00,2024-07-25 12:00:00+00:00,8465,168.81,168.89440500000001,42.847398063805336,4.7942540364863806,156.90876990878405,7.2366858017845548,102710.65556016871,2024-07-26 04:00:00+00:00,2024-07-26 04:00:00+00:00,2024-07-26 04:00:00+00:00,175.74000000000001,175.65213000000003,7.5262367348652841,7.381535501441415,289.55093308072986,274.78801054408001,0.037933593438496171,5,SIGNAL
meanrev_bollinger_v0.1,SOLUSDT,2024-08-01 08:00:00+00:00,2024-08-01 08:00:00+00:00,8506,168.22999999999999,168.31411499999999,44.226680564074847,4.6511279706967787,156.68629507325804,7.4439745985299579,102851.97551132005,,2024-08-02 16:00:00+00:00,2024-08-02 12:00:00+00:00,156.68629507325804,156.60795192572141,6.9262498636128713,7.184984596133682,-517.72473491708706,-532.09495937922986,-0.071408545118923458,8,STOP
meanrev_bollinger_v0.1,BTCUSDT,2024-08-27 20:00:00+00:00,2024-08-27 20:00:00+00:00,8665,62102,62133.050999999999,0.26231116440444902,780.14125539984377,60182.69786150039,16.298192955811015,102319.88055194083,,2024-08-28 00:00:00+00:00,2024-08-27 20:00:00+00:00,60182.69786150039,60152.60651256964,15.778700256274787,16.038320742447887,-519.49269953622968,-551.56959274831547,-0.033808568573712901,1,STOP
meanrev_bollinger_v0.1,SOLUSDT,2024-08-27 20:00:00+00:00,2024-08-27 20:00:00+00:00,8665,154.97999999999999,155.05748999999997,64.489890196771995,3.1732068465225085,147.1244728836937,9.9996405042870702,102319.88055194083,,2024-08-28 00:00:00+00:00,2024-08-27 20:00:00+00:00,147.1244728836937,147.05091064725187,9.4832970809766035,9.7413421421094029,-516.34342331046707,-535.82636089573077,-0.053531031400220197,1,STOP
meanrev_bollinger_v0.1,SOLUSDT,2024-09-30 20:00:00+00:00,2024-09-30 20:00:00+00:00,8869,155.06999999999999,155.14753499999998,69.739514909263065,2.903159986988975,147.88963503252754,10.819913830267911,101232.4845982968,2024-10-01 08:00:00+00:00,2024-10-01 08:00:00+00:00,2024-10-01 08:00:00+00:00,156.78999999999999,156.71160499999999,10.928991313352045,10.874482559800253,109.07748308413214,87.32857794051219,0.00806303432471496,4,SIGNAL
meanrev_bollinger_v0.1,BTCUSDT,2024-10-01 04:00:00+00:00,2024-10-01 04:00:00+00:00,8871,63723.470000000001,63755.331735,0.29636938519259942,683.95645901244052,62045.440587468896,18.895128469052171,101351.87762801215,,2024-10-01 16:00:00+00:00,2024-10-01 12:00:00+00:00,62045.440587468896,62014.417867175165,18.379174896371655,18.637027353574219,-515.95357268051657,-553.22787604594043,-0.029249613293199216,3,STOP
meanrev_bollinger_v0.1,ETHUSDT,2024-10-01 00:00:00+00:00,2024-10-01 00:00:00+00:00,8870,2602.2399999999998,2603.5411199999999,5.6375807862972067,35.844355266214272,2513.9302318344644,14.677673394446709,101037.72427301033,,2024-10-01 16:00:00+00:00,2024-10-01 12:00:00+00:00,2513.9302318344644,2512.6732667185474,14.16539853069512,14.421411499206755,-512.27486375158981,-541.11793567673169,-0.036829907832868151,4,STOP
meanrev_bollinger_v0.1,SOLUSDT,2024-10-02 04:00:00+00:00,2024-10-02 04:00:00+00:00,8877,147.19999999999999,147.27359999999999,55.530186834504512,3.6097651773877359,138.24918705653064,8.1781305237900828,100225.46736451464,,2024-10-03 12:00:00+00:00,2024-10-03 08:00:00+00:00,138.24918705653064,138.1800624630024,7.6731646853740267,7.9255233445020385,-504.96583841605599,-520.81713362522009,-0.063620510246797171,8,STOP
meanrev_bollinger_v0.1,BTCUSDT,2024-10-02 04:00:00+00:00,2024-10-02 04:00:00+00:00,8877,61750.459999999999,61781.335229999997,0.24064581999088747,832.97077313297928,59698.908297167553,14.867420076555254,100225.46736451464,2024-10-04 16:00:00+00:00,2024-10-04 16:00:00+00:00,2024-10-04 16:00:00+00:00,61873.050000000003,61842.113475000006,14.882046107160889,14.874740467049676,14.626030605634128,-15.123435578082015,-0.0010162036972814013,16,SIGNAL
meanrev_bollinger_v0.1,SOLUSDT,2024-10-17 16:00:00+00:00,2024-10-17 16:00:00+00:00,8970,152.88999999999999,152.96644499999996,68.389302536439786,2.9153543930995318,145.67805901725114,10.461268485028675,99689.526795311336,2024-10-18 08:00:00+00:00,2024-10-18 08:00:00+00:00,2024-10-18 08:00:00+00:00,153.90000000000001,153.82305000000002,10.519851103527907,10.49057706257449,58.582618499231017,37.601498910674437,0.0035907629203339171,5,SIGNAL
meanrev_bollinger_v0.1,BTCUSDT,2024-10-21 20:00:00+00:00,2024-10-21 20:00:00+00:00,8995,67763.990000000005,67797.871995000009,0.28576485103073473,697.96637294273899,66052.956062643163,19.374248790852,99727.128294222013,,2024-10-23 16:00:00+00:00,2024-10-23 12:00:00+00:00,66052.956062643163,66019.929584611848,18.866175342806201,19.120089828488766,-508.07344804579827,-546.31387217945644,-0.028169768540036402,11,STOP
meanrev_bollinger_v0.1,BTCUSDT,2024-11-01 12:00:00+00:00,2024-11-01 12:00:00+00:00,9059,70002.009999999995,70037.011004999993,0.22484441316208922,881.69090417029747,67832.783744574248,15.747430639046009,99121.636969261192,,2024-11-03 16:00:00+00:00,2024-11-03 12:00:00+00:00,67832.783744574248,67798.867352701971,15.244196542972604,15.495691656405537,-503.23409607340386,-534.22572325542251,-0.033890737064172255,13,STOP
meanrev_bollinger_v0.1,SOLUSDT,2024-11-01 00:00:00+00:00,2024-11-01 00:00:00+00:00,9056,168.69,168.77434499999998,55.663978893509167,3.5635546144405339,159.86545846389865,9.3946515778458348,99180.814422042546,,2024-11-03 16:00:00+00:00,2024-11-03 12:00:00+00:00,159.86545846389865,159.78552573466672,8.8942981319827545,9.1443520526387871,-500.35344586307929,-518.64239557290784,-0.055150983195952713,16,STOP
meanrev_bollinger_v0.1,SOLUSDT,2024-11-03 20:00:00+00:00,2024-11-03 20:00:00+00:00,9073,161.06,161.14052999999998,53.646286394382805,3.6583313738372398,151.9947015654069,8.6445910221226328,98127.946303214223,2024-11-05 16:00:00+00:00,2024-11-05 16:00:00+00:00,2024-11-05 16:00:00+00:00,165.94999999999999,165.86702499999998,8.8981499265342521,8.7714360569128349,253.55890441161836,236.01616346296149,0.027274903170836994,12,SIGNAL
meanrev_bollinger_v0.1,ETHUSDT,2024-11-14 20:00:00+00:00,2024-11-14 20:00:00+00:00,9139,3145.4099999999999,3146.9827049999999,2.106355061428721,93.397323431271687,2913.4893964218209,6.6286629489053981,98363.962466677185,2024-11-16 04:00:00+00:00,2024-11-16 04:00:00+00:00,2024-11-16 04:00:00+00:00,3154.77,3153.1926149999999,6.6417432242649141,6.6352080154561914,13.080275359516905,-0.19013081365340678,-2.8654477417952201e-05,9,SIGNAL
meanrev_bollinger_v0.1,BTCUSDT,2024-11-24 20:00:00+00:00,2024-11-24 20:00:00+00:00,9199,96320.009999999995,96368.170004999993,0.15403425278119667,1277.1675203383209,93175.251204154192,14.843999058611503,98363.772335863527,2024-11-25 12:00:00+00:00,2024-11-25 12:00:00+00:00,2024-11-25 12:00:00+00:00,98188.089999999997,98138.995955000006,15.116766910625309,14.98045492169339,272.76785201380477,242.80708604456794,0.016340914639328612,5,SIGNAL
meanrev_bollinger_v0.1,BTCUSDT,2024-11-26 04:00:00+00:00,2024-11-26 04:00:00+00:00,9207,94464,94511.231999999989,0.12831331092054693,1536.9657086156308,90668.817728460912,12.127049097099944,98606.579421908085,2024-11-27 16:00:00+00:00,2024-11-27 16:00:00+00:00,2024-11-27 16:00:00+00:00,95556,95508.222000000009,12.254976184954621,12.191047670558625,127.92708785467862,103.54506257262406,0.0085298261863563634,10,SIGNAL
meanrev_bollinger_v0.1,SOLUSDT,2024-11-26 04:00:00+00:00,2024-11-26 04:00:00+00:00,9207,237.44,237.55871999999999,27.354500314923648,7.2095324927658666,219.53488876808532,6.4983000810528582,98606.579421908085,2024-11-27 16:00:00+00:00,2024-11-27 16:00:00+00:00,2024-11-27 16:00:00+00:00,240.59,240.469705,6.5779286211520969,6.5381358927713356,79.628540099238307,66.55231139703335,0.010231264290997442,10,SIGNAL
meanrev_bollinger_v0.1,BTCUSDT,2024-12-02 16:00:00+00:00,2024-12-02 16:00:00+00:00,9246,97048.009999999995,97096.534004999994,0.15986446802524132,1235.7552371210056,94007.145912197477,15.522285755804079,98776.676795877749,,2024-12-03 16:00:00+00:00,2024-12-03 12:00:00+00:00,94007.145912197477,93960.142339241385,15.020888170638779,15.271465431690206,-501.39758516530048,-531.9407590917433,-0.034235251051430826,6,STOP
meanrev_bollinger_v0.1,SOLUSDT,2024-12-02 16:00:00+00:00,2024-12-02 16:00:00+00:00,9246,229.21000000000001,229.32460499999999,36.260081048470902,5.4482325433215326,215.70402364169615,8.3153287637085747,98776.676795877749,,2024-12-03 16:00:00+00:00,2024-12-03 12:00:00+00:00,215.70402364169615,215.59617162987533,7.8175346570393227,8.0663092784231392,-497.79410666925276,-513.92697009000062,-0.061743025576355991,6,STOP
meanrev_bollinger_v0.1,ETHUSDT,2024-12-03 20:00:00+00:00,2024-12-03 20:00:00+00:00,9253,3577.3400000000001,3579.1286700000001,2.732372164777944,71.493029613191325,3400.3960959670217,9.7795115520667046,97672.782045364613,2024-12-04 04:00:00+00:00,2024-12-04 04:00:00+00:00,2024-12-04 04:00:00+00:00,3661.79,3659.9591050000004,10.000370382727597,9.8899986546031435,220.85883066089372,201.07894872609941,0.020540705901921287,3,SIGNAL
meanrev_bollinger_v0.1,BTCUSDT,2024-12-03 16:00:00+00:00,2024-12-03 16:00:00+00:00,9252,95682.539999999994,95730.381269999983,0.14597932145944401,1338.9678495504941,92382.961646123746,13.974656100848467,97730.809066696005,2024-12-04 08:00:00+00:00,2024-12-04 08:00:00+00:00,2024-12-04 08:00:00+00:00,96588.809999999998,96540.515595000004,14.092918959902972,14.033820604543177,118.26285905450774,90.195283993756306,0.0064477564359863328,5,SIGNAL
meanrev_bollinger_v0.1,BTCUSDT,2024-12-10 00:00:00+00:00,2024-12-10 00:00:00+00:00,9290,97276.479999999996,97325.118239999996,0.11125583231381637,1762.1023772116066,92919.862296970983,10.827987034831791,98022.083299415855,2024-12-11 12:00:00+00:00,2024-12-11 12:00:00+00:00,2024-12-11 12:00:00+00:00,98292.610000000001,98243.463695000013,10.930158322779429,10.879100941401463,102.17128794763728,80.413142590026055,0.0074189975959362371,10,SIGNAL
meanrev_bollinger_v0.1,ETHUSDT,2024-12-10 08:00:00+00:00,2024-12-10 08:00:00+00:00,9292,3734.54,3736.4072699999997,2.1808933795632868,89.868619920624056,3511.7357201984396,8.1487058784951341,97996.939107689148,2024-12-11 20:00:00+00:00,2024-12-11 20:00:00+00:00,2024-12-11 20:00:00+00:00,3803.9099999999999,3802.008045,8.2917741743868554,8.22027784858345,143.0682958917215,126.62781583883952,0.015524098723229032,10,SIGNAL
meanrev_bollinger_v0.1,BTCUSDT,2024-12-19 08:00:00+00:00,2024-12-19 08:00:00+00:00,9346,101656.57000000001,101707.398285,0.12020826515942355,1634.3156458929095,97621.609170267722,12.226069901718382,98229.124257844713,,2024-12-19 20:00:00+00:00,2024-12-19 16:00:00+00:00,97621.609170267722,97572.798365682596,11.729056818288942,11.977442101091883,-497.01308342943804,-520.96821014944544,-0.042568688595008695,3,STOP
meanrev_bollinger_v0.1,ETHUSDT,2024-12-19 08:00:00+00:00,2024-12-19 08:00:00+00:00,9346,3693.79,3695.6368949999996,2.3817658022476413,82.484284697636653,3489.4261832559082,8.802141574035657,98229.124257844713,,2024-12-19 20:00:00+00:00,2024-12-19 16:00:00+00:00,3489.4261832559082,3487.6814701642807,8.3068404547700609,8.5543693277136317,-495.30111926559533,-512.4101012944011,-0.058156097443523826,3,STOP
meanrev_bollinger_v0.1,BTCUSDT,2024-12-20 04:00:00+00:00,2024-12-20 04:00:00+00:00,9351,97106.020000000004,97154.573009999993,0.10214120733155231,1903.1642269686829,92396.662442578279,9.9234853850228468,97195.745946400857,,2024-12-20 16:00:00+00:00,2024-12-20 12:00:00+00:00,92396.662442578279,92350.464111356996,9.4327879019631968,9.678016388624604,-490.69748305964976,-510.05375634663579,-0.051347303126332781,3,STOP
meanrev_bollinger_v0.1,BTCUSDT,2024-12-20 16:00:00+00:00,2024-12-20 16:00:00+00:00,9354,96991.630000000005,97040.125814999992,0.08663231811911383,2232.0929253472741,91459.893501631799,8.4068110499239097,96685.692190054222,2024-12-24 16:00:00+00:00,2024-12-24 16:00:00+00:00,2024-12-24 16:00:00+00:00,98299.990000000005,98250.840005000005,8.511698026783316,8.4592828749174416,104.88697685940637,87.968467782699136,0.010453498558921344,25,SIGNAL
meanrev_bollinger_v0.1,BTCUSDT,2025-01-27 16:00:00+00:00,2025-01-27 16:00:00+00:00,9582,101112.03,101162.58601499999,0.10959221358771061,1766.0681811191898,96747.415562202019,11.086631733641026,96773.660657836925,2025-01-29 08:00:00+00:00,2025-01-29 08:00:00+00:00,2025-01-29 08:00:00+00:00,102755.81,102704.432095,11.255606058559762,11.171163932472151,168.97432491873468,146.63208712653392,0.013212813868482373,11,SIGNAL
meanrev_bollinger_v0.1,SOLUSDT,2025-01-27 16:00:00+00:00,2025-01-27 16:00:00+00:00,9582,233.66999999999999,233.78683499999997,20.292231434314246,9.5380008818736677,209.9418327953158,4.7440565621158379,96773.660657836925,2025-01-30 04:00:00+00:00,2025-01-30 04:00:00+00:00,2025-01-30 04:00:00+00:00,240.25,240.12987500000003,4.8727709977929505,4.808447160674163,128.71443567711384,119.09760811720504,0.025079513266733303,16,SIGNAL
meanrev_bollinger_v0.1,BTCUSDT,2025-04-20 16:00:00+00:00,2025-04-20 16:00:00+00:00,10080,84344.649999999994,84386.822324999986,0.2451343495984474,791.72413423120929,82407.511989421968,20.686108805318614,97039.390353080671,2025-04-21 00:00:00+00:00,2025-04-21 00:00:00+00:00,2025-04-21 00:00:00+00:00,85179.240000000005,85136.650380000006,20.869917417891713,20.778064258272188,183.80861257309874,142.25258634988842,0.00686985054615377,3,SIGNAL
meanrev_bollinger_v0.1,ETHUSDT,2025-04-28 20:00:00+00:00,2025-04-28 20:00:00+00:00,10129,1797.1700000000001,1798.068585,5.3541539868710055,36.301400063476322,1707.3150848413093,9.6271360830452579,97181.64293943056,2025-04-29 00:00:00+00:00,2025-04-29 00:00:00+00:00,2025-04-29 00:00:00+00:00,1799.8800000000001,1798.9800600000003,9.6320162605504436,9.6295797992355663,4.8801775051850536,-14.378974838410649,-0.0014920958947989287,2,SIGNAL
meanrev_bollinger_v0.1,ETHUSDT,2025-04-30 20:00:00+00:00,2025-04-30 20:00:00+00:00,10141,1786.7,1787.5933499999999,5.4399661035599474,35.723481402211419,1698.2846464944714,9.7244472309491723,97167.263964592144,2025-05-01 04:00:00+00:00,2025-05-01 04:00:00+00:00,2025-05-01 04:00:00+00:00,1807.99,1807.0860050000001,9.8304866134175626,9.7774958764014457,106.03938246838963,86.484448624022903,0.0088846233129300893,3,SIGNAL
meanrev_bollinger_v0.1,SOLUSDT,2025-04-30 20:00:00+00:00,2025-04-30 20:00:00+00:00,10141,145.62,145.69281000000001,58.098162157236892,3.3449341719835686,137.33047457004108,8.4644845005235059,97167.263964592144,2025-05-01 04:00:00+00:00,2025-05-01 04:00:00+00:00,2025-05-01 04:00:00+00:00,148.71000000000001,148.63564500000001,8.6354578055554985,8.5500160338698308,170.97330503199237,153.87336272591338,0.018160543985085376,3,SIGNAL
meanrev_bollinger_v0.1,SOLUSDT,2025-05-05 04:00:00+00:00,2025-05-05 04:00:00+00:00,10167,144.91,144.98245499999999,77.966878523937226,2.4986923580898828,138.73572410477527,11.303829457087195,97407.621775942069,2025-05-06 00:00:00+00:00,2025-05-06 00:00:00+00:00,2025-05-06 00:00:00+00:00,146.72,146.64664000000002,11.433580766823557,11.368740391965606,129.75130973636095,107.01389951245021,0.0094575907152334542,6,SIGNAL
meanrev_bollinger_v0.1,ETHUSDT,2025-05-05 08:00:00+00:00,2025-05-05 08:00:00+00:00,10168,1826.5799999999999,1827.4932899999999,7.0234761872814859,27.776633964711788,1758.0517050882204,12.835355604731697,97544.263606993685,,2025-05-06 12:00:00+00:00,2025-05-06 08:00:00+00:00,1758.0517050882204,1757.1726792356765,12.341460469553382,12.588287710429052,-493.89513517831568,-519.0719512526008,-0.040400391997209927,7,STOP
meanrev_bollinger_v0.1,BTCUSDT,2025-05-05 08:00:00+00:00,2025-05-05 08:00:00+00:00,10168,94761.910000000003,94809.290955000004,0.22567156449583831,864.47988097137988,92648.091252571554,21.395761018555984,97544.263606993685,2025-05-06 20:00:00+00:00,2025-05-06 20:00:00+00:00,2025-05-06 20:00:00+00:00,94963.5,94916.018250000008,21.419846334193043,21.40781504965544,24.085315637059818,-18.730291715689209,-0.00087454613646719976,10,SIGNAL
meanrev_bollinger_v0.1,ETHUSDT,2025-05-06 20:00:00+00:00,2025-05-06 20:00:00+00:00,10177,1784.8,1785.6923999999999,6.7703516833259565,28.679644490368901,1713.9932887740777,12.089765546242367,97085.639676279534,2025-05-07 00:00:00+00:00,2025-05-07 00:00:00+00:00,2025-05-07 00:00:00+00:00,1817,1816.0915,12.295578144098961,12.192726346501416,205.81259785659469,181.42725416625336,0.014991689248632992,2,SIGNAL
meanrev_bollinger_v0.1,SOLUSDT,2025-05-06 16:00:00+00:00,2025-05-06 16:00:00+00:00,10176,143.18000000000001,143.25158999999999,74.772782843148647,2.5923248322802244,136.77077791929943,10.711320031005764,96917.670871495488,2025-05-07 00:00:00+00:00,2025-05-07 00:00:00+00:00,2025-05-07 00:00:00+00:00,146.88999999999999,146.81655499999999,10.97788238479419,10.844670559654473,266.56235378842547,244.87315137262553,0.022838317046046268,3,SIGNAL
meanrev_bollinger_v0.1,BTCUSDT,2025-05-13 00:00:00+00:00,2025-05-13 00:00:00+00:00,10214,102791.32000000001,102842.71566,0.14955411163499341,1302.5804877334344,99586.264440666419,15.380550978661526,97403.133838025096,2025-05-13 12:00:00+00:00,2025-05-13 12:00:00+00:00,2025-05-13 12:00:00+00:00,103729.2,103677.3354,15.505371792430253,15.442996451497766,124.82081376872837,93.934890997636586,0.0061012801217512234,4,SIGNAL
meanrev_bollinger_v0.1,SOLUSDT,2025-05-13 08:00:00+00:00,2025-05-13 08:00:00+00:00,10216,171.49000000000001,171.57574500000001,40.936259831580529,4.7567242516541484,159.68393437086465,7.023669278117004,97361.249956447326,2025-05-13 12:00:00+00:00,2025-05-13 12:00:00+00:00,2025-05-13 12:00:00+00:00,174,173.91300000000001,7.119347756089665,7.0715342046060483,95.678477972660701,81.535460938454037,0.011597073225714259,2,SIGNAL
meanrev_bollinger_v0.1,ETHUSDT,2025-05-17 08:00:00+00:00,2025-05-17 08:00:00+00:00,10240,2492.9000000000001,2494.1464499999997,2.7963220350448723,69.790677158823968,2319.6697571029399,6.9744366767639434,97578.604189961174,2025-05-18 16:00:00+00:00,2025-05-18 16:00:00+00:00,2025-05-18 16:00:00+00:00,2579,2577.7105000000001,7.2081086711165359,7.0913328647706519,233.67199435259261,219.4894490047121,0.031439123901777971,9,SIGNAL
meanrev_bollinger_v0.1,ETHUSDT,2025-05-19 00:00:00+00:00,2025-05-19 00:00:00+00:00,10250,2497.7800000000002,2499.02889,2.6750623049264779,73.118366969515336,2316.2329725762115,6.6850579825612577,97798.093638965875,2025-05-19 20:00:00+00:00,2025-05-19 20:00:00+00:00,2025-05-19 20:00:00+00:00,2518.8099999999999,2517.5505950000002,6.7346046974297264,6.7098454041345823,49.54671486846857,36.127052188477585,0.0053987506647508151,6,SIGNAL
meanrev_bollinger_v0.1,SOLUSDT,2025-05-19 12:00:00+00:00,2025-05-19 12:00:00+00:00,10253,162.19,162.271095,39.800875821961554,4.903084452816314,150.01338386795922,6.4585317015887265,97573.527725566208,2025-05-20 04:00:00+00:00,2025-05-20 04:00:00+00:00,2025-05-20 04:00:00+00:00,169.18000000000001,169.09541000000002,6.7301454154736771,6.5944081105615533,271.61371388495007,258.42503676788766,0.039972997242466654,5,SIGNAL
meanrev_bollinger_v0.1,BTCUSDT,2025-05-29 00:00:00+00:00,2025-05-29 00:00:00+00:00,10310,107781.78,107835.67088999999,0.15609494304325872,1256.8331018992426,104693.58813525189,16.832602905606141,98092.645727922238,,2025-05-30 04:00:00+00:00,2025-05-30 00:00:00+00:00,104693.58813525189,104641.24134118427,16.33396860712805,16.583165243582108,-498.63429847809277,-531.80086999082698,-0.031561939847906458,7,STOP
meanrev_bollinger_v0.1,SOLUSDT,2025-05-29 00:00:00+00:00,2025-05-29 00:00:00+00:00,10310,172.22,172.30610999999999,54.07704872444296,3.6278845847437724,163.23639853814055,9.3178059059892284,98092.645727922238,,2025-05-30 04:00:00+00:00,2025-05-30 00:00:00+00:00,163.23639853814055,163.15478033887149,8.8229290060109413,9.0702460043354716,-494.87689997828596,-513.0176348902861,-0.055002769421404391,7,STOP
meanrev_bollinger_v0.1,BTCUSDT,2025-05-30 04:00:00+00:00,2025-05-30 04:00:00+00:00,10317,106024.33,106077.34216499999,0.14763130237277111,1314.7323861980706,102790.51119950482,15.660336176061017,97047.827223041124,2025-06-01 20:00:00+00:00,2025-06-01 20:00:00+00:00,2025-06-01 20:00:00+00:00,105121.95,105069.389025,15.511530741272093,15.585900153781886,-148.80543478892378,-179.97730170625687,-0.011481075641077238,17,SIGNAL
meanrev_bollinger_v0.1,ETHUSDT,2025-05-31 08:00:00+00:00,2025-05-31 08:00:00+00:00,10324,2521.1100000000001,2522.370555,3.37731495660279,57.257401876589391,2379.2270503085265,8.5188398014959805,96688.139867011007,2025-06-02 16:00:00+00:00,2025-06-02 16:00:00+00:00,2025-06-02 16:00:00+00:00,2544.3899999999999,2543.1178049999999,8.5889097992293575,8.5538944563352128,70.06999773337688,52.962248132651546,0.0062108620453886643,15,SIGNAL
meanrev_bollinger_v0.1,ETHUSDT,2025-06-06 08:00:00+00:00,2025-06-06 08:00:00+00:00,10360,2455.6399999999999,2456.8678199999999,3.6651848585503415,52.887270852582184,2324.6496428685446,9.0048747333235859,96920.812169467506,2025-06-08 12:00:00+00:00,2025-06-08 12:00:00+00:00,2025-06-08 12:00:00+00:00,2513.5,2512.24325,9.2078359208953007,9.1064083440087007,202.96118757171453,184.74847691749565,0.020496000052226262,14,SIGNAL
meanrev_bollinger_v0.1,BTCUSDT,2025-06-13 08:00:00+00:00,2025-06-13 08:00:00+00:00,10402,104895.00999999999,104947.45750499998,0.16667338027158443,1165.2197908047133,102034.4080279882,17.49194749326681,97105.560646384998,2025-06-15 16:00:00+00:00,2025-06-15 16:00:00+00:00,2025-06-15 16:00:00+00:00,105563.99000000001,105511.20800500001,17.585909694731612,17.538956469286482,93.962201464799818,58.8843442768014,0.0033630056790810233,15,SIGNAL
meanrev_bollinger_v0.1,ETHUSDT,2025-06-13 12:00:00+00:00,2025-06-13 12:00:00+00:00,10403,2545.4099999999999,2546.6827049999997,3.0339239547580839,64.011760246599295,2386.6533043835016,7.7264416638676137,97103.406399194413,2025-06-16 04:00:00+00:00,2025-06-16 04:00:00+00:00,2025-06-16 04:00:00+00:00,2568.25,2566.9658750000003,7.7879792592090462,7.7572277852427041,61.537595341432372,46.023174418355715,0.0059506302152186113,17,SIGNAL
meanrev_bollinger_v0.1,BTCUSDT,2025-07-02 00:00:00+00:00,2025-07-02 00:00:00+00:00,10514,105681.13,105733.970565,0.22750618312694251,854.57429621452741,103597.53482446368,24.055132070099638,97210.46816508015,2025-07-02 12:00:00+00:00,2025-07-02 12:00:00+00:00,2025-07-02 12:00:00+00:00,107479.98,107426.24001000001,24.440133832353943,24.247735263596308,385.00176225430226,336.50649635184868,0.013974993986571385,4,SIGNAL
meanrev_bollinger_v0.1,BTCUSDT,2025-07-22 00:00:00+00:00,2025-07-22 00:00:00+00:00,10634,117380.36,117439.05017999999,0.15699775192703019,1242.6544133800096,114332.41414654997,18.437666866705687,97546.974661432003,2025-07-22 12:00:00+00:00,2025-07-22 12:00:00+00:00,2025-07-22 12:00:00+00:00,119154.99000000001,119095.41250500001,18.697712028107322,18.567759100633641,260.0451614016327,222.90978250681968,0.012077834848699402,4,SIGNAL
meanrev_bollinger_v0.1,ETHUSDT,2025-07-24 00:00:00+00:00,2025-07-24 00:00:00+00:00,10646,3628.29,3630.1041449999998,2.3563456940707765,82.984330092104187,3422.6433197697393,8.5537802710992281,97769.884443938819,2025-07-24 16:00:00+00:00,2025-07-24 16:00:00+00:00,2025-07-24 16:00:00+00:00,3730.77,3728.9046150000004,8.7865883331558976,8.6702446717029051,232.80806205667031,215.4676934524152,0.025164597895819249,5,SIGNAL
meanrev_bollinger_v0.1,BTCUSDT,2025-07-25 12:00:00+00:00,2025-07-25 12:00:00+00:00,10655,116543.59,116601.86179499999,0.1420115591079123,1381.5870857387283,113147.89408065318,16.558812188393262,98100.668044556849,2025-07-26 12:00:00+00:00,2025-07-26 12:00:00+00:00,2025-07-26 12:00:00+00:00,117776.10000000001,117717.21195000001,16.717204802856067,16.638052253289555,158.39261446280474,125.11659747155542,0.0075483437123165988,7,SIGNAL
meanrev_bollinger_v0.1,SOLUSDT,2025-07-25 08:00:00+00:00,2025-07-25 08:00:00+00:00,10654,177.50999999999999,177.59875499999998,34.488070422537376,5.6822751135047245,163.39306721623817,6.1250383693949617,97985.352137391237,2025-07-26 12:00:00+00:00,2025-07-26 12:00:00+00:00,2025-07-26 12:00:00+00:00,187.75,187.656125,6.4718976542204762,6.2985563012676202,346.85928482551543,334.26234880189998,0.054518584250845159,8,SIGNAL
meanrev_bollinger_v0.1,SOLUSDT,2025-07-29 20:00:00+00:00,2025-07-29 20:00:00+00:00,10681,181.11000000000001,181.20055500000001,45.117459906609,4.363930562023687,170.29072859494079,8.1753087752677995,98444.731083664694,,2025-07-30 20:00:00+00:00,2025-07-30 16:00:00+00:00,170.29072859494079,170.20558323064333,7.6792435772895518,7.9271541417670344,-496.06519797824785,-511.91975033080519,-0.062555232596956459,6,STOP
meanrev_bollinger_v0.1,BTCUSDT,2025-07-31 00:00:00+00:00,2025-07-31 00:00:00+00:00,10688,117840.28999999999,117899.21014499999,0.17881264999503552,1095.3678202974213,115160.79059425644,21.081870198349026,97932.811333333884,2025-07-31 04:00:00+00:00,2025-07-31 04:00:00+00:00,2025-07-31 04:00:00+00:00,118466.14999999999,118406.916925,21.172654593101274,21.127290373645156,90.784394752247877,48.529869960797583,0.0022996720934190204,2,SIGNAL
meanrev_bollinger_v0.1,ETHUSDT,2025-08-01 04:00:00+00:00,2025-08-01 04:00:00+00:00,10695,3704.98,3706.8324899999998,2.5622262938444758,76.481411059348105,3515.6289623516295,9.4977436727549893,97981.341203294694,,2025-08-01 20:00:00+00:00,2025-08-01 16:00:00+00:00,3515.6289623516295,3513.871147870454,9.003333048255147,9.2504170704517961,-494.4106244998419,-512.91170122085202,-0.053949582087458314,4,STOP
meanrev_bollinger_v0.1,BTCUSDT,2025-08-01 12:00:00+00:00,2025-08-01 12:00:00+00:00,10697,115305.64,115363.29281999999,0.17114358862602558,1142.9884524123695,112505.82168896907,19.743687928929809,97807.5727519801,,2025-08-02 20:00:00+00:00,2025-08-02 16:00:00+00:00,112505.82168896907,112449.56877812459,19.245022740137326,19.494235541791188,-498.66518879248287,-537.65389946154994,-0.027204480977024086,8,STOP
meanrev_bollinger_v0.1,ETHUSDT,2025-08-02 04:00:00+00:00,2025-08-02 04:00:00+00:00,10701,3528.79,3530.5543949999997,2.4125620685250464,80.578189539690214,3329.1089211507742,8.5176816142413934,97199.941816939143,2025-08-04 04:00:00+00:00,2025-08-04 04:00:00+00:00,2025-08-04 04:00:00+00:00,3556.79,3555.0116050000001,8.576686151389346,8.5472007707486757,59.004537147952625,41.910169382321889,0.0049154573952655952,13,SIGNAL
meanrev_bollinger_v0.1,SOLUSDT,2025-08-12 04:00:00+00:00,2025-08-12 04:00:00+00:00,10761,175.53,175.61776499999999,49.120084588777104,3.9483924583530055,165.74678385411747,8.6263594720919787,96972.685771994598,2025-08-12 16:00:00+00:00,2025-08-12 16:00:00+00:00,2025-08-12 16:00:00+00:00,181.69999999999999,181.60915,8.9206568100959078,8.7735839088234062,294.29733800393069,276.75032172174281,0.032049887182225352,4,SIGNAL
meanrev_bollinger_v0.1,ETHUSDT,2025-08-16 00:00:00+00:00,2025-08-16 00:00:00+00:00,10784,4439.4700000000003,4441.6897349999999,1.7889361649948925,108.7232043229379,4169.8817241926554,7.9458994006280799,97249.436093716329,2025-08-17 12:00:00+00:00,2025-08-17 12:00:00+00:00,2025-08-17 12:00:00+00:00,4551.6899999999996,4549.4141549999995,8.1386115114191799,8.0423056446273637,192.7121107910983,176.62759987905102,0.022206567165495853,10,SIGNAL
meanrev_bollinger_v0.1,ETHUSDT,2025-08-18 12:00:00+00:00,2025-08-18 12:00:00+00:00,10799,4274.3599999999997,4276.4971799999994,1.9835937248440272,98.231873264527621,4030.9174968386806,8.4828329705611782,97426.063693595381,2025-08-20 20:00:00+00:00,2025-08-20 20:00:00+00:00,2025-08-20 20:00:00+00:00,4346.6400000000003,4344.4666800000005,8.6176568442419654,8.5502807509393701,134.82387368078821,117.72338386598507,0.013863974275579425,15,SIGNAL
meanrev_bollinger_v0.1,SOLUSDT,2025-08-18 12:00:00+00:00,2025-08-18 12:00:00+00:00,10799,181.37,181.46068499999998,42.337823816935312,4.6023179705625079,169.9548900735937,7.6826505112303956,97426.063693595381,2025-08-20 20:00:00+00:00,2025-08-20 20:00:00+00:00,2025-08-20 20:00:00+00:00,187.59999999999999,187.50620000000001,7.9386044601830363,7.8106934268659014,255.95394895264067,240.33269398122724,0.031251272074511685,15,SIGNAL
meanrev_bollinger_v0.1,SOLUSDT,2025-08-26 08:00:00+00:00,2025-08-26 08:00:00+00:00,10846,188.91999999999999,189.01445999999999,34.691566473736998,5.6373424270402648,174.92110393239932,6.5572077035875029,97784.119771442594,2025-08-27 04:00:00+00:00,2025-08-27 04:00:00+00:00,2025-08-27 04:00:00+00:00,201.91,201.809045,7.0010718996188812,6.7792524624652115,443.8641960313787,430.30591642817234,0.065557789202345354,6,SIGNAL
meanrev_bollinger_v0.1,ETHUSDT,2025-08-26 08:00:00+00:00,2025-08-26 08:00:00+00:00,10846,4429.6999999999998,4431.9148499999992,1.7533087178736488,111.54238700191001,4153.0588824952238,7.770514943378684,97784.119771442594,2025-08-27 12:00:00+00:00,2025-08-27 12:00:00+00:00,2025-08-27 12:00:00+00:00,4608.8699999999999,4606.5655649999999,8.07673156457105,7.9237017890545607,306.21662119236726,290.36937468441755,0.037330768617362654,8,SIGNAL
meanrev_bollinger_v0.1,ETHUSDT,2025-08-29 20:00:00+00:00,2025-08-29 20:00:00+00:00,10867,4340.79,4342.9603950000001,1.9050566980218291,103.41402979222667,4084.4253205194336,8.273585789738279,98504.795062555189,2025-08-31 04:00:00+00:00,2025-08-31 04:00:00+00:00,2025-08-31 04:00:00+00:00,4488.1199999999999,4485.8759399999999,8.545848005991969,8.4097870658661229,272.26221625368981,255.44278245795959,0.030843651271448159,9,SIGNAL
meanrev_bollinger_v0.1,SOLUSDT,2025-09-16 00:00:00+00:00,2025-09-16 00:00:00+00:00,10970,234.31999999999999,234.43715999999998,43.207509053394844,4.5714386229934023,223.00856344251648,10.129445713152174,98760.237845013151,2025-09-17 20:00:00+00:00,2025-09-17 20:00:00+00:00,2025-09-17 20:00:00+00:00,238.74000000000001,238.62063000000003,10.310203031051783,10.219872116397722,180.75731789960818,160.31766915540425,0.015811083466868318,12,SIGNAL
meanrev_bollinger_v0.1,BTCUSDT,2025-09-20 00:00:00+00:00,2025-09-20 00:00:00+00:00,10994,115632.39,115690.20619499999,0.22570523597836906,876.54639543806445,113498.84020640483,26.111885289628649,98920.555514168562,,2025-09-22 08:00:00+00:00,2025-09-22 04:00:00+00:00,113498.84020640483,113442.09078630163,25.604473870801776,25.85805919187186,-507.41141882687066,-559.1277779873011,-0.021391378009782393,14,STOP
meanrev_bollinger_v0.1,SOLUSDT,2025-09-23 00:00:00+00:00,2025-09-23 00:00:00+00:00,11012,220.38999999999999,220.50019499999996,43.726990542110272,4.4988885133293852,209.25297371667651,9.6418099412984688,98361.427736181271,,2025-09-24 04:00:00+00:00,2025-09-24 00:00:00+00:00,209.25297371667651,209.14834722981817,9.145427801216254,9.3934971240954965,-496.38214008221479,-515.16937782472951,-0.053377397629175732,7,STOP
meanrev_bollinger_v0.1,SOLUSDT,2025-10-08 08:00:00+00:00,2025-10-08 08:00:00+00:00,11104,220.94999999999999,221.06047499999997,41.954417339866758,4.664407924711143,209.39945518822211,9.2744634254991816,97846.258358356543,2025-10-08 20:00:00+00:00,2025-10-08 20:00:00+00:00,2025-10-08 20:00:00+00:00,229.34,229.22533000000001,9.6170151596886804,9.4458272919830133,342.55173418949971,323.66025560431189,0.034863140200288537,4,SIGNAL
meanrev_bollinger_v0.1,BTCUSDT,2026-01-19 12:00:00+00:00,2026-01-19 12:00:00+00:00,11723,93191.960000000006,93238.555980000005,0.236666733884212,829.60471041096969,91164.544203972575,22.066464515866866,98169.918613960865,,2026-01-20 08:00:00+00:00,2026-01-20 04:00:00+00:00,91164.544203972575,91118.961931870595,21.564827115335664,21.815525860130563,-501.6374005312025,-545.26869216240505,-0.024685602344794642,5,STOP
meanrev_bollinger_v0.1,ETHUSDT,2026-01-19 12:00:00+00:00,2026-01-19 12:00:00+00:00,11723,3223.9099999999999,3225.5219549999997,4.6018542066366201,42.665375392546729,3118.8585165186328,14.843381777215523,98169.918613960865,,2026-01-20 08:00:00+00:00,2026-01-20 04:00:00+00:00,3118.8585165186328,3117.2990872603737,14.345355918053647,14.594247989730189,-498.02585916187672,-527.21459685714592,-0.035483013025822699,5,STOP
meanrev_bollinger_v0.1,BTCUSDT,2026-03-19 00:00:00+00:00,2026-03-19 00:00:00+00:00,12074,71246.550000000003,71282.173274999994,0.17210009697408532,1128.3832726667451,68461.215093333129,12.267668933151052,97097.435324941296,,2026-03-22 04:00:00+00:00,2026-03-22 00:00:00+00:00,68461.215093333129,68426.984485786466,11.776290665648084,12.021859960295354,-491.37826750296932,-515.4222271017685,-0.041972710756038339,19,STOP
meanrev_bollinger_v0.1,ETHUSDT,2026-03-19 20:00:00+00:00,2026-03-19 20:00:00+00:00,12079,2141.1799999999998,2142.2505899999996,3.905230886105103,49.631542699425331,2018.1717332514363,8.3659831698448777,96911.316737420013,2026-03-23 12:00:00+00:00,2026-03-23 12:00:00+00:00,2026-03-23 12:00:00+00:00,2134.7800000000002,2133.7126100000005,8.3326403866439342,8.3493055298730976,-33.342783200944339,-50.041406757433151,-0.0059755577231238926,23,SIGNAL
meanrev_bollinger_v0.1,BTCUSDT,2026-04-20 04:00:00+00:00,2026-04-20 04:00:00+00:00,12267,74634.009999999995,74671.327004999985,0.20755799602428121,930.16866167651096,72345.905350808709,15.498630993631588,96531.971691082115,2026-04-20 20:00:00+00:00,2026-04-20 20:00:00+00:00,2026-04-20 20:00:00+00:00,76296.970000000001,76258.821515000003,15.828128172826741,15.663465873387894,329.49717919515211,298.1704200286938,0.019219281212876728,5,SIGNAL
meanrev_bollinger_v0.1,ETHUSDT,2026-04-20 04:00:00+00:00,2026-04-20 04:00:00+00:00,12267,2286.5500000000002,2287.6932750000001,5.0766339133725982,38.029912472830766,2192.6184938179231,11.613781263259424,96531.971691082115,2026-04-22 00:00:00+00:00,2026-04-22 00:00:00+00:00,2026-04-22 00:00:00+00:00,2327.1500000000001,2325.9864250000001,11.80818156719929,11.711032943063275,194.40030393986376,170.97834110940505,0.014707314500246739,12,SIGNAL
meanrev_bollinger_v0.1,ETHUSDT,2026-04-27 20:00:00+00:00,2026-04-27 20:00:00+00:00,12313,2289.1500000000001,2290.2945749999999,6.1907040939116253,31.337669829064502,2211.9504004273385,14.178536001716086,97001.120452220217,2026-04-29 08:00:00+00:00,2026-04-29 08:00:00+00:00,2026-04-29 08:00:00+00:00,2323.7399999999998,2322.5781299999999,14.378393937820608,14.278518503880218,199.857936104521,171.3010061649843,0.012069643598463414,10,SIGNAL
meanrev_bollinger_v0.1,BTCUSDT,2026-04-27 20:00:00+00:00,2026-04-27 20:00:00+00:00,12313,76878.229999999996,76916.669114999997,0.23688281976598446,818.97978543186218,74869.219651420339,18.220237466968406,97001.120452220217,2026-04-29 12:00:00+00:00,2026-04-29 12:00:00+00:00,2026-04-29 12:00:00+00:00,77590.039999999994,77551.244980000003,18.370557587225047,18.295439680984703,150.32012025664014,113.72932520244669,0.0062356876357362754,11,SIGNAL
meanrev_bollinger_v0.1,ETHUSDT,2026-05-08 00:00:00+00:00,2026-05-08 00:00:00+00:00,12374,2291.0599999999999,2292.2055299999997,6.0569138534729143,32.124000154899242,2211.8955296127515,13.883691429664223,97286.15078358764,2026-05-09 20:00:00+00:00,2026-05-09 20:00:00+00:00,2026-05-09 20:00:00+00:00,2332.02,2330.8539900000001,14.117781822453619,14.000798648854936,234.09039278939585,206.088919537278,0.014829127940778248,12,SIGNAL
meanrev_bollinger_v0.1,BTCUSDT,2026-05-13 20:00:00+00:00,2026-05-13 20:00:00+00:00,12409,79642.410000000003,79682.231205000004,0.24282001029486053,803.00004587544822,77674.731090311383,19.348440201515558,97492.239703124913,2026-05-14 16:00:00+00:00,2026-05-14 16:00:00+00:00,2026-05-14 16:00:00+00:00,81301.220000000001,81260.569390000004,19.731692295846031,19.540166946745419,383.25209433047161,344.17196183311006,0.017770328259974086,6,SIGNAL
meanrev_bollinger_v0.1,SOLUSDT,2026-05-14 00:00:00+00:00,2026-05-14 00:00:00+00:00,12410,91.170000000000002,91.21558499999999,123.28913933302566,1.5797560626176608,87.266194843455835,11.245890968408444,97383.382658130387,,2026-05-16 08:00:00+00:00,2026-05-16 04:00:00+00:00,87.266194843455835,87.222561746034117,10.753594568090234,10.999622444052285,-492.29640031821003,-514.29588585470867,-0.04568620709504085,14,STOP
meanrev_bollinger_v0.1,SOLUSDT,2026-07-08 20:00:00+00:00,2026-07-08 20:00:00+00:00,12745,77.420000000000002,77.458709999999996,130.45982376902609,1.4919860071466633,73.728744982133335,10.105249655976099,97322.115779103304,2026-07-10 12:00:00+00:00,2026-07-10 12:00:00+00:00,2026-07-10 12:00:00+00:00,79.370000000000005,79.330315000000013,10.349418914441328,10.227397884371003,244.16925846523023,223.7145898948128,0.022116336201931177,11,SIGNAL
meanrev_bollinger_v0.1,SOLUSDT,2026-07-12 04:00:00+00:00,2026-07-12 04:00:00+00:00,12765,77.049999999999997,77.08852499999999,158.81889394872599,1.2283907530610354,74.017548117347403,12.243114276638712,97545.830368998111,2026-07-14 16:00:00+00:00,2026-07-14 16:00:00+00:00,2026-07-14 16:00:00+00:00,77.390000000000001,77.351305000000011,12.284848705590559,12.263994990717881,41.734428951849495,17.206465969620222,0.0014039954462996755,16,SIGNAL
meanrev_bollinger_v0.1,ETHUSDT,2026-07-24 04:00:00+00:00,2026-07-24 04:00:00+00:00,12837,1880.6700000000001,1881.6103350000001,8.0144280841553321,24.346849409716857,1820.743211475708,15.080030712260923,97563.03683496773,2026-07-26 08:00:00+00:00,2026-07-26 08:00:00+00:00,2026-07-26 08:00:00+00:00,1881.5699999999999,1880.6292149999999,15.072167596578996,15.076100957666357,-7.8631156819276518,-38.015313990767567,-0.0025183858958082702,14,SIGNAL
meanrev_bollinger_v0.1,ETHUSDT,2026-07-31 20:00:00+00:00,2026-07-31 20:00:00+00:00,12883,1868.1900000000001,1869.1240949999999,7.1279626617254275,27.364066325613891,1800.7139291859651,13.32304675929133,97525.021520976967,2026-08-02 20:00:00+00:00,2026-08-02 20:00:00+00:00,2026-08-02 20:00:00+00:00,1882.2,1881.2589,13.40954319623865,13.366319943453135,86.496436947320035,59.763846991790054,0.004481267980787065,13,SIGNAL
meanrev_bollinger_v0.1,SOLUSDT,2026-08-11 20:00:00+00:00,2026-08-11 20:00:00+00:00,12949,75.670000000000002,75.707835000000003,227.08950987017016,0.85924983737697946,73.559710406557556,17.192455143481716,97563.312212980833,2026-08-12 00:00:00+00:00,2026-08-12 00:00:00+00:00,2026-08-12 00:00:00+00:00,76.299999999999997,76.261849999999995,17.318266138292433,17.255396407485527,125.81099481072064,91.300273528946505,0.0053051797258323917,2,SIGNAL
meanrev_bollinger_v0.1,ETHUSDT,2026-08-11 04:00:00+00:00,2026-08-11 04:00:00+00:00,12945,1881.02,1881.9605099999999,11.054559066606007,17.655120349893693,1837.8227091252656,20.804243618814962,97584.785367968769,2026-08-12 12:00:00+00:00,2026-08-12 12:00:00+00:00,2026-08-12 12:00:00+00:00,1915.5799999999999,1914.62221,21.165304310680732,20.984869476136364,361.06069186576661,319.09114393627095,0.015322468694627982,9,SIGNAL
meanrev_bollinger_v0.1,SOLUSDT,2026-08-17 04:00:00+00:00,2026-08-17 04:00:00+00:00,12981,75.519999999999996,75.557759999999988,287.78684614753496,0.68102610037427769,73.855194749064296,21.744529452372369,97995.176785433985,2026-08-17 08:00:00+00:00,2026-08-17 08:00:00+00:00,2026-08-17 08:00:00+00:00,75.790000000000006,75.752105000000014,21.800459386986919,21.772513845286973,55.929934614550412,12.384945775191124,0.00056899705413672517,2,SIGNAL
meanrev_bollinger_v0.1,BTCUSDT,2026-08-29 00:00:00+00:00,2026-08-29 00:00:00+00:00,13052,77845.880000000005,77884.802939999994,0.17842430547015181,1098.5898078510904,75138.328420372272,13.896541871249138,98007.561731209178,2026-08-30 16:00:00+00:00,2026-08-30 16:00:00+00:00,2026-08-30 16:00:00+00:00,78823.619999999995,78784.208190000005,14.057017628316597,13.976823362924401,160.47575706746017,132.52219756789444,0.0095268167423752017,11,SIGNAL
meanrev_bollinger_v0.1,BTCUSDT,2026-09-02 00:00:00+00:00,2026-09-02 00:00:00+00:00,13076,77439.009999999995,77477.729504999996,0.22152649188177037,884.38538300972471,75266.766047475685,17.163369616207383,97957.395684830073,2026-09-03 12:00:00+00:00,2026-09-03 12:00:00+00:00,2026-09-03 12:00:00+00:00,77948.389999999999,77909.415804999997,17.258999567839805,17.211212802315465,95.629951632421751,61.207582448374566,0.0035626125510122199,10,SIGNAL
meanrev_bollinger_v0.1,ETHUSDT,2026-09-02 16:00:00+00:00,2026-09-02 16:00:00+00:00,13080,2390.98,2392.1754900000001,5.3042906467722837,36.890535937129414,2299.9491501571765,12.688794077044905,97839.062362866185,2026-09-03 16:00:00+00:00,2026-09-03 16:00:00+00:00,2026-09-03 16:00:00+00:00,2516.5799999999999,2515.3217100000002,13.341997419976268,13.015562303235962,653.20334293136239,627.17255143434124,0.049377900029316947,7,SIGNAL
meanrev_bollinger_v0.1,SOLUSDT,2026-08-31 04:00:00+00:00,2026-08-31 04:00:00+00:00,13065,101.95,102.000975,87.286354993644494,2.2486924545290696,96.379243863677317,8.9032933135478558,98140.08392877708,2026-09-03 16:00:00+00:00,2026-09-03 16:00:00+00:00,2026-09-03 16:00:00+00:00,105.17,105.11741500000001,9.1753160017042514,9.039374923140727,272.02268815639445,253.94407884114233,0.028493994246674668,22,SIGNAL
meanrev_bollinger_v0.1,BTCUSDT,2026-09-07 20:00:00+00:00,2026-09-07 20:00:00+00:00,13111,79365.809999999998,79405.492904999992,0.26733675115326544,741.25542196550828,77552.354350086214,21.228006496946367,99082.408141500928,2026-09-09 08:00:00+00:00,2026-09-09 08:00:00+00:00,2026-09-09 08:00:00+00:00,79277.440000000002,79237.80128,21.183176362723259,21.205585523696797,-44.830134223109617,-87.241317082779247,-0.004105621643388721,10,SIGNAL
meanrev_bollinger_v0.1,ETHUSDT,2026-09-10 20:00:00+00:00,2026-09-10 20:00:00+00:00,13129,2462.5500000000002,2463.7812749999998,6.0127658575559959,32.844931024744191,2381.6689474381392,14.81413993080578,98744.439929681772,2026-09-11 16:00:00+00:00,2026-09-11 16:00:00+00:00,2026-09-11 16:00:00+00:00,2559.4299999999998,2558.1502850000002,15.381558692145141,15.097994940660383,567.41876133936239,537.22306271641139,0.036227980756685048,6,SIGNAL
meanrev_bollinger_v0.1,SOLUSDT,2026-09-10 04:00:00+00:00,2026-09-10 04:00:00+00:00,13125,101.83,101.88091499999999,109.35421382080175,1.8105414206834514,97.354561448291363,11.141107363168928,98995.166824418149,2026-09-11 20:00:00+00:00,2026-09-11 20:00:00+00:00,2026-09-11 20:00:00+00:00,102.02,101.96899000000001,11.150738735551197,11.145928243683038,9.6313723822690456,-12.660473716451079,-0.0011352395662546624,11,SIGNAL
meanrev_bollinger_v0.1,BTCUSDT,2026-09-11 04:00:00+00:00,2026-09-11 04:00:00+00:00,13131,76891.809999999998,76930.255904999998,0.25858850294973212,762.52335409681973,75023.947519757945,19.89327970601374,98589.88630005256,2026-09-13 20:00:00+00:00,2026-09-13 20:00:00+00:00,2026-09-13 20:00:00+00:00,77284.009999999995,77245.367994999993,19.974764069628201,19.934047242424203,81.48436361445998,41.616319838818036,0.0020898889327513083,17,SIGNAL
meanrev_bollinger_v0.1,ETHUSDT,2026-09-15 12:00:00+00:00,2026-09-15 12:00:00+00:00,13157,2476.4099999999999,2477.6482049999995,5.5310846334980077,36.000658941388011,2387.6465576465293,13.70408191388942,99561.345733256938,,2026-09-15 20:00:00+00:00,2026-09-15 16:00:00+00:00,2387.6465576465293,2386.4527343677064,13.199672047630523,13.451754241228288,-504.40986625889525,-531.31362022041526,-0.038731732685067431,2,STOP
meanrev_bollinger_v0.1,SOLUSDT,2026-09-16 04:00:00+00:00,2026-09-16 04:00:00+00:00,13161,97.260000000000005,97.308629999999994,108.98253785002817,1.8173559556726899,92.765240110818269,10.604941452109387,99030.032113036519,2026-09-17 04:00:00+00:00,2026-09-17 04:00:00+00:00,2026-09-17 04:00:00+00:00,99.959999999999994,99.910020000000003,10.888447536247071,10.746768057389037,283.50608413768578,262.01269514932926,0.024681979187453254,7,SIGNAL
meanrev_bollinger_v0.1,BTCUSDT,2026-09-16 04:00:00+00:00,2026-09-16 04:00:00+00:00,13161,75824,75861.911999999997,0.22703649059205827,872.37106118747056,73680.984347031321,17.223422270083553,99030.032113036519,2026-09-17 16:00:00+00:00,2026-09-17 16:00:00+00:00,2026-09-17 16:00:00+00:00,76780.009999999995,76741.619995000001,17.423148086014127,17.323339440335516,199.72581593057691,165.07924557447924,0.0095750036582268622,10,SIGNAL
meanrev_bollinger_v0.1,ETHUSDT,2026-09-16 08:00:00+00:00,2026-09-16 08:00:00+00:00,13162,2396.96,2398.1584800000001,5.0337804562124377,39.311871104409967,2299.8788022389754,12.071803287524126,98943.664231260671,2026-09-17 16:00:00+00:00,2026-09-17 16:00:00+00:00,2026-09-17 16:00:00+00:00,2470.27,2469.0348650000001,12.428579449144117,12.250283624945018,356.7761616199885,332.27577888332024,0.027497452297895436,9,SIGNAL
meanrev_bollinger_v0.1,ETHUSDT,2026-09-28 12:00:00+00:00,2026-09-28 12:00:00+00:00,13235,2668.9899999999998,2670.3244949999998,6.0213067905496054,33.145429490243664,2587.4609212743908,16.078843014714444,99789.399832643656,2026-09-29 00:00:00+00:00,2026-09-29 00:00:00+00:00,2026-09-29 00:00:00+00:00,2688.71,2687.3656450000003,16.181453006928223,16.13017769586251,102.60999221377725,70.349696192134587,0.0043709249919937328,4,SIGNAL
meanrev_bollinger_v0.1,BTCUSDT,2026-09-28 16:00:00+00:00,2026-09-28 16:00:00+00:00,13236,83370,83411.684999999998,0.24524414012059284,814.03923643203268,81376.586908919911,20.456226963834752,99819.176281598906,2026-09-29 08:00:00+00:00,2026-09-29 08:00:00+00:00,2026-09-29 08:00:00+00:00,83980.970000000001,83938.979514999999,20.585542853756234,20.520922367998505,129.31588992148039,88.274120103889402,0.0043109579457456431,5,SIGNAL
meanrev_shock_v0.1,BTCUSDT,2020-10-29 00:00:00+00:00,2020-10-29 00:00:00+00:00,272,13266.4,13273.033199999998,0.86413474440871818,231.44538660674897,12694.419733483126,11.46968915181043,100000,2020-10-29 04:00:00+00:00,2020-10-29 04:00:00+00:00,2020-10-29 04:00:00+00:00,13280.98,13274.33951,11.4708179796684,11.470256715508976,1.1288278579700721,-21.811679273508759,-0.0018997802900948904,2,SIGNAL
meanrev_shock_v0.1,ETHUSDT,2020-11-08 00:00:00+00:00,2020-11-08 00:00:00+00:00,332,435.19999999999999,435.41759999999994,15.847228816319408,12.617750330930969,403.87322417267251,6.9001623378526364,99978.188320726491,2020-11-08 04:00:00+00:00,2020-11-08 04:00:00+00:00,2020-11-08 04:00:00+00:00,437.99000000000001,437.77100500000006,6.9374572853851086,6.918820865059347,37.294947532472122,23.45732790923438,0.0033961366222742956,2,SIGNAL
meanrev_shock_v0.1,BTCUSDT,2020-11-08 00:00:00+00:00,2020-11-08 00:00:00+00:00,332,14818.299999999999,14825.709149999999,0.54356295991887105,367.86240304397722,13906.053142390056,8.0587063484702899,99978.188320726491,2020-11-08 16:00:00+00:00,2020-11-08 16:00:00+00:00,2020-11-08 16:00:00+00:00,15353.49,15345.813255000001,8.3414156752500457,8.2001337392243983,282.70932677975645,266.30920475603608,0.033013135122480566,5,SIGNAL
meanrev_shock_v0.1,BTCUSDT,2020-11-22 16:00:00+00:00,2020-11-22 16:00:00+00:00,420,18295.41,18304.557704999999,0.49017574447632817,409.11022621289243,17281.782139467767,8.9724502003582849,100267.95485339178,2020-11-22 20:00:00+00:00,2020-11-22 20:00:00+00:00,2020-11-22 20:00:00+00:00,18573.59,18564.303205,9.0997711441951594,9.0361447615485719,127.32094383687654,109.2487224923231,0.012163854964060493,2,SIGNAL
meanrev_shock_v0.1,ETHUSDT,2020-11-22 16:00:00+00:00,2020-11-22 16:00:00+00:00,420,534.36000000000001,534.62717999999995,14.195436636643574,14.126786997810806,499.31021250547292,7.5892662579174388,100267.95485339178,2020-11-22 20:00:00+00:00,2020-11-22 20:00:00+00:00,2020-11-22 20:00:00+00:00,573.02999999999997,572.74348499999996,8.13034385036792,7.859942288525624,541.07759245048078,525.35798234219544,0.069154662829950739,2,SIGNAL
meanrev_shock_v0.1,SOLUSDT,2020-11-22 16:00:00+00:00,2020-11-22 16:00:00+00:00,420,2.1762000000000001,2.1772881000000002,1589.6108034480942,0.12615409336159039,1.8619028665960242,3.4610406859789746,100267.95485339178,2020-11-22 20:00:00+00:00,2020-11-22 20:00:00+00:00,2020-11-22 20:00:00+00:00,2.2728999999999999,2.2717635500000002,3.6112198819595953,3.5361687128100918,150.17919598062028,143.10693541268171,0.041306642831562761,2,SIGNAL
meanrev_shock_v0.1,BTCUSDT,2020-11-27 00:00:00+00:00,2020-11-27 00:00:00+00:00,446,17149.470000000001,17158.044734999999,0.35926943864073052,562.50633995442445,15751.778885113938,6.1643611001159915,101045.66849363899,2020-11-28 16:00:00+00:00,2020-11-28 16:00:00+00:00,2020-11-28 16:00:00+00:00,17517.040000000001,17508.281480000001,6.2901904588834991,6.2273087936658218,125.82935876750739,113.37480720850789,0.018373606578744039,11,SIGNAL
meanrev_shock_v0.1,BTCUSDT,2020-12-09 12:00:00+00:00,2020-12-09 12:00:00+00:00,521,18244.939999999999,18254.062469999997,0.55830954417606515,362.37619204641999,17348.121989883948,10.191417296987117,101159.04330084749,2020-12-12 04:00:00+00:00,2020-12-12 04:00:00+00:00,2020-12-12 04:00:00+00:00,18282.009999999998,18272.868995000001,10.201917159387405,10.196672402318788,10.499862400287785,-9.8934720560867362,-0.00096979528750539912,17,SIGNAL
meanrev_shock_v0.1,ETHUSDT,2020-12-09 12:00:00+00:00,2020-12-09 12:00:00+00:00,521,561.88999999999999,562.17094499999996,13.761877266046653,14.701343624162003,525.41758593959491,7.7365275476274631,101159.04330084749,2020-12-12 08:00:00+00:00,2020-12-12 08:00:00+00:00,2020-12-12 08:00:00+00:00,558.95000000000005,558.67052500000011,7.6883551972078505,7.7124312574366023,-48.172350419612947,-63.597233164448255,-0.0082121725895575662,18,SIGNAL
meanrev_shock_v0.1,BTCUSDT,2020-12-21 20:00:00+00:00,2020-12-21 20:00:00+00:00,595,22816.630000000001,22828.038314999998,0.32419343972161285,623.64981513476744,21268.913777163078,7.4007002634366206,101091.5893751441,2020-12-22 16:00:00+00:00,2020-12-22 16:00:00+00:00,2020-12-22 16:00:00+00:00,23342.68,23331.008660000003,7.5637599496601391,7.482272742036205,163.05968622351801,148.09522601042124,0.019990983753608759,6,SIGNAL
meanrev_shock_v0.1,ETHUSDT,2020-12-21 16:00:00+00:00,2020-12-21 16:00:00+00:00,594,609.84000000000003,610.14491999999996,11.723379803766038,17.245121166023143,567.03211708494212,7.152960632498444,101085.55259562697,2020-12-23 00:00:00+00:00,2020-12-23 00:00:00+00:00,2020-12-23 00:00:00+00:00,636.40999999999997,636.09179500000005,7.4571457028442873,7.3051310402198997,304.18507034584297,289.57496401050025,0.040442789104394111,9,SIGNAL
meanrev_shock_v0.1,BTCUSDT,2021-01-04 16:00:00+00:00,2021-01-04 16:00:00+00:00,678,31745.709999999999,31761.582854999997,0.15467905663404863,1312.6951378535905,28479.845010366022,4.912851673215572,101523.2227856479,2021-01-05 00:00:00+00:00,2021-01-05 00:00:00+00:00,2021-01-05 00:00:00+00:00,31989.75,31973.755125000003,4.9456702797830783,4.9292704134677168,32.818606567505647,22.960084614506997,0.0046688052057608891,3,SIGNAL
meanrev_shock_v0.1,BTCUSDT,2021-01-11 00:00:00+00:00,2021-01-11 00:00:00+00:00,716,38150.019999999997,38169.095009999997,0.11348096737234097,1789.660155734847,33694.944620662878,4.3314658254615921,101546.1828702624,,2021-01-11 04:00:00+00:00,2021-01-11 00:00:00+00:00,33694.944620662878,33678.09714835255,3.8218230436547254,4.076518042991899,-509.64278180686699,-517.79607067598329,-0.11942349604685482,1,STOP
meanrev_shock_v0.1,BTCUSDT,2021-01-11 20:00:00+00:00,2021-01-11 20:00:00+00:00,721,32254.630000000001,32270.757314999999,0.092822809743123055,2176.8008764046554,26828.755123988361,2.9954623665167417,101028.38679958641,2021-01-13 20:00:00+00:00,2021-01-13 20:00:00+00:00,2021-01-13 20:00:00+00:00,36002.239999999998,35984.238879999997,3.3401581593093312,3.167897228835423,344.69579279258971,338.36017226676364,0.11284473271807931,13,SIGNAL
meanrev_shock_v0.1,SOLUSDT,2021-01-22 04:00:00+00:00,2021-01-22 04:00:00+00:00,783,3.1585999999999999,3.1601792999999998,826.67763490792777,0.2447235221026843,2.5483704947432892,2.612449549608991,101153.73122909252,2021-01-23 04:00:00+00:00,2021-01-23 04:00:00+00:00,2021-01-23 04:00:00+00:00,3.4186999999999999,3.4169906500000002,2.824749749044503,2.7186534040395931,212.30019943551241,206.86300013685891,0.079104434312998087,7,SIGNAL
meanrev_shock_v0.1,BTCUSDT,2021-01-21 20:00:00+00:00,2021-01-21 20:00:00+00:00,781,32468.66,32484.894329999999,0.13533580333713097,1498.0034029774295,28739.885822556425,4.3963692704723609,101366.74697185318,2021-01-24 08:00:00+00:00,2021-01-24 08:00:00+00:00,2021-01-24 08:00:00+00:00,32797.209999999999,32780.811395000004,4.4364174441853024,4.41640447347259,40.04817371294169,31.215386998284025,0.0070931718600011967,16,SIGNAL
meanrev_shock_v0.1,BTCUSDT,2021-01-30 08:00:00+00:00,2021-01-30 08:00:00+00:00,832,34046.82,34063.843410000001,0.12311293120101921,1650.5955039456844,29937.354650135792,4.1936996101776218,101604.82535898832,2021-01-30 12:00:00+00:00,2021-01-30 12:00:00+00:00,2021-01-30 12:00:00+00:00,33660.400000000001,33643.569800000005,4.1419584941440881,4.1678171588359261,-51.741116033533558,-60.076774137855267,-0.014311172224834866,2,SIGNAL
meanrev_shock_v0.1,ETHUSDT,2021-02-22 20:00:00+00:00,2021-02-22 20:00:00+00:00,973,1746.4100000000001,1747.283205,2.8287960541040653,71.793615829976574,1567.7991654250586,4.9427078357063046,101544.74858485046,,2021-02-23 08:00:00+00:00,2021-02-23 04:00:00+00:00,1567.7991654250586,1567.0152658423463,4.4327666007356621,4.6876109048141377,-509.94123497064248,-519.31670940708455,-0.104962285601381,3,STOP
meanrev_shock_v0.1,BTCUSDT,2021-02-23 16:00:00+00:00,2021-02-23 16:00:00+00:00,978,48602.019999999997,48626.321009999992,0.090798090804840761,2225.2765664992894,43063.129593751772,4.4151771105713156,101025.43187544338,2021-02-25 16:00:00+00:00,2021-02-25 16:00:00+00:00,2021-02-25 16:00:00+00:00,50850,50824.575000000004,4.6147743759674409,4.5150267713416223,199.59726539612461,190.56731390958586,0.043118754288880345,13,SIGNAL
meanrev_shock_v0.1,BTCUSDT,2021-02-26 12:00:00+00:00,2021-02-26 12:00:00+00:00,995,46427.650000000001,46450.863825,0.089782133194855854,2254.7024800509471,40814.107624872631,4.1704576429522611,101215.99918935297,2021-03-01 04:00:00+00:00,2021-03-01 04:00:00+00:00,2021-03-01 04:00:00+00:00,46336.379999999997,46313.211810000001,4.1580989514069913,4.1642762485754066,-12.358691545270267,-20.687248139629517,-0.0049554709164823458,17,SIGNAL
meanrev_shock_v0.1,BTCUSDT,2021-03-15 20:00:00+00:00,2021-03-15 20:00:00+00:00,1099,56570.370000000003,56598.655184999996,0.12214026934059592,1657.0343669215886,52456.069267696024,6.9129749886114151,101195.31194121334,2021-03-17 20:00:00+00:00,2021-03-17 20:00:00+00:00,2021-03-17 20:00:00+00:00,57867.419999999998,57838.486290000001,7.0644082937129644,6.988731246670163,151.43330510154925,137.45592181922487,0.019863894118267535,13,SIGNAL
meanrev_shock_v0.1,ETHUSDT,2021-03-15 20:00:00+00:00,2021-03-15 20:00:00+00:00,1099,1785.74,1786.6328699999999,3.5985197884177023,56.242743067259731,1646.0260123318506,6.4292337373325115,101195.31194121334,2021-03-17 20:00:00+00:00,2021-03-17 20:00:00+00:00,2021-03-17 20:00:00+00:00,1827.3599999999999,1826.44632,6.5725032250026905,6.500905923765238,143.26948767017913,130.26775070784393,0.020241543302288348,13,SIGNAL
meanrev_shock_v0.1,BTCUSDT,2021-03-23 04:00:00+00:00,2021-03-23 04:00:00+00:00,1143,54683.599999999999,54710.941799999993,0.14473620937847101,1402.040803050528,51205.83979237367,7.9186543276581407,101463.03561374042,2021-03-24 12:00:00+00:00,2021-03-24 12:00:00+00:00,2021-03-24 12:00:00+00:00,56536.080000000002,56507.811960000006,8.1787265033618297,8.0487574457418347,260.07217570368863,243.97479487266867,0.0307793538805653,9,SIGNAL
meanrev_shock_v0.1,SOLUSDT,2021-03-23 04:00:00+00:00,2021-03-23 04:00:00+00:00,1143,15.1,15.107549999999998,387.59520736021585,0.52355154907498447,13.798671127312536,5.8556139749548288,101463.03561374042,2021-03-24 16:00:00+00:00,2021-03-24 16:00:00+00:00,2021-03-24 16:00:00+00:00,14.8497,14.842275150000001,5.7527947144616292,5.804180090937348,-102.81926049319911,-114.42766918261557,-0.019522010213740334,10,SIGNAL
meanrev_shock_v0.1,ETHUSDT,2021-04-07 20:00:00+00:00,2021-04-07 20:00:00+00:00,1237,1983.6400000000001,1984.6318200000001,3.6642955461711662,55.449993844292862,1846.006835389268,7.272277538815576,101592.58273943047,2021-04-08 16:00:00+00:00,2021-04-08 16:00:00+00:00,2021-04-08 16:00:00+00:00,2059.4899999999998,2058.460255,7.5428067443668629,7.4076116257955489,270.52920555128708,255.71412126810466,0.035127738351843116,6,SIGNAL
meanrev_shock_v0.1,ETHUSDT,2021-04-17 20:00:00+00:00,2021-04-17 20:00:00+00:00,1297,2378.6500000000001,2379.8393249999999,2.9618781454919545,68.772779876656287,2207.9073753083594,7.0487940864998251,101848.29686069857,,2021-04-18 04:00:00+00:00,2021-04-18 00:00:00+00:00,2207.9073753083594,2206.8034216207052,6.5362828258952339,6.7924120264849641,-512.51126060459046,-526.0963375169855,-0.074561798841142585,2,STOP
meanrev_shock_v0.1,SOLUSDT,2021-04-18 08:00:00+00:00,2021-04-18 08:00:00+00:00,1300,27.2438,27.257421899999997,134.98448474628569,1.501242171848489,23.504316470378775,3.6793290506836231,101322.20052318159,2021-04-18 16:00:00+00:00,2021-04-18 16:00:00+00:00,2021-04-18 16:00:00+00:00,28.123699999999999,28.109638150000002,3.7943650220822858,3.7368767295942082,115.03597139866247,107.56227732589656,0.029205004777549854,3,SIGNAL
meanrev_shock_v0.1,ETHUSDT,2021-04-18 08:00:00+00:00,2021-04-18 08:00:00+00:00,1300,2210.0999999999999,2211.2050499999996,2.3431251773509607,86.484667146748194,1994.9933821331292,5.1811302249405893,101322.20052318159,2021-04-20 20:00:00+00:00,2021-04-20 20:00:00+00:00,2021-04-20 20:00:00+00:00,2324.8099999999999,2323.6475949999999,5.4445971831355084,5.3129308990096193,263.46695819491919,252.84123078684308,0.048751648999054979,16,SIGNAL
meanrev_shock_v0.1,SOLUSDT,2021-04-23 12:00:00+00:00,2021-04-23 12:00:00+00:00,1331,35.301600000000001,35.319250799999999,61.378609144330625,3.3132912409986233,27.036022697503441,2.1678464901237868,101682.60403129432,2021-04-23 16:00:00+00:00,2021-04-23 16:00:00+00:00,2021-04-23 16:00:00+00:00,34.869799999999998,34.8523651,2.1391896952284095,2.1535114668550093,-28.656794895377136,-32.963831080729328,-0.015190605206860558,2,SIGNAL
meanrev_shock_v0.1,ETHUSDT,2021-04-23 12:00:00+00:00,2021-04-23 12:00:00+00:00,1331,2295.04,2296.1875199999999,1.5937522699737119,127.60151743403826,1977.1837264149044,3.6595540722853079,101682.60403129432,2021-04-25 16:00:00+00:00,2021-04-25 16:00:00+00:00,2021-04-25 16:00:00+00:00,2341.5900000000001,2340.4192050000001,3.7300484206588203,3.6948197937640805,70.494348373512494,63.104745880568373,0.017226608196288757,14,SIGNAL
meanrev_shock_v0.1,ETHUSDT,2021-05-05 04:00:00+00:00,2021-05-05 04:00:00+00:00,1401,3296.7800000000002,3298.42839,1.5432587018027033,131.81554696860871,2968.8895225784781,5.0903283151405816,101712.74494609417,2021-05-05 08:00:00+00:00,2021-05-05 08:00:00+00:00,2021-05-05 08:00:00+00:00,3339.5100000000002,3337.8402450000003,5.1511510033235171,5.1207561450927166,60.822688182936822,50.581208864472721,0.0099268013884269302,2,SIGNAL
meanrev_shock_v0.1,ETHUSDT,2021-05-11 08:00:00+00:00,2021-05-11 08:00:00+00:00,1438,3961.6799999999998,3963.6608399999996,1.2975961918552206,156.8489901461007,3571.5383646347477,5.143231211789665,101763.32615495865,2021-05-11 12:00:00+00:00,2021-05-11 12:00:00+00:00,2021-05-11 12:00:00+00:00,3972.1599999999999,3970.1739200000002,5.1516825595949136,5.147460285393521,8.451347805249215,-1.8435659661353636,-0.0003580870013527186,2,SIGNAL
meanrev_shock_v0.1,SOLUSDT,2021-05-13 08:00:00+00:00,2021-05-13 08:00:00+00:00,1450,44.203000000000003,44.225101500000001,78.229283835828895,2.6021736206837018,37.71966744829075,3.4596980179118422,101783.08938128593,,2021-05-13 20:00:00+00:00,2021-05-13 16:00:00+00:00,37.71966744829075,37.700807614566607,2.9493071797199106,3.2043758021999378,-510.39083819193195,-516.79984338956365,-0.14922792600879814,3,STOP
meanrev_shock_v0.1,ETHUSDT,2021-05-13 04:00:00+00:00,2021-05-13 04:00:00+00:00,1449,3940.8200000000002,3942.7904100000001,1.0159870177915422,200.32043875952692,3441.9893131011827,4.0058238704329918,101761.48258899251,2021-05-14 12:00:00+00:00,2021-05-14 12:00:00+00:00,2021-05-14 12:00:00+00:00,3999.8000000000002,3997.8001000000004,4.0617130013257299,4.0337834166076325,55.889130892737548,47.821594020978829,0.011926091047935702,9,SIGNAL
meanrev_shock_v0.1,SOLUSDT,2021-05-14 00:00:00+00:00,2021-05-14 00:00:00+00:00,1454,41.051000000000002,41.0715255,72.607142885466729,2.7824317963820051,34.115446009044987,2.9820861205025904,101012.21150448704,2021-05-14 16:00:00+00:00,2021-05-14 16:00:00+00:00,2021-05-14 16:00:00+00:00,44.600000000000001,44.577700000000007,3.236659433405471,3.1094371976409882,254.57331290288039,248.35456734897232,0.083198959004667936,5,SIGNAL
meanrev_shock_v0.1,ETHUSDT,2021-05-17 00:00:00+00:00,2021-05-17 00:00:00+00:00,1472,3581.8099999999999,3583.6009049999998,1.0487342804997641,193.64458813835012,3099.4894346541246,3.7582451167034785,101540.85890697289,,2021-05-19 04:00:00+00:00,2021-05-19 00:00:00+00:00,3099.4894346541246,3097.9396899367975,3.2489155517575297,3.5034538777025346,-509.32956494594862,-516.3367256144096,-0.13725046895348567,13,STOP
meanrev_shock_v0.1,SOLUSDT,2021-05-19 16:00:00+00:00,2021-05-19 16:00:00+00:00,1488,46.331000000000003,46.354165500000001,37.751967783008908,5.3520135830814501,32.974131542296377,1.7499609625642631,101024.52218135848,,2021-05-20 04:00:00+00:00,2021-05-20 00:00:00+00:00,32.974131542296377,32.957644476525232,1.2442159324816422,1.4969623855058014,-505.74503008262099,-508.73920697766692,-0.2904241790953675,3,STOP
meanrev_shock_v0.1,SOLUSDT,2021-05-20 08:00:00+00:00,2021-05-20 08:00:00+00:00,1492,41.665999999999997,41.686832999999993,35.420167401480235,5.6756243885047351,27.497772028738154,1.4765546032975503,100515.78297438081,,2021-05-23 08:00:00+00:00,2021-05-23 04:00:00+00:00,27.497772028738154,27.484023142723785,0.97348870058143333,1.2248961916877228,-503.06590271611685,-505.51594601999579,-0.34201981691505573,18,STOP
meanrev_shock_v0.1,SOLUSDT,2021-06-08 12:00:00+00:00,2021-06-08 12:00:00+00:00,1607,37.259999999999998,37.278629999999993,80.359232277777934,2.4890797035654875,31.055930741086275,2.9956820871673404,100010.26702836082,2021-06-08 20:00:00+00:00,2021-06-08 20:00:00+00:00,2021-06-08 20:00:00+00:00,41.145000000000003,41.124427500000003,3.3047274217631388,3.1502828033691634,309.04533459579852,302.74492508686808,0.10095947226838334,3,SIGNAL
meanrev_shock_v0.1,SOLUSDT,2021-07-08 12:00:00+00:00,2021-07-08 12:00:00+00:00,1787,34.968000000000004,34.985484,142.72108910399575,1.4057209426191133,31.471181643452216,4.9931663793104182,100313.01195344768,,2021-07-11 00:00:00+00:00,2021-07-10 20:00:00+00:00,31.471181643452216,31.455446052630492,4.489355518883408,4.7411361816648991,-503.81086042700974,-513.29338232520354,-0.10269647810019455,15,STOP
meanrev_shock_v0.1,ETHUSDT,2021-07-27 08:00:00+00:00,2021-07-27 08:00:00+00:00,1900,2201.8699999999999,2202.9709349999998,3.0032102647073238,66.462025482487093,2036.815871293782,6.6159849248438904,99799.718571122474,2021-07-27 12:00:00+00:00,2021-07-27 12:00:00+00:00,2021-07-27 12:00:00+00:00,2278.3499999999999,2277.2108250000001,6.8389429245426339,6.7275213460727166,222.95799969874346,209.50307184935693,0.031634560907985151,2,SIGNAL
meanrev_shock_v0.1,SOLUSDT,2021-08-12 20:00:00+00:00,2021-08-12 20:00:00+00:00,1999,41.012,41.032505999999998,130.85750309668674,1.5285210137179213,37.211203465705196,5.3694112809598176,100009.22164297182,2021-08-13 00:00:00+00:00,2021-08-13 00:00:00+00:00,2021-08-13 00:00:00+00:00,41.104999999999997,41.084447499999996,5.3762082159569138,5.372812790895094,6.7969349970963036,-3.9486844998204278,-0.0007346689522645804,2,SIGNAL
meanrev_shock_v0.1,BTCUSDT,2021-08-18 04:00:00+00:00,2021-08-18 04:00:00+00:00,2031,45055.779999999999,45078.307889999996,0.2009095625867722,995.52526689992715,42589.494722750176,9.0566631203317414,100005.27295847201,2021-08-19 16:00:00+00:00,2021-08-19 16:00:00+00:00,2021-08-19 16:00:00+00:00,45779.589999999997,45756.700205000001,9.1929586236006209,9.1248472270524132,136.29550326887872,118.04588152494637,0.013021126214425801,10,SIGNAL
meanrev_shock_v0.1,ETHUSDT,2021-08-18 04:00:00+00:00,2021-08-18 04:00:00+00:00,2031,3049.8699999999999,3051.3949349999998,2.2481361057115827,88.967276228872464,2828.9767444278186,6.8599511261589479,100005.27295847201,2021-08-19 20:00:00+00:00,2021-08-19 20:00:00+00:00,2021-08-19 20:00:00+00:00,3147.5900000000001,3146.0162050000004,7.0726726196142335,6.9663667948509893,212.72149345528544,198.78886970951226,0.028949226572883423,11,SIGNAL
meanrev_shock_v0.1,SOLUSDT,2021-09-01 04:00:00+00:00,2021-09-01 04:00:00+00:00,2115,111.23999999999999,111.29561999999999,31.770415037732434,6.3154420608328836,95.507014847917773,3.5359080392817543,100322.10770970647,2021-09-01 08:00:00+00:00,2021-09-01 08:00:00+00:00,2021-09-01 08:00:00+00:00,110.13,110.074935,3.4971263702014204,3.5165083884510806,-38.781669080334062,-45.814703489817241,-0.01294403984685048,2,SIGNAL
meanrev_shock_v0.1,BTCUSDT,2021-09-08 00:00:00+00:00,2021-09-08 00:00:00+00:00,2156,46868.57,46892.004284999995,0.16602212457190157,1207.9871073182005,43872.036516704495,7.7851101768304121,100276.29300621666,2021-09-12 12:00:00+00:00,2021-09-12 12:00:00+00:00,2021-09-12 12:00:00+00:00,46085.910000000003,46062.867045000006,7.6474550506839307,7.716250129036986,-137.65512614648085,-153.0876913739952,-0.019644520519765191,28,SIGNAL
meanrev_shock_v0.1,ETHUSDT,2021-09-08 00:00:00+00:00,2021-09-08 00:00:00+00:00,2156,3434.8400000000001,3436.5574200000001,1.6788180560273931,119.46058436314608,3137.9059590921347,5.7693546472709141,100276.29300621666,2021-09-12 12:00:00+00:00,2021-09-12 12:00:00+00:00,2021-09-12 12:00:00+00:00,3438.0500000000002,3436.3309750000003,5.7689744873162176,5.7691659145447547,-0.38015995469676217,-11.918489089283895,-0.0020637633209824092,28,SIGNAL
meanrev_shock_v0.1,ETHUSDT,2021-11-11 08:00:00+00:00,2021-11-11 08:00:00+00:00,2542,4691.3500000000004,4693.6956749999999,2.2152311743443183,90.384505224729082,4467.7344119381769,10.397620982145098,100111.28682575338,2021-11-11 20:00:00+00:00,2021-11-11 20:00:00+00:00,2021-11-11 20:00:00+00:00,4758.9799999999996,4756.6005100000002,10.536969733654082,10.467332811918286,139.3487515089862,118.41416079318702,0.01137720495211334,4,SIGNAL
meanrev_shock_v0.1,BTCUSDT,2021-11-11 08:00:00+00:00,2021-11-11 08:00:00+00:00,2542,65228.410000000003,65261.024205000002,0.15031423806082339,1332.0266678296198,61930.95753542595,9.809661128443528,100111.28682575338,2021-11-14 04:00:00+00:00,2021-11-14 04:00:00+00:00,2021-11-14 04:00:00+00:00,64637.809999999998,64605.491095000005,9.711125168490236,9.7603709545682555,-98.535959953291425,-118.05674625022519,-0.012022719836958877,18,SIGNAL
meanrev_shock_v0.1,ETHUSDT,2021-11-12 20:00:00+00:00,2021-11-12 20:00:00+00:00,2551,4654.21,4656.5371049999994,2.0719710835656322,96.533241722531031,4415.2040006936722,9.6482102311104203,100007.04272596785,2021-11-15 04:00:00+00:00,2021-11-15 04:00:00+00:00,2021-11-15 04:00:00+00:00,4702.0699999999997,4699.718965,9.7376817963650009,9.6929708048698107,89.471565254580668,70.085673227105246,0.0072568544727364985,15,SIGNAL
meanrev_shock_v0.1,ETHUSDT,2021-11-16 08:00:00+00:00,2021-11-16 08:00:00+00:00,2572,4312.4200000000001,4314.5762100000002,2.0788171037373639,96.38339970689438,4073.6177107327644,8.9692148207263322,100181.72991352342,,2021-11-17 04:00:00+00:00,2021-11-17 00:00:00+00:00,4073.6177107327644,4071.5809018773984,8.4640720180731375,8.7165193128282361,-505.14280265319525,-522.57608949199471,-0.058205098873332806,5,STOP
meanrev_shock_v0.1,SOLUSDT,2021-11-16 16:00:00+00:00,2021-11-16 16:00:00+00:00,2574,225.24000000000001,225.35262,27.803138595924423,7.2015597413301595,207.34872064667459,6.2655101268146902,100112.98179751603,,2021-11-18 12:00:00+00:00,2021-11-18 08:00:00+00:00,207.34872064667459,207.24504628635125,5.7620627452181958,6.0136620775864049,-503.44738159649404,-515.4749544685269,-0.082189635648366968,11,STOP
meanrev_shock_v0.1,ETHUSDT,2022-02-11 04:00:00+00:00,2022-02-11 04:00:00+00:00,3093,3080.9699999999998,3082.5104849999998,2.4446536877812242,81.110612407065346,2879.7339539823365,7.5356706247795389,99143.678869562907,,2022-02-12 00:00:00+00:00,2022-02-11 20:00:00+00:00,2879.7339539823365,2878.2940870053453,7.0364322543165088,7.2859284514375684,-499.23837046303026,-513.81047334212633,-0.068115659736783837,5,STOP
meanrev_shock_v0.1,BTCUSDT,2022-04-01 08:00:00+00:00,2022-04-01 08:00:00+00:00,3388,45015.68,45038.187839999999,0.28115756671267605,701.59853458266548,43284.191503543334,12.662827302242835,98629.868396220772,2022-04-02 04:00:00+00:00,2022-04-02 04:00:00+00:00,2022-04-02 04:00:00+00:00,46599.93,46576.630035000002,13.095371966317146,12.879210990247838,432.5446640743092,406.78646480574923,0.032092365711174971,6,SIGNAL
meanrev_shock_v0.1,BTCUSDT,2022-07-21 08:00:00+00:00,2022-07-21 08:00:00+00:00,4054,22929.279999999999,22940.744639999997,0.30333901059908347,652.97671186724551,21308.302860331882,6.9588227815038266,99036.654861026516,2022-07-21 20:00:00+00:00,2022-07-21 20:00:00+00:00,2022-07-21 20:00:00+00:00,23194.400000000001,23182.802800000001,7.0322484642656633,6.9955557281939074,73.425682761835901,59.434611516066411,0.0085323679225748905,4,SIGNAL
meanrev_shock_v0.1,SOLUSDT,2022-07-21 08:00:00+00:00,2022-07-21 08:00:00+00:00,4054,41.049999999999997,41.070524999999996,109.75323014932513,1.8047150817571722,36.558737295607067,4.5076227826786122,99036.654861026516,2022-07-21 20:00:00+00:00,2022-07-21 20:00:00+00:00,2022-07-21 20:00:00+00:00,43.810000000000002,43.788095000000006,4.8058848683355135,4.6568295552354231,298.26208565690251,288.94857800588841,0.064038170895095892,4,SIGNAL
meanrev_shock_v0.1,BTCUSDT,2022-08-10 00:00:00+00:00,2022-08-10 00:00:00+00:00,4172,23151.32,23162.895659999998,0.58682732361946033,338.92709966161095,22315.577910845972,13.592620067434613,99445.841398264631,2022-08-10 16:00:00+00:00,2022-08-10 16:00:00+00:00,2022-08-10 16:00:00+00:00,23997.099999999999,23985.101449999998,14.075112890644736,13.833990560742446,482.49282321012402,454.82509025204467,0.033427751035365126,5,SIGNAL
meanrev_shock_v0.1,ETHUSDT,2022-08-09 20:00:00+00:00,2022-08-09 20:00:00+00:00,4171,1688.01,1688.8540049999999,4.9768884341309949,39.938624048301335,1589.0074448792466,8.4052379644203086,99385.038050548465,2022-08-10 16:00:00+00:00,2022-08-10 16:00:00+00:00,2022-08-10 16:00:00+00:00,1837.49,1836.5712550000001,9.1404102374669467,8.77301008726376,735.17227304663743,717.62662484475015,0.085293208611621305,6,SIGNAL
meanrev_shock_v0.1,ETHUSDT,2022-08-19 20:00:00+00:00,2022-08-19 20:00:00+00:00,4231,1701.1800000000001,1702.0305900000001,4.4428596215492329,45.267011938847034,1588.8630601528826,7.5618829829526177,100557.48976564525,,2022-08-20 20:00:00+00:00,2022-08-20 16:00:00+00:00,1588.8630601528826,1588.0686286228063,7.0555659863573306,7.3085997325550949,-506.31699659528755,-520.93444556459747,-0.068820693563531349,6,STOP
meanrev_shock_v0.1,BTCUSDT,2022-11-07 12:00:00+00:00,2022-11-07 12:00:00+00:00,4709,20733.970000000001,20744.336985000002,0.86538971082477179,231.19423323103629,20166.351401922409,17.951935784700773,100036.55532008066,,2022-11-08 04:00:00+00:00,2022-11-08 00:00:00+00:00,20166.351401922409,20156.268226221448,17.443027131596313,17.697358655325999,-508.90865310445548,-544.30361602075254,-0.030289761655007585,4,STOP
meanrev_shock_v0.1,ETHUSDT,2023-01-25 08:00:00+00:00,2023-01-25 08:00:00+00:00,5182,1553.8199999999999,1554.5969099999998,6.838729221394833,29.09670743880319,1481.8551414029919,10.631467315907113,99492.25170405989,2023-01-26 00:00:00+00:00,2023-01-26 00:00:00+00:00,2023-01-26 00:00:00+00:00,1611.95,1611.1440250000001,11.018177723643188,10.824921903606231,386.71040773607615,365.06076269652584,0.034303455561983158,5,SIGNAL
meanrev_shock_v0.1,BTCUSDT,2023-02-10 04:00:00+00:00,2023-02-10 04:00:00+00:00,5277,21825.59,21836.502795,0.67656898696591672,295.18737746040637,21098.534351348986,14.77390057489156,99857.312466756412,2023-02-12 16:00:00+00:00,2023-02-12 16:00:00+00:00,2023-02-12 16:00:00+00:00,21944.139999999999,21933.16793,14.839301207353433,14.80662094293584,65.400632461873087,35.787430679628102,0.0024199214567199624,16,SIGNAL
meanrev_shock_v0.1,ETHUSDT,2023-02-10 08:00:00+00:00,2023-02-10 08:00:00+00:00,5278,1551.7,1552.47585,7.0836044074831497,28.203911866469618,1481.9660703338259,10.99712477357115,99892.677202795239,2023-02-12 20:00:00+00:00,2023-02-12 20:00:00+00:00,2023-02-12 20:00:00+00:00,1539.23,1538.4603850000001,10.897844763924224,10.947462685610393,-99.280009646925464,-121.17497918442083,-0.011007779556169503,16,SIGNAL
meanrev_shock_v0.1,BTCUSDT,2023-02-17 12:00:00+00:00,2023-02-17 12:00:00+00:00,5321,23789.119999999999,23801.014559999996,0.48353301619938283,412.67885160136029,22769.317430996594,11.508576358802223,99771.924918251621,2023-02-17 16:00:00+00:00,2023-02-17 16:00:00+00:00,2023-02-17 16:00:00+00:00,24130.5,24118.43475,11.662059500675509,11.585359196862514,153.48314187328327,130.31250601380555,0.011311766080480208,2,SIGNAL
meanrev_shock_v0.1,ETHUSDT,2023-04-19 16:00:00+00:00,2023-04-19 16:00:00+00:00,5688,1983.4100000000001,1984.401705,5.9718551061639218,33.45768966201144,1900.7574808449715,11.850559454684642,99902.237424265433,,2023-04-21 08:00:00+00:00,2023-04-21 04:00:00+00:00,1900.7574808449715,1899.8071021045491,11.345372743429534,11.597842701838701,-505.18671125510753,-528.3826434532217,-0.044542604986964641,10,STOP
meanrev_shock_v0.1,SOLUSDT,2023-04-19 16:00:00+00:00,2023-04-19 16:00:00+00:00,5688,23.34,23.351669999999999,278.2182114815617,0.71815742680731198,21.556276432981718,6.4968598625076392,99902.237424265433,,2023-04-21 20:00:00+00:00,2023-04-21 16:00:00+00:00,21.556276432981718,21.545498294765228,5.9943500010486188,6.2454808656826337,-502.50986145902044,-515.00107132257665,-0.079190038822733483,13,STOP
meanrev_shock_v0.1,BTCUSDT,2023-05-01 08:00:00+00:00,2023-05-01 08:00:00+00:00,5758,28629.080000000002,28643.394540000001,0.43731440080060358,452.11798892744446,27513.099567681391,12.52616892015538,98858.853709489646,2023-05-03 08:00:00+00:00,2023-05-03 08:00:00+00:00,2023-05-03 08:00:00+00:00,28653.810000000001,28639.483095000003,12.524458388928943,12.525316358237339,-1.7105312264386034,-26.761158535522924,-0.0021342857725951763,13,SIGNAL
meanrev_shock_v0.1,SOLUSDT,2023-05-01 08:00:00+00:00,2023-05-01 08:00:00+00:00,5758,22.34,22.35117,351.12479592891503,0.56309810560632434,20.943424735984188,7.8480500050224871,98858.853709489646,2023-05-04 00:00:00+00:00,2023-05-04 00:00:00+00:00,2023-05-04 00:00:00+00:00,22.239999999999998,22.22888,7.8051109537283407,7.8265717012548643,-42.939051294146864,-58.592212252897689,-0.0074583722755160557,17,SIGNAL
meanrev_shock_v0.1,ETHUSDT,2023-05-06 20:00:00+00:00,2023-05-06 20:00:00+00:00,5791,1897.9400000000001,1898.88897,6.3665097879860735,31.02908929005083,1821.316246774873,12.089295213803792,98773.500338701226,2023-05-07 16:00:00+00:00,2023-05-07 16:00:00+00:00,2023-05-07 16:00:00+00:00,1916.9300000000001,1915.9715350000001,12.198051531080202,12.143703597446263,108.75631727640933,84.468970531525343,0.0069801079759577549,6,SIGNAL
meanrev_shock_v0.1,BTCUSDT,2023-07-07 04:00:00+00:00,2023-07-07 04:00:00+00:00,6159,30135.41,30150.477704999998,0.53210961656838485,371.56994059523026,29221.552853511923,16.043359130961186,98857.969309232751,2023-07-09 16:00:00+00:00,2023-07-09 16:00:00+00:00,2023-07-09 16:00:00+00:00,30349.470000000001,30334.295265000004,16.141170222331326,16.092293152489475,97.811091370139678,65.62656201684716,0.0040864884018776849,16,SIGNAL
meanrev_shock_v0.1,ETHUSDT,2023-07-15 00:00:00+00:00,2023-07-15 00:00:00+00:00,6206,1937.8199999999999,1938.7889099999998,7.1279666971286231,27.756469712772155,1869.3977357180693,13.819622783242302,98923.595871249592,2023-07-15 04:00:00+00:00,2023-07-15 04:00:00+00:00,2023-07-15 04:00:00+00:00,1930.3399999999999,1929.37483,13.752519534518198,13.786057829580868,-67.103248724103096,-94.675391041863605,-0.0068439502087076377,2,SIGNAL
meanrev_shock_v0.1,BTCUSDT,2023-07-15 00:00:00+00:00,2023-07-15 00:00:00+00:00,6206,30312,30327.155999999999,0.50164229683910067,394.39894320944336,29341.158641976392,15.213384192437712,98923.595871249592,2023-07-20 08:00:00+00:00,2023-07-20 08:00:00+00:00,2023-07-20 08:00:00+00:00,30202.779999999999,30187.678609999999,15.143416434160988,15.178386615955858,-69.967758276723018,-100.32455890332172,-0.006587905314228021,33,SIGNAL
meanrev_shock_v0.1,BTCUSDT,2023-10-03 04:00:00+00:00,2023-10-03 04:00:00+00:00,6687,27601.540000000001,27615.340769999999,0.6438872323881446,306.66424477815815,26848.680158054602,17.781165339850794,98728.595921304397,2023-10-03 08:00:00+00:00,2023-10-03 08:00:00+00:00,2023-10-03 08:00:00+00:00,27540.650000000001,27526.879675000004,17.724206370217225,17.75267605345784,-56.958969633571591,-92.464341343639603,-0.0051949333808422064,2,SIGNAL
meanrev_shock_v0.1,ETHUSDT,2023-10-03 04:00:00+00:00,2023-10-03 04:00:00+00:00,6687,1665.75,1666.5828749999998,9.0457525373911025,21.828719172496584,1612.0110770687584,15.075496270303807,98728.595921304397,,2023-10-05 16:00:00+00:00,2023-10-05 12:00:00+00:00,1612.0110770687584,1611.2050715302241,14.574562364051937,14.824907789925437,-500.93390625186936,-530.5839648862252,-0.035159964320336641,15,STOP
meanrev_shock_v0.1,BTCUSDT,2023-11-15 00:00:00+00:00,2023-11-15 00:00:00+00:00,6944,35551.199999999997,35568.975599999998,0.39961718322025364,490.99764341716264,34341.481491457089,14.21397383930193,98105.547615074523,2023-11-15 20:00:00+00:00,2023-11-15 20:00:00+00:00,2023-11-15 20:00:00+00:00,37499.989999999998,37481.240005,14.978147554400385,14.596255389343444,764.17371509845498,734.98159370475264,0.051656725603939496,6,SIGNAL
meanrev_shock_v0.1,BTCUSDT,2023-11-17 00:00:00+00:00,2023-11-17 00:00:00+00:00,6956,36163.510000000002,36181.591755000001,0.33926622742468243,582.67237478403013,34724.910818039927,12.275192136938847,98840.529208779277,2023-11-17 04:00:00+00:00,2023-11-17 04:00:00+00:00,2023-11-17 04:00:00+00:00,36484,36465.758000000002,12.371600146841432,12.323423324747637,96.408009902588148,71.761217618807876,0.0058401960059742825,2,SIGNAL
meanrev_shock_v0.1,ETHUSDT,2023-11-17 04:00:00+00:00,2023-11-17 04:00:00+00:00,6957,1983.97,1984.9619849999999,5.0674941000083731,39.037949911469909,1887.3671102213252,10.058783147728409,98912.290426398089,2023-11-19 16:00:00+00:00,2023-11-19 16:00:00+00:00,2023-11-19 16:00:00+00:00,1966.8099999999999,1965.826595,9.961814671802049,10.010277170214698,-96.968475926358792,-116.98907374588924,-0.011618920482517643,16,SIGNAL
meanrev_shock_v0.1,BTCUSDT,2023-11-22 04:00:00+00:00,2023-11-22 04:00:00+00:00,6987,36379.989999999998,36398.179994999999,0.35876307624184656,550.75512445463085,35021.292183863421,13.058323024610639,98795.301352652197,2023-11-22 20:00:00+00:00,2023-11-22 20:00:00+00:00,2023-11-22 20:00:00+00:00,37289.980000000003,37271.335010000003,13.371578803828035,13.21503253192275,313.25577921739711,286.82587738895847,0.021943042572225797,5,SIGNAL
meanrev_shock_v0.1,SOLUSDT,2023-12-04 20:00:00+00:00,2023-12-04 20:00:00+00:00,7063,61.030000000000001,61.060514999999995,119.00058816455201,1.6652376052634641,56.897420986841333,7.2662371986304501,99082.127230041151,2023-12-06 04:00:00+00:00,2023-12-06 04:00:00+00:00,2023-12-06 04:00:00+00:00,64.359999999999999,64.327820000000003,7.6550484153434333,7.4607418749754988,388.81121671298251,373.88993109900861,0.051404379525998016,9,SIGNAL
meanrev_shock_v0.1,BTCUSDT,2023-12-11 12:00:00+00:00,2023-12-11 12:00:00+00:00,7103,42344.010000000002,42365.182005000002,0.32916046120868392,604.30111682269273,40854.429212943272,13.944942847955637,99456.01716114016,,2023-12-11 20:00:00+00:00,2023-12-11 16:00:00+00:00,40854.429212943272,40834.001998336804,13.440938930768864,13.692818311586656,-504.00391718677417,-531.3897989654987,-0.038068204783162557,2,STOP
meanrev_shock_v0.1,ETHUSDT,2023-12-11 12:00:00+00:00,2023-12-11 12:00:00+00:00,7103,2249.6799999999998,2250.8048399999998,5.1471717474580005,38.644918817895608,2154.1925429552607,11.585279081489723,99456.01716114016,,2023-12-13 04:00:00+00:00,2023-12-13 00:00:00+00:00,2154.1925429552607,2153.1154466837834,11.082454996186183,11.333744166250863,-502.82408530354155,-525.4918193812174,-0.045313267711215507,10,STOP
meanrev_shock_v0.1,SOLUSDT,2023-12-16 04:00:00+00:00,2023-12-16 04:00:00+00:00,7131,74.209999999999994,74.247104999999991,63.989899219602314,3.0754583689874107,66.558459077531467,4.7510647662972305,98399.135542793447,2023-12-16 08:00:00+00:00,2023-12-16 08:00:00+00:00,2023-12-16 08:00:00+00:00,74.390000000000001,74.352805000000004,4.7578284986447432,4.7544495120160564,6.7637323475127973,-2.7451609174291765,-0.00057722187211258868,2,SIGNAL
meanrev_shock_v0.1,BTCUSDT,2024-01-04 00:00:00+00:00,2024-01-04 00:00:00+00:00,7244,42845.230000000003,42866.652614999999,0.24901814527402596,790.27486349316518,40890.965456267084,10.674574328293275,98396.390381876015,2024-01-04 16:00:00+00:00,2024-01-04 16:00:00+00:00,2024-01-04 16:00:00+00:00,44051.099999999999,44029.07445,10.964038457671005,10.81938146385844,289.4641293777301,267.82551659176585,0.025064976869753244,5,SIGNAL
meanrev_shock_v0.1,SOLUSDT,2024-01-04 00:00:00+00:00,2024-01-04 00:00:00+00:00,7244,98.519999999999996,98.569259999999986,40.129296643132328,4.9039678545532368,86.309340363616897,3.9555150744340373,98396.390381876015,,2024-01-08 04:00:00+00:00,2024-01-08 00:00:00+00:00,86.309340363616897,86.266185693435091,3.4618013559633951,3.7085357139025295,-493.71371847064222,-501.1310349010397,-0.12656516157208031,25,STOP
meanrev_shock_v0.1,SOLUSDT,2024-01-19 00:00:00+00:00,2024-01-19 00:00:00+00:00,7334,94.390000000000001,94.437194999999988,57.091599223708329,3.4387926139158744,85.840213465210297,5.3915704887511913,98163.084863566735,,2024-01-22 16:00:00+00:00,2024-01-22 12:00:00+00:00,85.840213465210297,85.797293358477702,4.8983046869011417,5.1448155575783128,-493.26580185005008,-503.55567702570244,-0.093303542159163991,22,STOP
meanrev_shock_v0.1,SOLUSDT,2024-02-01 08:00:00+00:00,2024-02-01 08:00:00+00:00,7414,94.930000000000007,94.977464999999995,62.985554105429784,3.1010135760041555,87.224931059989601,5.9822082605540636,97659.529186541025,2024-02-02 08:00:00+00:00,2024-02-02 08:00:00+00:00,2024-02-02 08:00:00+00:00,101.20999999999999,101.159395,6.3715805470450437,6.1769932911181487,389.37228649098006,377.01849768338099,0.062960338293650345,7,SIGNAL
meanrev_shock_v0.1,ETHUSDT,2024-02-21 16:00:00+00:00,2024-02-21 16:00:00+00:00,7536,2914.8099999999999,2916.2674049999996,3.649292396313673,53.72907239949086,2781.9447240012723,10.642312466683904,98036.54768422441,2024-02-22 00:00:00+00:00,2024-02-22 00:00:00+00:00,2024-02-22 00:00:00+00:00,2967.9099999999999,2966.4260450000002,10.825356010245342,10.733882682818811,183.04354356143691,161.57587508450766,0.015167235610605951,3,SIGNAL
meanrev_shock_v0.1,SOLUSDT,2024-02-21 16:00:00+00:00,2024-02-21 16:00:00+00:00,7536,103.86,103.91193,68.307527014707858,2.870446405214329,96.735813986964175,7.0979669656254316,98036.54768422441,2024-02-24 20:00:00+00:00,2024-02-24 20:00:00+00:00,2024-02-24 20:00:00+00:00,104.05,103.997975,7.1038444867874126,7.1009089708138964,5.8775211619804413,-8.324290290432403,-0.0011715994673389596,20,SIGNAL
meanrev_shock_v0.1,ETHUSDT,2024-03-01 04:00:00+00:00,2024-03-01 04:00:00+00:00,7587,3367.7800000000002,3369.46389,2.5553232675674051,76.851176142964007,3177.3359496425901,8.6100694773451796,98189.799269018491,2024-03-01 08:00:00+00:00,2024-03-01 08:00:00+00:00,2024-03-01 08:00:00+00:00,3365.4099999999999,3363.7272950000001,8.5954106226650691,8.6027385359748276,-14.65885468011046,-31.864334780120707,-0.0036971249026039295,2,SIGNAL
meanrev_shock_v0.1,ETHUSDT,2024-03-06 00:00:00+00:00,2024-03-06 00:00:00+00:00,7616,3553.6599999999999,3555.4368299999996,1.8900554555567231,103.86778297499802,3295.7673725625045,6.7199727774288007,98157.934934238365,2024-03-06 04:00:00+00:00,2024-03-06 04:00:00+00:00,2024-03-06 04:00:00+00:00,3538.0100000000002,3536.2409950000006,6.6836915847630856,6.701824786252919,-36.281192665714947,-49.68485702790683,-0.0073862236425743652,2,SIGNAL
meanrev_shock_v0.1,BTCUSDT,2024-03-06 00:00:00+00:00,2024-03-06 00:00:00+00:00,7616,63724.010000000002,63755.872004999997,0.11187015555054737,1754.8547143994401,59368.735219001399,7.1323793184601385,98157.934934238365,2024-03-06 08:00:00+00:00,2024-03-06 08:00:00+00:00,2024-03-06 08:00:00+00:00,66676.460000000006,66643.121770000012,7.4553763987839714,7.2939604313802358,322.99708032383302,308.40932460658888,0.043197537543435631,3,SIGNAL
meanrev_shock_v0.1,SOLUSDT,2024-03-06 00:00:00+00:00,2024-03-06 00:00:00+00:00,7616,125.31,125.37265499999999,30.540595916995535,6.4280301013782424,109.30257974655439,3.82895559539589,98157.934934238365,2024-03-06 08:00:00+00:00,2024-03-06 08:00:00+00:00,2024-03-06 08:00:00+00:00,133.19999999999999,133.13339999999999,4.0659733724557334,3.9475247252512751,237.01777705984352,229.1228480919919,0.059779735866638546,3,SIGNAL
meanrev_shock_v0.1,ETHUSDT,2024-03-06 08:00:00+00:00,2024-03-06 08:00:00+00:00,7618,3786.6100000000001,3788.5033049999997,1.7809135858050047,110.78109913493572,3511.5505571626604,6.7469970057416617,98645.78224990904,2024-03-06 12:00:00+00:00,2024-03-06 12:00:00+00:00,2024-03-06 12:00:00+00:00,3879.7399999999998,3877.8001300000001,6.906026934553414,6.8265534342668532,159.02992881175263,145.37690487145755,0.021525379820780691,2,SIGNAL
meanrev_shock_v0.1,BTCUSDT,2024-03-15 00:00:00+00:00,2024-03-15 00:00:00+00:00,7670,71388.940000000002,71424.634470000005,0.13895573698376634,1421.9083184211656,67869.863673947097,9.9248627215749714,98791.159154780486,,2024-03-15 04:00:00+00:00,2024-03-15 00:00:00+00:00,67869.863673947097,67835.928742110133,9.4261914723381715,9.6754048479944643,-498.6712492368008,-518.02230343071392,-0.052142262633730341,1,STOP
meanrev_shock_v0.1,BTCUSDT,2024-03-17 04:00:00+00:00,2024-03-17 04:00:00+00:00,7683,66538.990000000005,66572.259495000006,0.11395589937924465,1724.7573383506417,62260.366149123402,7.5863017044611851,98273.136851349773,2024-03-17 20:00:00+00:00,2024-03-17 20:00:00+00:00,2024-03-17 20:00:00+00:00,68536.720000000001,68502.451639999999,7.8062584863194129,7.6963370086702785,219.95678185822766,204.56422166744704,0.026938008764595529,5,SIGNAL
meanrev_shock_v0.1,ETHUSDT,2024-03-17 04:00:00+00:00,2024-03-17 04:00:00+00:00,7683,3571.4899999999998,3573.2757449999995,1.9384434125010683,101.39386707662854,3319.7910773084282,6.926592828945096,98273.136851349773,,2024-03-19 08:00:00+00:00,2024-03-19 04:00:00+00:00,3319.7910773084282,3318.1311817697742,6.4320095311160044,6.6791792039997153,-494.58329782909237,-507.9419001891535,-0.073258884743873584,13,STOP
meanrev_shock_v0.1,BTCUSDT,2024-03-19 16:00:00+00:00,2024-03-19 16:00:00+00:00,7698,64051.849999999999,64083.875924999993,0.11156871329814078,1754.9729406664858,59696.443573333781,7.149755580109951,97900.036431607092,2024-03-20 20:00:00+00:00,2024-03-20 20:00:00+00:00,2024-03-20 20:00:00+00:00,65784.470000000001,65751.577765000009,7.3358189285636941,7.2428355808813274,186.06334845374363,171.57777394506999,0.023973738074953406,8,SIGNAL
meanrev_shock_v0.1,SOLUSDT,2024-03-19 08:00:00+00:00,2024-03-19 08:00:00+00:00,7696,186.13999999999999,186.23306999999997,20.272345821788445,9.6653598980668018,162.06967025483297,3.7753811984933345,97969.759172828068,2024-03-21 00:00:00+00:00,2024-03-21 00:00:00+00:00,2024-03-21 00:00:00+00:00,191.75999999999999,191.66412,3.8854813222687592,3.830459743026462,110.10012377542469,102.4392612546626,0.027106381832693479,11,SIGNAL
meanrev_shock_v0.1,ETHUSDT,2024-04-01 20:00:00+00:00,2024-04-01 20:00:00+00:00,7777,3486.3299999999999,3488.0731649999998,3.110759570614027,63.163850485967103,3330.163538785082,10.85055698102571,98243.776208027804,,2024-04-02 04:00:00+00:00,2024-04-02 00:00:00+00:00,3330.163538785082,3328.4984570156898,10.354158430935579,10.602236256900527,-496.39855009013075,-517.60326550209209,-0.047655266013255738,2,STOP
meanrev_shock_v0.1,SOLUSDT,2024-04-01 20:00:00+00:00,2024-04-01 20:00:00+00:00,7777,193.31999999999999,193.41665999999998,37.095630452009061,5.2967842848837217,180.17469928779067,7.1749129426218827,98243.776208027804,,2024-04-02 12:00:00+00:00,2024-04-02 08:00:00+00:00,180.17469928779067,180.08461193814679,6.6803522145509522,6.9275106702809905,-494.56072807092943,-508.41599322810225,-0.07078944221410409,4,STOP
meanrev_shock_v0.1,SOLUSDT,2024-04-05 16:00:00+00:00,2024-04-05 16:00:00+00:00,7800,175.88999999999999,175.97794499999998,32.21034495540929,6.0364306612600371,160.88686834684989,5.6683103129940431,97217.756949297604,2024-04-07 04:00:00+00:00,2024-04-07 04:00:00+00:00,2024-04-07 04:00:00+00:00,180.66,180.56967,5.81621135918442,5.7422992469251106,147.90104619037754,136.41652451819908,0.024042481224345838,10,SIGNAL
meanrev_shock_v0.1,BTCUSDT,2024-04-13 04:00:00+00:00,2024-04-13 04:00:00+00:00,7845,67160.550000000003,67194.130275000003,0.155277035864408,1253.9416782637202,64059.2760793407,10.433705376588879,97354.173473815812,,2024-04-13 20:00:00+00:00,2024-04-13 16:00:00+00:00,64059.2760793407,64027.246441301031,9.9419610419651896,10.187712820121336,-491.74433462368916,-512.12000104224319,-0.049034199661947442,4,STOP
meanrev_shock_v0.1,BTCUSDT,2024-06-08 00:00:00+00:00,2024-06-08 00:00:00+00:00,8180,69355.600000000006,69390.277799999996,0.23299043984888571,831.2963702337654,67312.036874415586,16.167271345858367,96842.053472773579,2024-06-10 16:00:00+00:00,2024-06-10 16:00:00+00:00,2024-06-10 16:00:00+00:00,70066.119999999995,70031.086939999994,16.316573749246153,16.241963933642218,149.3024033877856,116.8185582926811,0.0072184015434454138,17,SIGNAL
meanrev_shock_v0.1,ETHUSDT,2024-06-08 04:00:00+00:00,2024-06-08 04:00:00+00:00,8181,3690,3691.8449999999998,3.8362617498521696,50.484358674894246,3565.6341033127642,14.162883759882984,96835.607075157182,2024-06-10 16:00:00+00:00,2024-06-10 16:00:00+00:00,2024-06-10 16:00:00+00:00,3702.5300000000002,3700.6787350000004,14.196772279571816,14.179840036815737,33.888519688832716,5.5288636493779162,0.00038998698306865734,16,SIGNAL
meanrev_shock_v0.1,SOLUSDT,2024-07-25 16:00:00+00:00,2024-07-25 16:00:00+00:00,8466,170.44,170.52521999999999,39.804424566295836,4.872041334662061,158.34511666334484,6.7876582561410013,96964.40089471564,2024-07-26 04:00:00+00:00,2024-07-26 04:00:00+00:00,2024-07-26 04:00:00+00:00,175.74000000000001,175.65213000000003,6.9917319584941904,6.889747848179093,204.0737023531893,190.29431213855409,0.028007333421453621,4,SIGNAL
meanrev_shock_v0.1,SOLUSDT,2024-10-02 04:00:00+00:00,2024-10-02 04:00:00+00:00,8877,147.19999999999999,147.27359999999999,53.828817351028768,3.6097651773877359,138.24918705653064,7.9275637150284695,97154.695206854187,,2024-10-03 12:00:00+00:00,2024-10-03 08:00:00+00:00,138.24918705653064,138.1800624630024,7.4380693438747025,7.6826960765316068,-489.49437115376713,-504.86000421267028,-0.063620510246797171,8,STOP
meanrev_shock_v0.1,BTCUSDT,2024-10-02 04:00:00+00:00,2024-10-02 04:00:00+00:00,8877,61750.459999999999,61781.335229999997,0.23327275899833758,832.97077313297928,59698.908297167553,14.411902523703294,97154.695206854187,2024-10-04 16:00:00+00:00,2024-10-04 16:00:00+00:00,2024-10-04 16:00:00+00:00,61873.050000000003,61842.113475000006,14.426080432601522,14.418998627378162,14.177908898228925,-14.660074058075891,-0.0010162036972814013,16,SIGNAL
meanrev_shock_v0.1,SOLUSDT,2024-10-26 04:00:00+00:00,2024-10-26 04:00:00+00:00,9021,165.63999999999999,165.72281999999998,46.305957605004409,4.1737685657164691,155.28839858570882,7.6739538771017761,96635.175128583433,2024-10-27 04:00:00+00:00,2024-10-27 04:00:00+00:00,2024-10-27 04:00:00+00:00,172.13999999999999,172.05393000000001,7.9671219883543962,7.8206131799080936,293.16811125262058,277.5270353871644,0.036128675001402516,7,SIGNAL
meanrev_shock_v0.1,BTCUSDT,2024-10-26 04:00:00+00:00,2024-10-26 04:00:00+00:00,9021,66914,66947.456999999995,0.22322310964226566,865.81694237168961,64782.91464407077,14.944219534181865,96635.175128583433,2024-10-27 16:00:00+00:00,2024-10-27 16:00:00+00:00,2024-10-27 16:00:00+00:00,67792,67758.104000000007,15.125174678344042,15.034746103732894,180.95514416217637,150.88574994965046,0.010086509676195538,10,SIGNAL
meanrev_shock_v0.1,BTCUSDT,2024-11-01 00:00:00+00:00,2024-11-01 00:00:00+00:00,9056,70292.009999999995,70327.156004999997,0.22839399994706466,849.96618069140936,68202.240553271477,16.06230046488318,97063.587913920244,,2024-11-03 04:00:00+00:00,2024-11-03 00:00:00+00:00,68202.240553271477,68168.139432994838,15.56919403405092,15.815627926767496,-493.10643083225801,-524.73792533119217,-0.032636278518488368,13,STOP
meanrev_shock_v0.1,BTCUSDT,2024-11-26 04:00:00+00:00,2024-11-26 04:00:00+00:00,9207,94464,94511.231999999989,0.12562264655278887,1536.9657086156308,90668.817728460912,11.872751092804629,96538.849988589049,2024-11-27 16:00:00+00:00,2024-11-27 16:00:00+00:00,2024-11-27 16:00:00+00:00,95556,95508.222000000009,11.997995615191297,11.935407648977986,125.24452238666747,101.37377567867154,0.0085298261863563634,10,SIGNAL
meanrev_shock_v0.1,SOLUSDT,2024-11-26 04:00:00+00:00,2024-11-26 04:00:00+00:00,9207,237.44,237.55871999999999,26.780890462857979,7.2095324927658666,219.53488876808532,6.3620340588167492,96538.849988589049,2024-11-27 16:00:00+00:00,2024-11-27 16:00:00+00:00,2024-11-27 16:00:00+00:00,240.59,240.469705,6.4399928292407722,6.4010345339798622,77.95877042402293,65.156743535965404,0.010231264290997442,10,SIGNAL
meanrev_shock_v0.1,SOLUSDT,2024-12-02 16:00:00+00:00,2024-12-02 16:00:00+00:00,9246,229.21000000000001,229.32460499999999,35.499725732649047,5.4482325433215326,215.70402364169615,8.140960581248077,96705.380507803682,,2024-12-03 16:00:00+00:00,2024-12-03 12:00:00+00:00,215.70402364169615,215.59617162987533,7.6536049618697053,7.8971629069433433,-487.35561937837235,-503.15018492149011,-0.061743025576355991,6,STOP
meanrev_shock_v0.1,BTCUSDT,2024-12-06 04:00:00+00:00,2024-12-06 04:00:00+00:00,9267,97735.289999999994,97784.157644999985,0.089866442147164854,2141.0045401673274,92431.64629458166,8.7875143459136407,96202.230322882198,2024-12-06 08:00:00+00:00,2024-12-06 08:00:00+00:00,2024-12-06 08:00:00+00:00,98138.529999999999,98089.460735000001,8.8149508483884773,8.8012416565861429,27.436502474837084,9.8340372805349645,0.0011179740573665114,2,SIGNAL
meanrev_shock_v0.1,BTCUSDT,2024-12-19 04:00:00+00:00,2024-12-19 04:00:00+00:00,9345,101193.14999999999,101243.74657499998,0.11573825677334602,1662.5801535714841,97087.296191071277,11.71777473779292,96212.064360162738,,2024-12-19 20:00:00+00:00,2024-12-19 16:00:00+00:00,97087.296191071277,97038.752542975752,11.231096058784113,11.474316597195369,-486.6786790088081,-509.62754980538512,-0.043448388688679049,4,STOP
meanrev_shock_v0.1,ETHUSDT,2024-12-19 04:00:00+00:00,2024-12-19 04:00:00+00:00,9345,3668.9000000000001,3670.7344499999999,2.2806097311472597,84.373983892249115,3459.7994902693772,8.3715127071274846,96212.064360162738,,2024-12-19 20:00:00+00:00,2024-12-19 16:00:00+00:00,3459.7994902693772,3458.0695905242428,7.8865071591340081,8.1288907139653634,-485.00554799347617,-501.26356785973763,-0.059817481329071484,4,STOP
meanrev_shock_v0.1,BTCUSDT,2024-12-20 00:00:00+00:00,2024-12-20 00:00:00+00:00,9350,97461.860000000001,97510.590929999991,0.099799309451840235,1907.852344177561,92740.960069556095,9.7314896390548746,95201.173242497607,,2024-12-20 12:00:00+00:00,2024-12-20 08:00:00+00:00,92740.960069556095,92694.589589521318,9.2508560309559673,9.4910550493661034,-480.6336080989085,-499.61595376891933,-0.05128884224763576,3,STOP
meanrev_shock_v0.1,BTCUSDT,2024-12-20 16:00:00+00:00,2024-12-20 16:00:00+00:00,9354,96991.630000000005,97040.125814999992,0.084854493478576654,2232.0929253472741,91459.893501631799,8.2342907231291758,94701.557288728683,2024-12-24 16:00:00+00:00,2024-12-24 16:00:00+00:00,2024-12-24 16:00:00+00:00,98299.990000000005,98250.840005000005,8.337025262468952,8.2856857478542523,102.73453933977635,86.163223354178214,0.010453498558921347,25,SIGNAL
meanrev_shock_v0.1,BTCUSDT,2025-01-08 00:00:00+00:00,2025-01-08 00:00:00+00:00,9464,96954.600000000006,97003.077300000004,0.1511993098705299,1253.8115497120775,93868.548425719811,14.666798343077666,94787.720512082858,,2025-01-08 20:00:00+00:00,2025-01-08 16:00:00+00:00,93868.548425719811,93821.614151506961,14.185763310646996,14.426164174643585,-481.03503243067132,-509.88759408439603,-0.034730021096181521,5,STOP
meanrev_shock_v0.1,SOLUSDT,2025-01-20 08:00:00+00:00,2025-01-20 08:00:00+00:00,9538,261.91000000000003,262.040955,13.213872377581001,14.269523758675415,226.36714560331146,3.4625757370694461,94277.832917998458,2025-01-20 12:00:00+00:00,2025-01-20 12:00:00+00:00,2025-01-20 12:00:00+00:00,260.60000000000002,260.46970000000005,3.4418133740268111,3.4521902280042469,-20.762363042635389,-27.666752153731647,-0.0079822407188942374,2,SIGNAL
meanrev_shock_v0.1,BTCUSDT,2025-01-21 04:00:00+00:00,2025-01-21 04:00:00+00:00,9543,102936.00999999999,102987.47800499998,0.074903524990871995,2516.5749189328644,96696.040707667824,7.714125132494396,94250.166165844726,2025-01-21 20:00:00+00:00,2025-01-21 20:00:00+00:00,2025-01-21 20:00:00+00:00,107031.34,106977.82433,8.0130161381712703,7.8636473239946829,298.89100567687325,283.16386440620755,0.036670520449713521,5,SIGNAL
meanrev_shock_v0.1,BTCUSDT,2025-05-13 00:00:00+00:00,2025-05-13 00:00:00+00:00,10214,102791.32000000001,102842.71566,0.14514777538967194,1302.5804877334344,99586.264440666419,14.927391393081578,94533.330030250931,2025-05-13 12:00:00+00:00,2025-05-13 12:00:00+00:00,2025-05-13 12:00:00+00:00,103729.2,103677.3354,15.048534591638884,14.987997025158469,121.14319855730561,91.167272572585148,0.0061012801217512243,4,SIGNAL
meanrev_shock_v0.1,BTCUSDT,2025-05-19 16:00:00+00:00,2025-05-19 16:00:00+00:00,10254,104786.42,104838.81320999999,0.14151603106757549,1339.3949780530734,101490.3257648673,14.836372747314103,94772.930662956656,2025-05-19 20:00:00+00:00,2025-05-19 20:00:00+00:00,2025-05-19 20:00:00+00:00,105517.64,105464.88118000001,14.92497140160704,14.880697944296212,88.598654292936502,58.837310144015362,0.0039617858497821793,2,SIGNAL
meanrev_shock_v0.1,ETHUSDT,2025-05-19 08:00:00+00:00,2025-05-19 08:00:00+00:00,10252,2403.7399999999998,2404.9418699999997,2.5038019177988362,75.584651189987596,2215.9802420250307,6.021498066300718,94624.497302823525,2025-05-19 20:00:00+00:00,2025-05-19 20:00:00+00:00,2025-05-19 20:00:00+00:00,2518.8099999999999,2517.5505950000002,6.303448007916602,6.1625450652294784,281.94994161588301,269.62499554166573,0.044732330216829493,4,SIGNAL
meanrev_shock_v0.1,SOLUSDT,2025-05-19 16:00:00+00:00,2025-05-19 16:00:00+00:00,10254,164.19999999999999,164.28209999999999,38.77834838062077,4.8879302301754981,152.06227442456125,6.3705885064999785,94772.930662956656,2025-05-20 04:00:00+00:00,2025-05-20 04:00:00+00:00,2025-05-20 04:00:00+00:00,169.18000000000001,169.09541000000002,6.5572407185439063,6.4639628915652283,186.65221204392691,173.72438281888302,0.02724251170983974,4,SIGNAL
meanrev_shock_v0.1,BTCUSDT,2025-05-30 04:00:00+00:00,2025-05-30 04:00:00+00:00,10317,106024.33,106077.34216499999,0.14470881677512251,1314.7323861980706,102790.51119950482,15.350326671346963,95126.6839913281,2025-06-01 20:00:00+00:00,2025-06-01 20:00:00+00:00,2025-06-01 20:00:00+00:00,105121.95,105069.389025,15.204466965092793,15.277364172633366,-145.85970625416908,-176.41449989060882,-0.011481075641077238,17,SIGNAL
meanrev_shock_v0.1,ETHUSDT,2025-06-06 04:00:00+00:00,2025-06-06 04:00:00+00:00,10359,2455.6999999999998,2456.9278499999996,3.4831507546961542,54.519758792191759,2320.6284530195203,8.5578500949614966,94950.269491437502,2025-06-08 12:00:00+00:00,2025-06-08 12:00:00+00:00,2025-06-08 12:00:00+00:00,2513.5,2512.24325,8.75052197221782,8.6542363651172742,192.67187725632107,175.36350518914173,0.020471066322535026,15,SIGNAL
meanrev_shock_v0.1,BTCUSDT,2025-06-13 08:00:00+00:00,2025-06-13 08:00:00+00:00,10402,104895.00999999999,104947.45750499998,0.16327500399033196,1165.2197908047133,102034.4080279882,17.135296542904069,95125.632996626649,2025-06-15 16:00:00+00:00,2025-06-15 16:00:00+00:00,2025-06-15 16:00:00+00:00,105563.99000000001,105511.20800500001,17.227342908041123,17.18134703239847,92.046365137055517,57.683725686110321,0.0033630056790810233,15,SIGNAL
meanrev_shock_v0.1,ETHUSDT,2025-06-13 08:00:00+00:00,2025-06-13 08:00:00+00:00,10402,2526.46,2527.7232300000001,2.911559136707047,65.343431838525575,2364.364650403686,7.3596156653731484,95125.632996626649,2025-06-16 04:00:00+00:00,2025-06-16 04:00:00+00:00,2025-06-16 04:00:00+00:00,2568.25,2566.9658750000003,7.4738729469714507,7.4167747246854994,114.25728159830189,99.423792985957277,0.013495877099229458,18,SIGNAL
meanrev_shock_v0.1,SOLUSDT,2025-07-24 00:00:00+00:00,2025-07-24 00:00:00+00:00,10646,189.40000000000001,189.49469999999999,35.550392820145476,5.3604324991483345,176.09361875212915,6.7366110223356213,95282.740515298705,,2025-07-25 04:00:00+00:00,2025-07-25 00:00:00+00:00,176.09361875212915,176.00557194275308,6.2570672210992475,6.4967208599470281,-479.54380123637361,-492.5374794798085,-0.073040499505516623,7,STOP
meanrev_shock_v0.1,BTCUSDT,2025-07-25 12:00:00+00:00,2025-07-25 12:00:00+00:00,10655,116543.59,116601.86179499999,0.1372192951342405,1381.5870857387283,113147.89408065318,16.000025286850025,94790.203035818893,2025-07-26 12:00:00+00:00,2025-07-26 12:00:00+00:00,2025-07-26 12:00:00+00:00,117776.10000000001,117717.21195000001,16.153072848946994,16.076591348935143,153.0475620969689,120.89446396117189,0.0075483437123166006,7,SIGNAL
meanrev_shock_v0.1,SOLUSDT,2025-07-25 12:00:00+00:00,2025-07-25 12:00:00+00:00,10655,181.12,181.21055999999999,33.499735046316012,5.6591613578294879,167.06265660542627,6.0705057475945496,94790.203035818893,2025-07-26 12:00:00+00:00,2025-07-26 12:00:00+00:00,2025-07-26 12:00:00+00:00,187.75,187.656125,6.2864304673183593,6.1785236332665985,215.92471972380841,203.5677835088955,0.033500407963601597,7,SIGNAL
meanrev_shock_v0.1,ETHUSDT,2025-08-01 04:00:00+00:00,2025-08-01 04:00:00+00:00,10695,3704.98,3706.8324899999998,2.4872623024562612,76.481411059348105,3515.6289623516295,9.219864713897076,95114.665283288952,,2025-08-01 20:00:00+00:00,2025-08-01 16:00:00+00:00,3515.6289623516295,3513.871147870454,8.7399192417868914,8.9797742364161408,-479.94547211018431,-497.90525606586829,-0.053949582087458314,4,STOP
meanrev_shock_v0.1,ETHUSDT,2025-08-02 04:00:00+00:00,2025-08-02 04:00:00+00:00,10701,3528.79,3530.5543949999997,2.3484459148990418,80.578189539690214,3329.1089211507742,8.2913160462666067,94616.760027223092,2025-08-04 04:00:00+00:00,2025-08-04 04:00:00+00:00,2025-08-04 04:00:00+00:00,3556.79,3555.0116050000001,8.3487524811809362,8.3200507028440338,57.436434914329134,40.796366386881587,0.0049154573952655944,13,SIGNAL
meanrev_shock_v0.1,ETHUSDT,2025-08-15 00:00:00+00:00,2025-08-15 00:00:00+00:00,10778,4546.8400000000001,4549.1134199999997,1.8217345711602517,103.92025039446131,4289.3127940138465,8.2872771853430454,94657.556393609964,2025-08-15 04:00:00+00:00,2025-08-15 04:00:00+00:00,2025-08-15 04:00:00+00:00,4634.4700000000003,4632.1527650000007,8.438552830896052,8.3629549177679525,151.27564555300509,134.549815536766,0.016219488878006599,2,SIGNAL
meanrev_shock_v0.1,BTCUSDT,2025-08-15 00:00:00+00:00,2025-08-15 00:00:00+00:00,10778,118295.09,118354.237545,0.13939897900919229,1358.0810572130235,114959.03490196743,16.498459875184412,94657.556393609964,2025-08-17 12:00:00+00:00,2025-08-17 12:00:00+00:00,2025-08-17 12:00:00+00:00,118308,118248.84600000001,16.483768401415212,16.491114588209292,-14.691473769200133,-47.673702045799757,-0.0028866982936670981,16,SIGNAL
meanrev_shock_v0.1,ETHUSDT,2025-08-16 00:00:00+00:00,2025-08-16 00:00:00+00:00,10784,4439.4700000000003,4441.6897349999999,1.7408336892619969,108.7232043229379,4169.8817241926554,7.732243127937191,94634.508444942941,2025-08-17 12:00:00+00:00,2025-08-17 12:00:00+00:00,2025-08-17 12:00:00+00:00,4551.6899999999996,4549.4141549999995,7.9197734274293987,7.826057116772084,187.53029949220806,171.87828293684149,0.022206567165495857,10,SIGNAL
meanrev_shock_v0.1,SOLUSDT,2025-08-16 00:00:00+00:00,2025-08-16 00:00:00+00:00,10784,185.71000000000001,185.80285499999999,33.897599608322544,5.5835522006524778,171.84397449836879,6.2982707848732096,94634.508444942941,2025-08-17 12:00:00+00:00,2025-08-17 12:00:00+00:00,2025-08-17 12:00:00+00:00,193.58000000000001,193.48321000000001,6.5586163835129891,6.4285102777198038,260.34559863977876,247.48871147139255,0.039255452559327893,10,SIGNAL
meanrev_shock_v0.1,ETHUSDT,2025-08-20 04:00:00+00:00,2025-08-20 04:00:00+00:00,10809,4140.9200000000001,4142.99046,1.8989458304667481,100.22802965171319,3892.4203858707169,7.8673144596805153,95163.799501509173,2025-08-20 20:00:00+00:00,2025-08-20 20:00:00+00:00,2025-08-20 20:00:00+00:00,4346.6400000000003,4344.4666800000005,8.2499068875877164,8.058708336417773,382.59242790720214,366.47520655993389,0.046535460014819188,5,SIGNAL
meanrev_shock_v0.1,BTCUSDT,2025-09-20 00:00:00+00:00,2025-09-20 00:00:00+00:00,10994,115632.39,115690.20619499999,0.21796969380115178,876.54639543806445,113498.84020640483,25.216958820116258,95530.274708069104,,2025-09-22 08:00:00+00:00,2025-09-22 04:00:00+00:00,113498.84020640483,113442.09078630163,24.726937792852627,24.971832044182314,-490.02102726363245,-539.96492387660135,-0.021391378009782393,14,STOP
meanrev_shock_v0.1,BTCUSDT,2025-10-08 04:00:00+00:00,2025-10-08 04:00:00+00:00,11103,121374.75999999999,121435.44737999998,0.15069966963364043,1260.6571735043538,118283.8044462391,18.300281801979324,94990.309784192505,2025-10-08 20:00:00+00:00,2025-10-08 20:00:00+00:00,2025-10-08 20:00:00+00:00,123450.00999999999,123388.28499499999,18.59457378540797,18.447505978564301,294.291983428648,257.39712784126067,0.014051149082611149,5,SIGNAL
meanrev_shock_v0.1,ETHUSDT,2026-01-08 00:00:00+00:00,2026-01-08 00:00:00+00:00,11654,3168.7199999999998,3170.3043599999996,3.8988007911322655,48.86000183885902,3048.1543554028522,12.36038514689807,95247.706912033755,2026-01-11 12:00:00+00:00,2026-01-11 12:00:00+00:00,2026-01-11 12:00:00+00:00,3105.2199999999998,3103.6673900000001,12.100580875543415,12.230421117756485,-259.80427135465533,-284.26523737709681,-0.022975113861419039,22,SIGNAL
meanrev_shock_v0.1,BTCUSDT,2026-01-19 08:00:00+00:00,2026-01-19 08:00:00+00:00,11722,92841.619999999995,92888.040809999991,0.2265830872584006,838.22180043259937,90792.486308918495,21.046859056114105,94963.441674656657,,2026-01-20 08:00:00+00:00,2026-01-20 04:00:00+00:00,90792.486308918495,90747.090065764045,20.561755826816952,20.804191366702952,-485.10322929715113,-526.71184418008215,-0.025000673835400819,6,STOP
meanrev_shock_v0.1,ETHUSDT,2026-01-19 12:00:00+00:00,2026-01-19 12:00:00+00:00,11723,3223.9099999999999,3225.5219549999997,4.4537874981662746,42.665375392546729,3118.8585165186328,14.365789358239839,95011.257763947811,,2026-01-20 08:00:00+00:00,2026-01-20 04:00:00+00:00,3118.8585165186328,3117.2990872603737,13.883787702885391,14.124671561315115,-482.00165535444876,-510.25123241557401,-0.035483013025822699,5,STOP
meanrev_shock_v0.1,SOLUSDT,2026-03-19 00:00:00+00:00,2026-03-19 00:00:00+00:00,12074,90.069999999999993,90.115034999999992,94.719778392710481,1.9832495428492145,85.15691114287695,8.5356761450513474,93926.478598060989,2026-03-21 04:00:00+00:00,2026-03-21 04:00:00+00:00,2026-03-21 04:00:00+00:00,90.450000000000003,90.404775000000001,8.5631202536428539,8.5494071977261115,27.444108591504786,10.345312192810585,0.0012107977200595651,14,SIGNAL
meanrev_shock_v0.1,ETHUSDT,2026-03-19 00:00:00+00:00,2026-03-19 00:00:00+00:00,12074,2203.3899999999999,2204.4916949999997,3.889827343104487,48.293392129378105,2083.7582146765544,8.5750920728577569,93926.478598060989,,2026-03-22 00:00:00+00:00,2026-03-21 20:00:00+00:00,2083.7582146765544,2082.7163355692164,8.1014069500275188,8.3381331746934713,-473.68512283023767,-490.36162185312293,-0.057127287490426219,18,STOP
meanrev_shock_v0.1,BTCUSDT,2026-03-19 00:00:00+00:00,2026-03-19 00:00:00+00:00,12074,71246.550000000003,71282.173274999994,0.16647974296194851,1128.3832726667451,68461.215093333129,11.867037884591074,93926.478598060989,,2026-03-22 04:00:00+00:00,2026-03-22 00:00:00+00:00,68461.215093333129,68426.984485786466,11.39170678885497,11.62925641126094,-475.331095736105,-498.58984040955102,-0.041972710756038326,19,STOP
meanrev_shock_v0.1,ETHUSDT,2026-04-27 20:00:00+00:00,2026-04-27 20:00:00+00:00,12313,2289.1500000000001,2290.2945749999999,5.9320219374948859,31.337669829064502,2211.9504004273385,13.586077662225525,92947.872447991133,2026-04-29 08:00:00+00:00,2026-04-29 08:00:00+00:00,2026-04-29 08:00:00+00:00,2323.7399999999998,2322.5781299999999,13.777584418705848,13.681882337623685,191.50675648032259,164.1430943993912,0.012069643598463414,10,SIGNAL
meanrev_shock_v0.1,BTCUSDT,2026-04-27 20:00:00+00:00,2026-04-27 20:00:00+00:00,12313,76878.229999999996,76916.669114999997,0.22698453393200202,818.97978543186218,74869.219651420339,17.458894290670287,92947.872447991133,2026-04-29 12:00:00+00:00,2026-04-29 12:00:00+00:00,2026-04-29 12:00:00+00:00,77590.039999999994,77551.244980000003,17.602933197631813,17.530954136614397,144.03890696152342,108.97707947322132,0.0062356876357362754,11,SIGNAL
meanrev_shock_v0.1,BTCUSDT,2026-05-13 20:00:00+00:00,2026-05-13 20:00:00+00:00,12409,79642.410000000003,79682.231205000004,0.23218178654082686,803.00004587544822,77674.731090311383,18.500762796736122,93220.992621863756,2026-05-14 16:00:00+00:00,2026-05-14 16:00:00+00:00,2026-05-14 16:00:00+00:00,81301.220000000001,81260.569390000004,18.867224176295029,18.684089772882245,366.46137955890623,329.09339258587505,0.017770328259974089,6,SIGNAL
meanrev_shock_v0.1,SOLUSDT,2026-05-13 20:00:00+00:00,2026-05-13 20:00:00+00:00,12409,90.950000000000003,90.995474999999999,114.69593046719599,1.6255326974922748,86.931643256269311,10.436810673429472,93220.992621863756,,2026-05-16 08:00:00+00:00,2026-05-16 04:00:00+00:00,86.931643256269311,86.888177434641179,9.965720357464992,10.201150293155075,-471.09031596447863,-491.4928469953731,-0.047045199967097107,15,STOP
meanrev_shock_v0.1,ETHUSDT,2026-08-10 20:00:00+00:00,2026-08-10 20:00:00+00:00,12943,1878.52,1879.4592599999999,10.128119325403476,18.376282936170295,1833.5185526595742,19.035387652514519,93058.593167454252,2026-08-12 12:00:00+00:00,2026-08-12 12:00:00+00:00,2026-08-12 12:00:00+00:00,1915.5799999999999,1914.62221,19.391522205947712,19.213548766254725,356.13455343319754,317.7076435747353,0.016673695283504646,11,SIGNAL
meanrev_shock_v0.1,BTCUSDT,2026-09-15 12:00:00+00:00,2026-09-15 12:00:00+00:00,13157,76940.009999999995,76978.48000499999,0.24771313119681296,753.90674979470236,75093.713130513235,19.068580316809808,93376.300811028981,,2026-09-15 20:00:00+00:00,2026-09-15 16:00:00+00:00,75093.713130513235,75056.16627394798,18.592397963348287,18.830374802082993,-476.1823534615217,-513.84333174167978,-0.02692020030916599,2,STOP
meanrev_shock_v0.1,ETHUSDT,2026-09-15 12:00:00+00:00,2026-09-15 12:00:00+00:00,13157,2476.4099999999999,2477.6482049999995,5.1874773160709733,36.000658941388011,2387.6465576465293,12.852743860641462,93376.300811028981,,2026-09-15 20:00:00+00:00,2026-09-15 16:00:00+00:00,2387.6465576465293,2386.4527343677064,12.379669425408025,12.616091528435367,-473.0744352334371,-498.30684851948661,-0.038731732685067424,2,STOP
meanrev_shock_v0.1,SOLUSDT,2026-09-15 12:00:00+00:00,2026-09-15 12:00:00+00:00,13157,100.86,100.91042999999999,116.41068076458922,1.6042565887894535,96.899788528026363,11.747051852547425,93376.300811028981,,2026-09-15 20:00:00+00:00,2026-09-15 16:00:00+00:00,96.899788528026363,96.851338633762353,11.274530263318036,11.510675805203036,-472.52158922938997,-495.54317134525542,-0.042142328938020217,2,STOP
meanrev_shock_v0.1,SOLUSDT,2026-09-16 04:00:00+00:00,2026-09-16 04:00:00+00:00,13161,97.260000000000005,97.308629999999994,101.10139092197555,1.8173559556726899,92.765240110818269,9.838037841711877,91868.60745942255,2026-09-17 04:00:00+00:00,2026-09-17 04:00:00+00:00,2026-09-17 04:00:00+00:00,99.959999999999994,99.910020000000003,10.101041989042397,9.96960815881393,263.00414733051889,243.06506749976464,0.024681979187453261,7,SIGNAL
meanrev_shock_v0.1,BTCUSDT,2026-09-16 04:00:00+00:00,2026-09-16 04:00:00+00:00,13161,75824,75861.911999999997,0.21061819114992444,872.37106118747056,73680.984347031321,15.977898682614747,91868.60745942255,2026-09-17 16:00:00+00:00,2026-09-17 16:00:00+00:00,2026-09-17 16:00:00+00:00,76780.009999999995,76741.619995000001,16.163181189261774,16.070590274210481,185.28250664702767,153.14142677515116,0.0095750036582268605,10,SIGNAL
meanrev_shock_v0.1,ETHUSDT,2026-09-16 04:00:00+00:00,2026-09-16 04:00:00+00:00,13161,2401.96,2403.1609800000001,4.542048910303853,40.452495899378917,2302.029740251553,10.91527471049374,91868.60745942255,2026-09-17 16:00:00+00:00,2026-09-17 16:00:00+00:00,2026-09-17 16:00:00+00:00,2470.27,2469.0348650000001,11.214477118075472,11.064953481124746,299.20240758173122,277.072655753162,0.025358579351847401,10,SIGNAL
meanrev_shock_v0.1,ETHUSDT,2026-09-23 20:00:00+00:00,2026-09-23 20:00:00+00:00,13207,2678.9699999999998,2680.3094849999998,4.2183723530217332,43.875636793020611,2570.6203930174484,11.30654342906592,92541.886609450637,2026-09-25 12:00:00+00:00,2026-09-25 12:00:00+00:00,2026-09-25 12:00:00+00:00,2717.5300000000002,2716.1712350000003,11.457821643796899,11.382223201540539,151.27821473097919,128.51384965811636,0.011354970243503402,11,SIGNAL
equal_weight_buy_hold,BTCUSDT,,2020-09-13 16:00:00+00:00,,10280.15,10285.290074999999,3.2376367664120851,,,33.300033300033313,,,2026-10-02 12:00:00+00:00,,86424.850000000006,86381.637575000015,279.67236575570371,156.54783174791962,246372.3324556704,246059.36005661465,,13259,END_OF_TEST
equal_weight_buy_hold,ETHUSDT,,2020-09-13 16:00:00+00:00,,360.75999999999999,360.94037999999995,92.259096363874022,,,33.300033300033306,,,2026-10-02 12:00:00+00:00,,2746.6300000000001,2745.2566850000003,253.27490104498438,143.34249672503299,219974.86774495107,219688.29281060604,,13259,END_OF_TEST
equal_weight_buy_hold,SOLUSDT,,2020-09-13 16:00:00+00:00,,3.0798999999999999,3.0814399499999996,10806.646840556899,,,33.300033300033306,,,2026-10-02 12:00:00+00:00,,121.81999999999999,121.75909,1315.8074852575833,674.87455486029694,1282507.4519575499,1281158.3444389924,,13259,END_OF_TEST
