signal_time,entry_time,entry_bar,entry_price_raw,entry_fill,quantity,entry_atr,initial_stop,entry_fee,entry_equity,cash_scale,strategy_id,strategy_version,symbol,exit_signal_time,exit_time,exit_price_raw,exit_fill,exit_fee,slippage_cost,gross_pnl,net_pnl,return_pct,bars_held,exit_reason
2020-09-15 00:00:00+00:00,2020-09-15 00:00:00+00:00,8,3.264,3.2656319999999996,715.7379660523158,0.23285989366461024,2.567052319006169,2.337336805555356,100000.0,1.0,trend_tsmom,0.1,SOLUSDT,2020-09-15 08:00:00+00:00,2020-09-15 08:00:00+00:00,3.1819,3.1803090500000004,2.276267930864773,2.3067876776880345,-61.06887469058289,-65.68247942700302,-0.0280733450174922,3,SIGNAL
2020-09-18 12:00:00+00:00,2020-09-18 12:00:00+00:00,29,3.0705,3.07203525,790.1945927204067,0.2107799742013096,2.439695327396071,2.4275056431964828,99934.31752057301,1.0,trend_tsmom,0.1,SOLUSDT,2020-09-18 16:00:00+00:00,2020-09-18 16:00:00+00:00,2.9056,2.9041472,2.2948414139041096,2.3611409527781393,-132.66422929237308,-137.38657634947367,-0.05653924117833337,2,SIGNAL
2020-09-18 20:00:00+00:00,2020-09-18 20:00:00+00:00,31,3.1301,3.13166505,743.7214078347773,0.22364317671668188,2.4607355198499543,2.329086339852968,99796.93094422352,1.0,trend_tsmom,0.1,SOLUSDT,2020-09-19 12:00:00+00:00,2020-09-19 12:00:00+00:00,3.0461,3.04457695,2.2643170555153125,2.296686079534439,-64.76928433765579,-69.36268773302406,-0.02975132057279584,5,SIGNAL
2020-09-21 04:00:00+00:00,2020-09-21 04:00:00+00:00,45,3.0,3.0015,876.039922022783,0.18973178000499255,2.4323046599850224,2.6294338259513834,99727.5682564905,1.0,trend_tsmom,0.1,SOLUSDT,2020-09-21 08:00:00+00:00,2020-09-21 08:00:00+00:00,2.7312,2.7298344,2.391443914911111,2.510380000548313,-237.98991104027252,-243.01078878113503,-0.09232710797448428,2,SIGNAL
2020-09-24 20:00:00+00:00,2020-09-24 20:00:00+00:00,67,3.1702,3.1717850999999997,862.1176854822617,0.19232594177297752,2.594807274681067,2.7344520292591237,99484.55746770937,1.0,trend_tsmom,0.1,SOLUSDT,2020-09-25 00:00:00+00:00,2020-09-25 00:00:00+00:00,3.1409,3.13932955,2.70647152561207,2.7204554624233652,-27.980503647053723,-33.421427201924914,-0.012210138925643672,2,SIGNAL
2020-10-05 12:00:00+00:00,2020-10-05 12:00:00+00:00,131,2.5224,2.5236612000000003,1796.4118373125768,0.09242619509246232,2.2463826147226134,4.533534853046462,99621.30656511655,1.0,trend_tsmom,0.1,SOLUSDT,2020-10-05 16:00:00+00:00,2020-10-05 16:00:00+00:00,2.6185,2.6171907500000002,4.701552443804982,4.617586807219917,168.01759075851845,158.782503461667,0.03498900631049351,2,SIGNAL
2020-10-05 20:00:00+00:00,2020-10-05 20:00:00+00:00,133,2.618,2.619309,1810.749379478956,0.09193314107094724,2.343509576787158,4.742912146413644,99880.72688866142,1.0,trend_tsmom,0.1,SOLUSDT,2020-10-06 08:00:00+00:00,2020-10-06 08:00:00+00:00,2.5269,2.52563655,4.573294815701872,4.6580622412401445,-169.61733071177295,-178.93353767388848,-0.0376888243705216,4,SIGNAL
2020-10-05 20:00:00+00:00,2020-10-05 20:00:00+00:00,133,351.53,351.70576499999993,30.264139904069772,5.500499226987226,335.20426731903825,10.644072477027883,99880.72688866142,1.0,trend_tsmom,0.1,ETHUSDT,2020-10-06 12:00:00+00:00,2020-10-06 12:00:00+00:00,346.12,345.94694000000004,10.469786591544834,10.55688860203471,-174.2858854830512,-195.39974455162394,-0.018339271968779266,5,SIGNAL
2020-10-06 16:00:00+00:00,2020-10-06 16:00:00+00:00,138,351.35,351.525675,28.909578971068353,5.7370268954512005,334.31459431364635,10.162459261770607,99513.01925591374,1.0,trend_tsmom,0.1,ETHUSDT,2020-10-06 20:00:00+00:00,2020-10-06 20:00:00+00:00,340.36,340.18982000000005,9.83474446644353,9.998522435036387,-327.71479532707787,-347.711999055292,-0.03418115885862353,2,SIGNAL
2020-10-07 12:00:00+00:00,2020-10-07 12:00:00+00:00,143,339.24,339.40962,27.009048515258275,6.106254652749945,321.09085604175016,9.167130893125375,98954.4768975869,1.0,trend_tsmom,0.1,ETHUSDT,2020-10-07 16:00:00+00:00,2020-10-07 16:00:00+00:00,340.67,340.49966500000005,9.19657197141419,9.181861088003949,29.441078288815568,11.077375424276003,0.0012071725869497185,2,SIGNAL
2020-10-08 12:00:00+00:00,2020-10-08 12:00:00+00:00,149,337.64,337.80881999999997,28.910178279714174,5.705866833265156,320.6912195002045,9.766113210659874,98974.57643400229,1.0,trend_tsmom,0.1,ETHUSDT,2020-10-12 12:00:00+00:00,2020-10-12 12:00:00+00:00,366.35,366.166825,10.585948190866903,10.176238203567646,819.8349802070273,799.4829188055005,0.08178117715235499,25,SIGNAL
2020-10-12 16:00:00+00:00,2020-10-12 16:00:00+00:00,174,385.57,385.76278499999995,25.94836119796418,6.503395260660673,366.25259921801796,10.009912081912598,101251.46954205091,1.0,trend_tsmom,0.1,ETHUSDT,2020-10-13 00:00:00+00:00,2020-10-13 00:00:00+00:00,386.51,386.316745,10.024286436081823,10.017105356860096,14.374354169226173,-5.659844348768248,-0.0005648591228714658,3,SIGNAL
2020-10-13 12:00:00+00:00,2020-10-13 12:00:00+00:00,179,384.42,384.61221,25.328641609437064,6.655646997352073,364.6452690079438,9.741704825703547,101147.09848491393,1.0,trend_tsmom,0.1,ETHUSDT,2020-10-14 16:00:00+00:00,2020-10-14 16:00:00+00:00,375.82,375.63209,9.514250584613809,9.627923248578627,-227.45424108973796,-246.71019650005533,-0.02529985635748191,8,SIGNAL
2020-10-14 20:00:00+00:00,2020-10-14 20:00:00+00:00,187,375.02,375.20750999999996,25.563779428738997,6.563625603078174,355.51663319076545,9.59172202564638,100674.64630194865,1.0,trend_tsmom,0.1,ETHUSDT,2020-10-15 12:00:00+00:00,2020-10-15 12:00:00+00:00,372.21,372.023895,9.510336794000356,9.551011451267618,-81.38523164602425,-100.48729046567098,-0.010465993832358153,5,SIGNAL
2020-10-15 16:00:00+00:00,2020-10-15 16:00:00+00:00,192,376.63,376.818315,25.73598816052014,6.518914425673823,357.2615717229785,9.697791693507149,100662.42268715127,1.0,trend_tsmom,0.1,ETHUSDT,2020-10-16 16:00:00+00:00,2020-10-16 16:00:00+00:00,367.1,366.91645000000005,9.442957413100082,9.570313237310716,-254.83428040706696,-273.9750295136742,-0.02822305704593932,7,SIGNAL
2020-10-16 20:00:00+00:00,2020-10-16 20:00:00+00:00,199,365.31,365.49265499999996,25.4569919952582,6.5631541007337795,345.80319269779864,9.304343592660665,100246.89684361551,1.0,trend_tsmom,0.1,ETHUSDT,2020-10-17 04:00:00+00:00,2020-10-17 04:00:00+00:00,368.28,368.09586,9.370613361507683,9.337497378898464,66.26976884701763,47.59481189284928,0.005110222355258536,3,SIGNAL
2020-10-20 16:00:00+00:00,2020-10-20 16:00:00+00:00,222,371.03,371.2155149999999,30.53882362266724,5.526417054315642,354.636263837053,11.336485138582585,101262.16541222738,1.0,trend_tsmom,0.1,ETHUSDT,2020-10-20 20:00:00+00:00,2020-10-20 20:00:00+00:00,368.43,368.245785,11.245793077905642,11.291119258007148,-90.69206067694094,-113.27433889342917,-0.009982033790224873,2,SIGNAL
2020-11-07 08:00:00+00:00,2020-11-07 08:00:00+00:00,328,2.2133,2.21440665,1615.6223872725238,0.11239612387128263,1.877218278386152,3.5776449582651524,108953.81638145997,1.0,trend_tsmom,0.1,SOLUSDT,2020-11-07 16:00:00+00:00,2020-11-07 16:00:00+00:00,2.166,2.164917,3.4976883717868703,3.5376475602913513,-79.95658647828157,-87.03191980833358,-0.024302292666754967,3,SIGNAL
2020-11-15 16:00:00+00:00,2020-11-15 16:00:00+00:00,378,2.1965,2.19759825,1818.1854154650753,0.1006296125740259,1.8957094122779223,3.995641087201572,109777.97636759689,1.0,trend_tsmom,0.1,SOLUSDT,2020-11-15 20:00:00+00:00,2020-11-15 20:00:00+00:00,2.0291,2.0280854500000003,3.687435386506925,3.841462145794456,-308.20570069464765,-315.88877716835617,-0.0789793670345426,2,SIGNAL
2020-11-16 12:00:00+00:00,2020-11-16 12:00:00+00:00,383,2.2704,2.2715351999999998,1620.8072915594912,0.11276826523904152,1.9332304042828752,3.681720815194047,109665.37593357192,1.0,trend_tsmom,0.1,SOLUSDT,2020-11-17 16:00:00+00:00,2020-11-17 16:00:00+00:00,2.1658,2.1647171000000003,3.5085892598435167,3.5951126534072086,-173.13155535053002,-180.32186542556758,-0.04892867567753674,8,SIGNAL
2020-11-17 20:00:00+00:00,2020-11-17 20:00:00+00:00,391,2.2339,2.23501695,1686.502547606164,0.11134455527576055,1.9009832841727183,3.769361780117958,112669.7256807873,1.0,trend_tsmom,0.1,SOLUSDT,2020-11-18 00:00:00+00:00,2020-11-18 00:00:00+00:00,2.1962,2.1951019000000005,3.702044946605132,3.7356874680739036,-67.31683351282639,-74.78824023954948,-0.019821267119257142,2,SIGNAL
2020-11-18 04:00:00+00:00,2020-11-18 04:00:00+00:00,393,2.1819,2.18299095,1773.9865594964676,0.10643746113637388,1.8636785665908786,3.8725966048024256,113291.17528971293,1.0,trend_tsmom,0.1,SOLUSDT,2020-11-18 16:00:00+00:00,2020-11-18 16:00:00+00:00,2.0628,2.0617686,3.6575497851918493,3.765020374547418,-215.04681961057668,-222.57696600057096,-0.05741744727902689,4,SIGNAL
2020-11-18 20:00:00+00:00,2020-11-18 20:00:00+00:00,397,2.098,2.099049,1774.8867983081707,0.10520430232970862,1.7834360930108741,3.725574359101967,112035.4363981328,1.0,trend_tsmom,0.1,SOLUSDT,,2020-11-26 00:00:00+00:00,1.7834360930108741,1.7825443749643688,3.163814478522748,3.44455483998089,-561.7598805792195,-568.6492694168443,-0.15248150579540415,44,STOP
2020-10-21 04:00:00+00:00,2020-10-21 04:00:00+00:00,225,377.95,378.13897499999996,29.48893818621138,5.73945807194387,360.92060078416836,11.15091685957233,101550.31458354284,1.0,trend_tsmom,0.1,ETHUSDT,2020-12-24 00:00:00+00:00,2020-12-24 00:00:00+00:00,585.48,585.18726,17.25655093749841,14.205263858369385,6105.634077926079,6077.226610129009,0.5444534768872074,384,SIGNAL
2020-10-04 00:00:00+00:00,2020-10-04 00:00:00+00:00,122,10542.07,10547.341035,1.5663473942909492,105.82064617656414,10229.879096470308,16.520800146870254,99451.13604050744,1.0,trend_tsmom,0.1,BTCUSDT,2021-02-02 08:00:00+00:00,2021-02-02 08:00:00+00:00,34223.38,34206.26831,53.57889923578557,35.05912298087723,37058.09908891532,36987.99938953266,2.236637935977428,729,SIGNAL
2021-02-02 12:00:00+00:00,2021-02-02 12:00:00+00:00,851,34722.97,34740.331485,0.2066909809359917,1256.8252072916498,30969.855863125053,7.180513192676168,155864.66097611532,1.0,trend_tsmom,0.1,BTCUSDT,2021-02-07 00:00:00+00:00,2021-02-07 00:00:00+00:00,39181.01,39161.419495,8.094312210267418,7.6376430606372425,913.7990175912514,898.5241921883079,0.1250086924898666,28,SIGNAL
2021-02-07 04:00:00+00:00,2021-02-07 04:00:00+00:00,879,38839.52,38858.939759999994,0.24459250577711042,1093.0001836841764,35579.939208947464,9.504605447740184,160403.79224529277,1.0,trend_tsmom,0.1,BTCUSDT,2021-02-07 12:00:00+00:00,2021-02-07 12:00:00+00:00,39044.37,39024.84781500001,9.545185314641245,9.52490790738231,40.579866901060186,21.53007613867876,0.0022629626962812565,3,SIGNAL
2020-12-25 00:00:00+00:00,2020-12-25 00:00:00+00:00,614,612.31,612.6161549999999,10.586127418062334,19.564033670735082,553.9240539877947,6.485232675193425,124264.411949798,1.0,trend_tsmom,0.1,ETHUSDT,2021-02-28 12:00:00+00:00,2021-02-28 12:00:00+00:00,1371.67,1370.984165,14.513413058835797,10.501332537443519,8028.180383642372,8007.181737908343,1.2334457306289959,394,SIGNAL
2021-02-28 20:00:00+00:00,2021-02-28 20:00:00+00:00,1009,1388.96,1389.65448,3.5365974514428773,81.77763585170142,1144.3215724448955,4.914648492354177,173528.74712289055,1.0,trend_tsmom,0.1,ETHUSDT,2021-03-05 04:00:00+00:00,2021-03-05 04:00:00+00:00,1481.53,1480.789235,5.236955434625048,5.075883809195762,322.30694227087116,312.15533834389197,0.06345184102874997,27,SIGNAL
2021-03-07 00:00:00+00:00,2021-03-07 00:00:00+00:00,1046,1650.68,1651.50534,4.81251403255114,60.35039713097504,1470.4541486070748,7.94789262358314,174262.27983771084,1.0,trend_tsmom,0.1,ETHUSDT,2021-03-07 16:00:00+00:00,2021-03-07 16:00:00+00:00,1651.99,1651.164005,7.9462499441058405,7.947072859941826,-1.642679477300095,-17.536822044989076,-0.002204270184811407,5,SIGNAL
2021-03-08 00:00:00+00:00,2021-03-08 00:00:00+00:00,1052,1726.46,1727.32323,5.02350371002226,58.49587955338426,1551.8355913398473,8.677214654312635,176312.56077446465,1.0,trend_tsmom,0.1,ETHUSDT,2021-03-12 08:00:00+00:00,2021-03-12 08:00:00+00:00,1794.21,1793.312895,9.00871398126326,8.84304940338174,331.4993269506264,313.8133983150505,0.03612909336763062,27,SIGNAL
2021-03-12 16:00:00+00:00,2021-03-12 16:00:00+00:00,1080,1775.56,1776.4477799999997,5.563983172924208,54.35687688946911,1613.3771493315924,9.884125555498564,181464.44900743137,1.0,trend_tsmom,0.1,ETHUSDT,2021-03-12 20:00:00+00:00,2021-03-12 20:00:00+00:00,1739.0,1738.1305,9.67092885434634,9.777476350115192,-213.19670115222394,-232.75175556206884,-0.023524512615725735,2,SIGNAL
2021-03-13 00:00:00+00:00,2021-03-13 00:00:00+00:00,1082,1766.13,1767.013065,5.546888671498471,53.85388139274587,1605.4514208217624,9.801424752638292,179232.8907681866,1.0,trend_tsmom,0.1,ETHUSDT,2021-03-15 08:00:00+00:00,2021-03-15 08:00:00+00:00,1793.82,1792.92309,9.945144776789034,9.87332316305006,143.72002415074164,123.9734546213143,0.012635877756747647,15,SIGNAL
2021-03-16 16:00:00+00:00,2021-03-16 16:00:00+00:00,1104,1803.91,1804.811955,5.305413967030101,55.73306966753085,1637.6127459974073,9.575274553919902,177412.20374374787,1.0,trend_tsmom,0.1,ETHUSDT,2021-03-16 20:00:00+00:00,2021-03-16 20:00:00+00:00,1784.42,1783.52779,9.462353247652329,9.518788050155466,-112.92130626757218,-131.9589340691444,-0.013767449300784296,2,SIGNAL
2021-03-17 00:00:00+00:00,2021-03-17 00:00:00+00:00,1106,1805.01,1805.9125049999998,5.454788483744434,54.14549537494658,1643.47601887516,9.850870734924062,177211.33477073768,1.0,trend_tsmom,0.1,ETHUSDT,2021-03-17 12:00:00+00:00,2021-03-17 12:00:00+00:00,1759.71,1758.8301450000001,9.594046419808555,9.722396801885084,-256.82431511550766,-276.26923227024025,-0.02801714147488878,4,SIGNAL
2021-03-17 20:00:00+00:00,2021-03-17 20:00:00+00:00,1111,1827.36,1828.2736799999998,5.65564822672646,52.52959563512807,1670.6848930946155,10.340072796262659,178253.34864268205,1.0,trend_tsmom,0.1,ETHUSDT,2021-03-19 00:00:00+00:00,2021-03-19 00:00:00+00:00,1775.92,1775.0320400000003,10.038956809408653,10.189442071197645,-301.11598685400577,-321.49501645967706,-0.0310610813816655,8,SIGNAL
2021-03-19 04:00:00+00:00,2021-03-19 04:00:00+00:00,1119,1780.06,1780.9500299999997,5.987301517825381,49.486870993516234,1632.4894170194511,10.663084817790157,177775.69068714516,1.0,trend_tsmom,0.1,ETHUSDT,2021-03-19 08:00:00+00:00,2021-03-19 08:00:00+00:00,1793.47,1792.5732650000002,10.7326766303477,10.6979007964949,69.59181255754395,48.196051109406085,0.004515382183387543,2,SIGNAL
2021-03-19 12:00:00+00:00,2021-03-19 12:00:00+00:00,1121,1819.13,1820.039565,6.161934219884269,48.19945107164839,1675.4412117850547,11.21496407711678,178201.1081628166,1.0,trend_tsmom,0.1,ETHUSDT,2021-03-19 20:00:00+00:00,2021-03-19 20:00:00+00:00,1826.54,1825.62673,11.249391820322419,11.232189363702377,34.42774320563916,11.963387308199959,0.0010656686717983844,3,SIGNAL
2021-02-08 16:00:00+00:00,2021-02-08 16:00:00+00:00,888,43703.23,43725.081615,0.20327496323523014,1357.0973970148589,39653.78942395543,8.888214357746563,165518.35409089318,1.0,trend_tsmom,0.1,BTCUSDT,2021-03-22 20:00:00+00:00,2021-03-22 20:00:00+00:00,55524.99,55497.227505,11.28119688073608,10.085306386197644,2392.9825229895155,2372.813111751033,0.26669503835896813,254,SIGNAL
2021-03-24 12:00:00+00:00,2021-03-24 12:00:00+00:00,1151,56536.08,56564.34804,0.21816412536264937,1364.8947842977054,52469.663687106884,12.34031151685509,178662.64609701053,1.0,trend_tsmom,0.1,BTCUSDT,,2021-03-24 20:00:00+00:00,52469.663687106884,52443.42885526334,11.441274787226854,11.890571365498992,-899.0367296282355,-922.8183159323174,-0.0747060897331179,3,STOP
2021-01-03 08:00:00+00:00,2021-01-03 08:00:00+00:00,670,2.0662,2.0672330999999997,2128.617196877389,0.11199325237146636,1.7312533428856005,4.400347926614154,143034.4577592796,1.0,trend_tsmom,0.1,SOLUSDT,2021-03-25 00:00:00+00:00,2021-03-25 00:00:00+00:00,13.5844,13.577607800000001,28.901529455536572,16.657068150723525,24501.181528922418,24467.87965154027,5.55488716414589,485,SIGNAL
2021-03-25 08:00:00+00:00,2021-03-25 08:00:00+00:00,1156,13.3119,13.318555949999999,533.1281934604892,0.5480524287958194,11.674398663612541,7.1004976731259495,175309.32077132916,1.0,trend_tsmom,0.1,SOLUSDT,2021-03-25 12:00:00+00:00,2021-03-25 12:00:00+00:00,13.1079,13.101346050000002,6.9846969515372175,7.04257012279259,-115.80072158873178,-129.88591621339495,-0.018274234571534938,2,SIGNAL
2021-03-25 12:00:00+00:00,2021-03-25 12:00:00+00:00,1157,1592.45,1593.2462249999999,6.518446987417584,44.785175038326344,1458.890699885021,10.385491055565689,175157.87358572852,1.0,trend_tsmom,0.1,ETHUSDT,2021-03-26 04:00:00+00:00,2021-03-26 04:00:00+00:00,1618.73,1617.9206350000002,10.546329889096496,10.465953298525617,160.8388335308083,139.90701258614612,0.013457933244851495,5,SIGNAL
2021-03-25 04:00:00+00:00,2021-03-25 04:00:00+00:00,1155,52131.51,52157.575755,0.20053263939018773,1456.9290024028821,47786.788747791354,10.459296330343815,175297.09095357786,1.0,trend_tsmom,0.1,BTCUSDT,2021-04-12 20:00:00+00:00,2021-04-12 20:00:00+00:00,60090.42,60060.37479,12.044065479402592,11.252079910178956,1584.7691490587792,1562.2657872490329,0.14921702501525388,113,SIGNAL
2021-04-13 08:00:00+00:00,2021-04-13 08:00:00+00:00,1270,61050.99,61081.51549499999,0.31256657231792734,988.0480231607544,58117.37142551773,19.09203993025651,185298.47033091664,1.0,trend_tsmom,0.1,BTCUSDT,,2021-04-18 00:00:00+00:00,58117.37142551773,58088.31273980498,18.156464804812632,18.62402312975648,-935.5751254438823,-972.8236301789515,-0.05090350648494027,29,STOP
2021-04-22 12:00:00+00:00,2021-04-22 12:00:00+00:00,1325,54866.63,54894.06331499999,0.1894856432467804,1683.680448178133,49843.02197046559,10.401636897672265,191419.96364703667,1.0,trend_tsmom,0.1,BTCUSDT,2021-04-22 16:00:00+00:00,2021-04-22 16:00:00+00:00,54651.63,54624.304185,10.350521415402525,10.376068971682416,-51.115482269740205,-71.867640582815,-0.006902360219298157,2,SIGNAL
2021-05-04 00:00:00+00:00,2021-05-04 00:00:00+00:00,1394,57169.39,57197.974695,0.2830517200818846,1188.1139110727977,53633.6329617816,16.18998512261986,201778.6117094224,1.0,trend_tsmom,0.1,BTCUSDT,2021-05-04 04:00:00+00:00,2021-05-04 04:00:00+00:00,55452.16,55424.43392,15.687981355620753,15.93886172289345,-502.00376699910703,-533.8817334773477,-0.03294310532423449,2,SIGNAL
2021-05-07 12:00:00+00:00,2021-05-07 12:00:00+00:00,1415,56464.74,56492.972369999996,0.23652478809725289,1408.1161447511315,52268.623935746604,13.361988318798211,199832.62365214922,1.0,trend_tsmom,0.1,BTCUSDT,2021-05-08 16:00:00+00:00,2021-05-08 16:00:00+00:00,57599.86,57571.06007000001,13.61698278359097,13.489552672196984,254.99446479275733,228.01549369036815,0.017047440886018617,8,SIGNAL
2021-05-08 20:00:00+00:00,2021-05-08 20:00:00+00:00,1423,59030.56,59060.07528,0.23747215803057894,1428.9373982079828,54773.26308537605,14.025123530190049,203599.7085858302,1.0,trend_tsmom,0.1,BTCUSDT,2021-05-09 08:00:00+00:00,2021-05-09 08:00:00+00:00,57965.59,57936.607205,13.758331141941339,13.891664110883681,-266.79238824870964,-294.575842920841,-0.020982457710694676,4,SIGNAL
2021-05-10 00:00:00+00:00,2021-05-10 00:00:00+00:00,1430,58240.83,58269.950415,0.2516423049463141,1349.933926920394,54220.148634238816,14.663184631538034,203820.29093728628,1.0,trend_tsmom,0.1,BTCUSDT,2021-05-10 08:00:00+00:00,2021-05-10 08:00:00+00:00,58370.17,58340.984915,14.681059916848742,14.672130411046044,17.875285310709344,-11.468959237677431,-0.0007813788084819133,3,SIGNAL
2021-03-26 20:00:00+00:00,2021-03-26 20:00:00+00:00,1165,1664.4,1665.2322,6.86233349200587,42.65329338487011,1537.2723198453896,11.427378698026619,175620.67424360797,1.0,trend_tsmom,0.1,ETHUSDT,2021-05-21 16:00:00+00:00,2021-05-21 16:00:00+00:00,2420.39,2419.179805,16.601218599035732,14.015595612401812,5173.839901009114,5145.811303712052,0.4498556290924978,336,SIGNAL
2021-05-22 00:00:00+00:00,2021-05-22 00:00:00+00:00,1502,2430.98,2432.19549,1.19637356944677,266.04377236622986,1634.0641729013105,2.909814399963636,190972.64254492222,1.0,trend_tsmom,0.1,ETHUSDT,2021-05-22 04:00:00+00:00,2021-05-22 04:00:00+00:00,2329.54,2328.37523,2.785606584926544,2.8476801524112583,-124.20781503709168,-129.90323602198185,-0.04459853609943102,2,SIGNAL
2021-03-27 20:00:00+00:00,2021-03-27 20:00:00+00:00,1171,15.8923,15.90024615,461.30310964044816,0.636878877842696,13.989609516471912,7.334832993043563,176276.52408789285,1.0,trend_tsmom,0.1,SOLUSDT,2021-05-22 08:00:00+00:00,2021-05-22 08:00:00+00:00,35.155,35.1374225,16.20900226400025,11.774139114374531,8874.169270956685,8850.625435699641,1.205451257095184,334,SIGNAL
2021-05-22 12:00:00+00:00,2021-05-22 12:00:00+00:00,1505,36.982,37.000491,62.14976734648405,5.070528743193509,21.78890477041947,2.2995719073556766,189079.30902788203,1.0,trend_tsmom,0.1,SOLUSDT,2021-05-22 16:00:00+00:00,2021-05-22 16:00:00+00:00,35.357,35.339321500000004,2.196330609407602,2.247926010038197,-103.24129794807477,-107.73720046483804,-0.04680417713821764,2,SIGNAL
2021-05-23 04:00:00+00:00,2021-05-23 04:00:00+00:00,1509,2317.8,2318.9589,1.327505895342504,237.2513906095328,1607.2047281714017,3.0784316108069683,188971.57182741718,1.0,trend_tsmom,0.1,ETHUSDT,2021-05-23 12:00:00+00:00,2021-05-23 12:00:00+00:00,2115.5,2114.44225,2.8069345522362688,2.942615942910756,-271.49705857069955,-277.38242473374277,-0.09001509679199568,3,SIGNAL
2021-05-24 08:00:00+00:00,2021-05-24 08:00:00+00:00,1516,2291.44,2292.58572,1.383422405751917,227.3277593044385,1610.6024420866845,3.1716144521548912,188694.18940268343,1.0,trend_tsmom,0.1,ETHUSDT,2021-05-28 08:00:00+00:00,2021-05-28 08:00:00+00:00,2566.69,2565.4066550000002,3.549041046392079,3.360422946027517,377.42659423718766,370.7059387386407,0.11676564371936443,25,SIGNAL
2021-06-07 08:00:00+00:00,2021-06-07 08:00:00+00:00,1600,43.766,43.787882999999994,140.63805598802546,2.2405611104948706,37.06619966851538,6.158242740951107,189064.89534142206,1.0,trend_tsmom,0.1,SOLUSDT,2021-06-07 12:00:00+00:00,2021-06-07 12:00:00+00:00,43.29,43.268355,6.085177332999762,6.121693301046055,-73.06540795134605,-85.30882802529692,-0.013838948545200366,2,SIGNAL
2021-06-10 04:00:00+00:00,2021-06-10 04:00:00+00:00,1617,40.745,40.7653725,123.48128827228057,2.5507182661377565,33.11321770158673,5.033760713199398,188979.58651339676,1.0,trend_tsmom,0.1,SOLUSDT,2021-06-10 16:00:00+00:00,2021-06-10 16:00:00+00:00,41.121,41.10043950000001,5.075135218016928,5.054459572848698,41.374504817529385,31.265608886313057,0.006204978005787855,4,SIGNAL
2021-06-19 00:00:00+00:00,2021-06-19 00:00:00+00:00,1670,36.802,36.820401,187.92461880577687,1.676300257371005,31.79150022788698,6.919459822200846,189010.85212228308,1.0,trend_tsmom,0.1,SOLUSDT,2021-06-19 04:00:00+00:00,2021-06-19 04:00:00+00:00,35.684,35.666158,6.70254914641661,6.810951959376232,-216.91067578423517,-230.53268475285262,-0.03328328920005648,2,SIGNAL
2021-06-22 16:00:00+00:00,2021-06-22 16:00:00+00:00,1692,25.666,25.678832999999997,130.31175929068587,2.4144702476724653,18.4354222569826,3.3462539047617206,188780.3194375302,1.0,trend_tsmom,0.1,SOLUSDT,2021-06-23 16:00:00+00:00,2021-06-23 16:00:00+00:00,29.056,29.041472000000002,3.784445308711194,3.5654600459518733,438.1914039494733,431.06070473600033,0.12869019713314409,7,SIGNAL
2021-06-24 12:00:00+00:00,2021-06-24 12:00:00+00:00,1703,30.728,30.743364,127.70774568086135,2.4693279061175217,23.335380281647435,3.9261657110861483,189211.3801422662,1.0,trend_tsmom,0.1,SOLUSDT,2021-06-25 08:00:00+00:00,2021-06-25 08:00:00+00:00,31.261,31.245369500000002,3.990275701810542,3.9582377235048094,64.109990724394,56.19354931149731,0.014298278786625046,6,SIGNAL
2021-06-27 12:00:00+00:00,2021-06-27 12:00:00+00:00,1721,30.458,30.473228999999996,151.82714353859933,2.0776650920290347,24.240233723912894,4.626663313467607,189267.57369157768,1.0,trend_tsmom,0.1,SOLUSDT,2021-06-27 16:00:00+00:00,2021-06-27 16:00:00+00:00,30.17,30.154915000000003,4.578334608099262,4.602488029228654,-48.328705368344764,-57.533703289911635,-0.012422824651092089,2,SIGNAL
2021-06-28 16:00:00+00:00,2021-06-28 16:00:00+00:00,1728,34969.98,34987.46499,0.2561571596368217,1233.2584865886322,31287.689530234104,8.962289654731139,189544.7946135296,1.0,trend_tsmom,0.1,BTCUSDT,2021-06-29 00:00:00+00:00,2021-06-29 00:00:00+00:00,34494.89,34477.642555,8.831694987862411,8.89696189687004,-130.5946668687286,-148.38865151132217,-0.016540461959067203,3,SIGNAL
2021-06-29 16:00:00+00:00,2021-06-29 16:00:00+00:00,1734,36248.99,36267.114494999994,0.2716484984200549,1163.2144160901385,32777.471246729576,9.851907194594956,189591.26968286824,1.0,trend_tsmom,0.1,BTCUSDT,2021-06-30 08:00:00+00:00,2021-06-30 08:00:00+00:00,35250.54,35232.914730000004,9.570968381366335,9.711369981117988,-280.93881322862103,-300.36168880458234,-0.030457212116454718,5,SIGNAL
2021-06-28 00:00:00+00:00,2021-06-28 00:00:00+00:00,1724,31.883,31.898941499999996,158.04032510134832,1.9953772332783934,25.912809800164815,5.041319085048891,189210.03998828775,1.0,trend_tsmom,0.1,SOLUSDT,2021-06-30 16:00:00+00:00,2021-06-30 16:00:00+00:00,31.914,31.898043000000005,5.041177085816789,5.041249310244314,-0.14199923210214407,-10.224495402967824,-0.002026112798957442,17,SIGNAL
2021-06-30 20:00:00+00:00,2021-06-30 20:00:00+00:00,1741,34.321,34.338160499999994,172.649595549733,1.8221016248891022,28.871855625332685,5.928469522246816,188751.06515256886,1.0,trend_tsmom,0.1,SOLUSDT,2021-07-02 12:00:00+00:00,2021-07-02 12:00:00+00:00,31.893,31.877053500000002,5.503560394092201,5.7159101598639745,-424.9091281546152,-436.3411580709542,-0.07352745108706123,11,SIGNAL
2021-07-03 00:00:00+00:00,2021-07-03 00:00:00+00:00,1754,34.001,34.01800049999999,186.60857905190602,1.6819048455262189,28.972285963421335,6.348050735492028,188314.7239944979,1.0,trend_tsmom,0.1,SOLUSDT,2021-07-03 04:00:00+00:00,2021-07-03 04:00:00+00:00,33.517,33.5002415,6.251432464210693,6.299719020212609,-96.61827128133413,-109.21775448103685,-0.01718774004517228,2,SIGNAL
2021-07-08 00:00:00+00:00,2021-07-08 00:00:00+00:00,1784,33862.11,33879.041055,0.42025552535332,746.3931460975933,31639.86161670722,14.237854197035722,188205.50624001687,1.0,trend_tsmom,0.1,BTCUSDT,2021-07-08 08:00:00+00:00,2021-07-08 08:00:00+00:00,32487.56,32471.316220000004,13.646250056949883,13.94190771143386,-591.6041400858396,-619.4882443398252,-0.043466477911658,3,SIGNAL
2021-07-08 16:00:00+00:00,2021-07-08 16:00:00+00:00,1788,32900.05,32916.500025,0.4080694399573895,766.1523572036529,30618.042953389042,13.432217730559147,187586.01799567704,1.0,trend_tsmom,0.1,BTCUSDT,2021-07-09 00:00:00+00:00,2021-07-09 00:00:00+00:00,32875.71,32859.272145,13.4088647816176,13.420538772983694,-23.3529489415481,-50.19403145372485,-0.0037331056249987793,3,SIGNAL
2021-07-09 04:00:00+00:00,2021-07-09 04:00:00+00:00,1791,32941.81,32958.28090499999,0.41699279341049816,749.5566147574816,30709.611060727548,13.743365620583829,187535.82396422332,1.0,trend_tsmom,0.1,BTCUSDT,2021-07-09 08:00:00+00:00,2021-07-09 08:00:00+00:00,32902.13,32885.678934999996,13.713091122306425,13.728224234874858,-30.27449827740355,-57.7309550202938,-0.0041964452762703434,2,SIGNAL
2021-07-22 00:00:00+00:00,2021-07-22 00:00:00+00:00,1868,32144.51,32160.582254999998,0.4748314524957661,658.051371084054,30186.428141747834,15.270855985251208,187478.09300920303,1.0,trend_tsmom,0.1,BTCUSDT,2021-07-22 04:00:00+00:00,2021-07-22 04:00:00+00:00,31929.64,31913.675180000002,15.15361674019748,15.212210855964155,-117.23924505372894,-147.66371777917763,-0.009659982500003477,2,SIGNAL
2021-07-22 00:00:00+00:00,2021-07-22 00:00:00+00:00,1868,26.706,26.719352999999998,268.4134747937461,1.164112526723088,23.227015419830735,7.171834382970704,187478.09300920303,1.0,trend_tsmom,0.1,SOLUSDT,2021-07-22 04:00:00+00:00,2021-07-22 04:00:00+00:00,26.306,26.292847000000002,7.057354425490324,7.114567562882416,-114.47995748038048,-128.7091462888415,-0.01792854642996622,2,SIGNAL
2021-07-22 12:00:00+00:00,2021-07-22 12:00:00+00:00,1871,31913.64,31929.59682,0.48566114160866863,641.8446167831906,30004.062969650426,15.506964442705716,187031.39359338168,1.0,trend_tsmom,0.1,BTCUSDT,2021-07-22 20:00:00+00:00,2021-07-22 20:00:00+00:00,32376.93,32360.741535,15.71635467719116,15.611715810435378,209.39023448544515,178.16691536554828,0.011477999262636663,3,SIGNAL
2021-07-22 08:00:00+00:00,2021-07-22 08:00:00+00:00,1870,27.036,27.049518,267.954480412311,1.1641640553675867,23.55702583389724,7.248039541093454,187165.78474242633,1.0,trend_tsmom,0.1,SOLUSDT,2021-07-23 04:00:00+00:00,2021-07-23 04:00:00+00:00,28.281,28.2668595,7.574231650210297,7.4112189964832575,326.19210911684326,311.36983792553946,0.04291626409911475,6,SIGNAL
2021-07-24 04:00:00+00:00,2021-07-24 04:00:00+00:00,1881,33669.98,33686.81499,0.5074805107791486,618.9156044157148,31830.068176752855,17.09540207764788,188452.56423484345,1.0,trend_tsmom,0.1,BTCUSDT,2021-07-24 16:00:00+00:00,2021-07-24 16:00:00+00:00,33847.51,33830.586245000006,17.16836318757064,17.13190515585892,72.96110992276273,38.697344657544214,0.0022613499112792796,4,SIGNAL
2021-07-26 04:00:00+00:00,2021-07-26 04:00:00+00:00,1893,30.108,30.123054,272.5739123687088,1.1697073270644474,26.613932018806658,8.210758681273884,191299.02147858078,1.0,trend_tsmom,0.1,SOLUSDT,2021-07-27 00:00:00+00:00,2021-07-27 00:00:00+00:00,28.183,28.1689085,7.6781095970011775,7.944302962941792,-532.6490842727064,-548.5379525509815,-0.06674047842109683,6,SIGNAL
2021-07-30 04:00:00+00:00,2021-07-30 04:00:00+00:00,1917,32.753,32.7693765,264.6165725478381,1.2105475633463538,29.137733809960938,8.67132009395967,192198.56827130943,1.0,trend_tsmom,0.1,SOLUSDT,2021-07-30 08:00:00+00:00,2021-07-30 08:00:00+00:00,32.059,32.0429705,8.479101027961486,8.575164649983813,-192.21906599818413,-209.3694871201053,-0.024120932513956025,2,SIGNAL
2021-07-31 12:00:00+00:00,2021-07-31 12:00:00+00:00,1925,34.636,34.653318,242.92345473242676,1.3243437362264745,30.680286791320576,8.41810372650139,193028.49339443096,1.0,trend_tsmom,0.1,SOLUSDT,2021-08-02 12:00:00+00:00,2021-08-02 12:00:00+00:00,34.573,34.5557135,8.394393304163959,8.406244689286625,-23.710422337430092,-40.522919368095444,-0.004808973403798745,13,SIGNAL
2021-08-03 16:00:00+00:00,2021-08-03 16:00:00+00:00,1944,34.92,34.93746,228.10579215060463,1.398596857256995,30.741669428229017,7.969436989030063,191416.82641437175,1.0,trend_tsmom,0.1,SOLUSDT,2021-08-03 20:00:00+00:00,2021-08-03 20:00:00+00:00,34.656,34.638672,7.901281715604969,7.93534429733499,-68.15527342509527,-84.0259921297303,-0.010532996270024714,2,SIGNAL
2021-08-04 04:00:00+00:00,2021-08-04 04:00:00+00:00,1947,33.737,33.7538685,237.37194806358718,1.3422573554907156,29.727096433527855,8.012221520527152,191168.545965306,1.0,trend_tsmom,0.1,SOLUSDT,2021-08-04 08:00:00+00:00,2021-08-04 08:00:00+00:00,33.701,33.684149500000004,7.995672185680107,8.003944716755582,-16.549334847045046,-32.5572285532523,-0.004059386496750652,2,SIGNAL
2021-07-25 08:00:00+00:00,2021-07-25 08:00:00+00:00,1888,34695.51,34712.857755,0.5198811691655792,604.9185849431486,32898.102000170555,18.046561074747842,188691.4687141391,1.0,trend_tsmom,0.1,BTCUSDT,2021-09-09 00:00:00+00:00,2021-09-09 00:00:00+00:00,46048.31,46025.285845,23.927679416278586,20.988595772244622,5881.118341530741,5839.144101039715,0.3232366967916059,275,SIGNAL
2021-09-09 04:00:00+00:00,2021-09-09 04:00:00+00:00,2163,46001.16,46024.16058,0.3311147856865865,1225.977709744374,42346.227450766884,15.239280066851743,243563.6079711243,1.0,trend_tsmom,0.1,BTCUSDT,2021-09-10 08:00:00+00:00,2021-09-10 08:00:00+00:00,46160.55,46137.469725,15.276798400114748,15.258052427579718,37.518333263005104,7.002254796038615,0.00045902821562536267,8,SIGNAL
2021-09-10 12:00:00+00:00,2021-09-10 12:00:00+00:00,2171,46331.85,46355.01592499999,0.3590971608062551,1098.6141286783977,43059.1735389648,16.645954607796238,236705.52865803023,1.0,trend_tsmom,0.1,BTCUSDT,2021-09-10 16:00:00+00:00,2021-09-10 16:00:00+00:00,45420.86,45398.14957,16.302346616444712,16.47406882863735,-343.60799135152695,-376.5562925757679,-0.02259889092134844,2,SIGNAL
2021-09-11 12:00:00+00:00,2021-09-11 12:00:00+00:00,2177,45555.68,45578.457839999995,0.3618502284251754,1082.2788000348833,42331.621439895345,16.492575380671223,234973.69860740833,1.0,trend_tsmom,0.1,BTCUSDT,2021-09-12 08:00:00+00:00,2021-09-12 08:00:00+00:00,45357.03,45334.351485,16.40424544035444,16.448392440123982,-88.3299403167856,-121.22676113781127,-0.007343040894890251,6,SIGNAL
2021-07-22 00:00:00+00:00,2021-07-22 00:00:00+00:00,1868,1995.5,1996.49775,5.433029433869848,57.5118342633586,1823.9622472099243,10.847031040404925,187478.09300920303,1.0,trend_tsmom,0.1,ETHUSDT,2021-09-13 04:00:00+00:00,2021-09-13 04:00:00+00:00,3257.7,3256.07115,17.69033039672445,14.27039511100036,6843.2993563195205,6814.761994882391,0.6276329454098627,320,SIGNAL
2021-09-13 12:00:00+00:00,2021-09-13 12:00:00+00:00,2189,3251.24,3252.8656199999996,3.4818747447757703,109.85207774676783,2923.3093867596963,11.326070650427377,229494.7051005692,1.0,trend_tsmom,0.1,ETHUSDT,2021-09-13 16:00:00+00:00,2021-09-13 16:00:00+00:00,3202.63,3201.028685,11.145580935604295,11.235783479531904,-180.48971482308096,-202.96136640911263,-0.01790193740259429,2,SIGNAL
2021-09-14 12:00:00+00:00,2021-09-14 12:00:00+00:00,2195,45973.79,45996.776894999995,0.38503212593299974,998.2492240151962,43002.02922295441,17.71023679394773,230614.81256012298,1.0,trend_tsmom,0.1,BTCUSDT,2021-09-15 04:00:00+00:00,2021-09-15 04:00:00+00:00,47075.47,47051.932265,18.116505509248455,17.913477197143372,406.2687153007239,370.4419729975277,0.020895931850154547,5,SIGNAL
2021-09-15 12:00:00+00:00,2021-09-15 12:00:00+00:00,2201,47560.74,47584.52037,0.41403145073665015,924.0472411393941,44812.37864658181,19.70148800139878,229550.77187888554,1.0,trend_tsmom,0.1,BTCUSDT,2021-09-19 16:00:00+00:00,2021-09-19 16:00:00+00:00,47646.71,47622.886645,19.717372845896392,19.709439322218895,15.884844497611402,-23.534016349683768,-0.0011933365562119326,26,SIGNAL
2021-09-14 00:00:00+00:00,2021-09-14 00:00:00+00:00,2192,3285.09,3286.732545,3.406677407465658,113.29626640813505,2946.8437457755945,11.196837505433603,231578.2986736824,1.0,trend_tsmom,0.1,ETHUSDT,2021-09-20 04:00:00+00:00,2021-09-20 04:00:00+00:00,3187.0,3185.4065,10.851652357144257,11.024161391041009,-345.18514828934786,-367.23363815192573,-0.03276521349912527,38,SIGNAL
2021-10-05 20:00:00+00:00,2021-10-05 20:00:00+00:00,2323,51190.11,51215.705055,0.3891667179822962,983.6471449468713,48264.763620159385,19.931447845403646,229681.63863097795,1.0,trend_tsmom,0.1,BTCUSDT,2021-10-06 00:00:00+00:00,2021-10-06 00:00:00+00:00,51471.99,51446.254005,20.021169823609412,19.97633625908258,89.72197820576605,49.769360536752984,0.0024945323230656765,2,SIGNAL
2021-08-04 12:00:00+00:00,2021-08-04 12:00:00+00:00,1949,34.348,34.365173999999996,242.73407001298628,1.3138197633303708,30.423714710008884,8.341598551724456,191345.29105000757,1.0,trend_tsmom,0.1,SOLUSDT,2021-10-06 20:00:00+00:00,2021-10-06 20:00:00+00:00,159.8,159.72010000000003,38.76950993588118,23.563167112435266,30427.911384156723,30380.800275669117,3.638445273726214,381,SIGNAL
2021-10-08 08:00:00+00:00,2021-10-08 08:00:00+00:00,2338,158.77,158.849385,61.679013737400844,6.192155269561266,140.27291919131622,9.797673399592677,229155.61796123302,1.0,trend_tsmom,0.1,SOLUSDT,2021-10-08 20:00:00+00:00,2021-10-08 20:00:00+00:00,163.6,163.5182,10.08564130411506,9.94173182926228,287.9679045223828,268.08458981867506,0.027334731637080646,4,SIGNAL
2021-10-16 00:00:00+00:00,2021-10-16 00:00:00+00:00,2384,163.15,163.231575,72.25278462633943,5.371415954706181,147.11732713588145,11.793935832693172,232859.85606832145,1.0,trend_tsmom,0.1,SOLUSDT,2021-10-16 08:00:00+00:00,2021-10-16 08:00:00+00:00,158.29,158.210855,11.431174831864018,11.612467545143058,-362.7610008291537,-385.98611149371095,-0.03269481167718677,3,SIGNAL
2021-10-16 12:00:00+00:00,2021-10-16 12:00:00+00:00,2387,162.14,162.22106999999997,73.31727847709487,5.292431504166213,146.34377548750132,11.893607364042298,232816.0046471426,1.0,trend_tsmom,0.1,SOLUSDT,2021-10-18 12:00:00+00:00,2021-10-18 12:00:00+00:00,156.97,156.891515,11.502858895948307,11.698138367411644,-390.7484680939912,-414.1449343539818,-0.03478601491433592,13,SIGNAL
2021-10-19 12:00:00+00:00,2021-10-19 12:00:00+00:00,2405,157.01,157.08850499999997,88.98629786368737,4.343789940614125,144.05713517815758,13.97872449689134,231922.67130766646,1.0,trend_tsmom,0.1,SOLUSDT,2021-10-19 16:00:00+00:00,2021-10-19 16:00:00+00:00,155.54,155.46223,13.834008305333075,13.906333698644657,-144.716191558265,-172.5289243604894,-0.012329920933131363,2,SIGNAL
2021-10-06 16:00:00+00:00,2021-10-06 16:00:00+00:00,2328,54984.2,55011.69209999999,0.3404301463117713,1123.4517681205634,51641.3367956383,18.72763839046111,229474.10987730094,1.0,trend_tsmom,0.1,BTCUSDT,2021-11-16 04:00:00+00:00,2021-11-16 04:00:00+00:00,60907.4,60876.9463,20.724347735922844,19.726497172150612,1996.7093454617348,1957.2573593353507,0.10440729452967237,244,SIGNAL
2021-11-16 08:00:00+00:00,2021-11-16 08:00:00+00:00,2572,60804.07,60834.472035,0.33364316836436936,1199.4621871920754,57236.08547342377,20.297005995531023,240115.41868081214,1.0,trend_tsmom,0.1,BTCUSDT,2021-11-16 12:00:00+00:00,2021-11-16 12:00:00+00:00,60576.76,60546.471620000004,20.200916624580174,20.248942349947548,-96.08937095085157,-136.58729357096277,-0.0067227079086579645,2,SIGNAL
2021-10-07 16:00:00+00:00,2021-10-07 16:00:00+00:00,2334,3584.8,3586.5924,4.161156728659771,91.63677151687494,3311.6820854493753,14.924373098219997,228788.9810340613,1.0,trend_tsmom,0.1,ETHUSDT,2021-11-22 20:00:00+00:00,2021-11-22 20:00:00+00:00,4066.23,4064.1968850000003,16.911760214615832,15.918567482836973,1987.3871163958358,1955.550983083,0.13089979544469474,278,SIGNAL
2021-10-19 20:00:00+00:00,2021-10-19 20:00:00+00:00,2407,154.52,154.59726,92.77255878033122,4.177270421404248,142.06544873578727,14.342383390628148,232521.63942663878,1.0,trend_tsmom,0.1,SOLUSDT,2021-11-24 16:00:00+00:00,2021-11-24 16:00:00+00:00,212.33,212.22383500000004,19.688548207124818,17.016806594279593,5346.164816496668,5312.133884898915,0.37001012407106293,216,SIGNAL
2021-11-25 04:00:00+00:00,2021-11-25 04:00:00+00:00,2625,210.87,210.975435,47.95113873039506,8.273673226211185,186.15441532136646,10.116512352390446,238039.23160800466,1.0,trend_tsmom,0.1,SOLUSDT,2021-11-25 08:00:00+00:00,2021-11-25 08:00:00+00:00,205.69,205.587155,9.858138190592232,9.98726317476678,-258.3741617982135,-278.34881234119615,-0.027486818768514706,2,SIGNAL
2021-11-25 12:00:00+00:00,2021-11-25 12:00:00+00:00,2627,208.43,208.534215,48.26752531165917,8.218440086655594,183.87889474003322,10.065430500859476,238010.25894300197,1.0,trend_tsmom,0.1,SOLUSDT,,2021-11-26 08:00:00+00:00,183.87889474003322,183.7869552926632,8.870941516541395,9.467889753425588,-1194.4889843180813,-1213.4253563354823,-0.12043331311947171,6,STOP
2021-11-23 04:00:00+00:00,2021-11-23 04:00:00+00:00,2613,4178.68,4180.76934,3.554392065828256,111.78668360231232,3845.4092891930627,14.860093371154035,238400.22075678752,1.0,trend_tsmom,0.1,ETHUSDT,2021-11-26 12:00:00+00:00,2021-11-26 12:00:00+00:00,3984.92,3982.92754,14.156886046944855,14.508317534295912,-703.2073242091797,-732.2243036272785,-0.049225317267280015,21,SIGNAL
2021-11-26 16:00:00+00:00,2021-11-26 16:00:00+00:00,2634,4063.95,4065.9819749999997,3.10722675621216,126.23535824412929,3687.275900267612,12.63392798299636,235345.12962971145,1.0,trend_tsmom,0.1,ETHUSDT,2021-11-27 12:00:00+00:00,2021-11-27 12:00:00+00:00,4112.1,4110.04395,12.770838530647913,12.702420660064265,136.91054765155292,111.50578113790866,0.008817082612872259,6,SIGNAL
2021-11-26 16:00:00+00:00,2021-11-26 16:00:00+00:00,2634,192.73,192.82636499999998,45.54691323454172,8.611821413590738,166.99090075922777,8.782645715987071,235345.12962971145,1.0,trend_tsmom,0.1,SOLUSDT,2021-11-27 16:00:00+00:00,2021-11-27 16:00:00+00:00,196.46,196.36177,8.943672500771038,8.863201580875305,161.02678478396615,143.30046656720805,0.016300020960353725,7,SIGNAL
2021-11-29 08:00:00+00:00,2021-11-29 08:00:00+00:00,2650,4350.66,4352.83533,3.5572270739216476,110.45344313681343,4021.4750005895594,15.48402368419867,235744.78700048276,1.0,trend_tsmom,0.1,ETHUSDT,2021-11-29 12:00:00+00:00,2021-11-29 12:00:00+00:00,4296.64,4294.491680000001,15.276482072827264,15.38020483815906,-207.54161137140477,-238.3021171284307,-0.015374818453571465,2,SIGNAL
2021-11-29 16:00:00+00:00,2021-11-29 16:00:00+00:00,2652,4336.07,4338.238034999999,3.6248305857854235,108.35868243097413,4013.161987707077,15.725377917685652,235669.11978672276,1.0,trend_tsmom,0.1,ETHUSDT,2021-12-02 20:00:00+00:00,2021-12-02 20:00:00+00:00,4488.92,4486.67554,16.263438725887333,15.994546835623732,538.0608082016796,506.07199155810656,0.03214971543319063,20,SIGNAL
2021-12-03 12:00:00+00:00,2021-12-03 12:00:00+00:00,2675,4612.07,4614.376034999999,3.4156011564024547,116.02269461222842,4266.307951163314,15.76086812122177,237772.34993187376,1.0,trend_tsmom,0.1,ETHUSDT,2021-12-03 16:00:00+00:00,2021-12-03 16:00:00+00:00,4468.14,4465.905930000001,15.253753458892582,15.507187888185594,-507.1146623291888,-538.1292839093031,-0.03410926911400438,2,SIGNAL
2021-11-29 00:00:00+00:00,2021-11-29 00:00:00+00:00,2648,200.71,200.810355,52.1265715924562,7.532944289252304,178.2115221322431,10.467555346414045,235599.93587741657,1.0,trend_tsmom,0.1,SOLUSDT,2021-12-03 16:00:00+00:00,2021-12-03 16:00:00+00:00,224.3,224.18785000000003,11.686144013183833,11.077157096253062,1218.588666769789,1196.4349674101911,0.11418518346711885,29,SIGNAL
2021-12-26 12:00:00+00:00,2021-12-26 12:00:00+00:00,2813,4033.2,4035.2165999999997,5.574695385513348,70.71418109827555,3823.074056705173,22.49510335956686,236526.0114353471,1.0,trend_tsmom,0.1,ETHUSDT,2021-12-26 16:00:00+00:00,2021-12-26 16:00:00+00:00,4053.84,4051.8130800000004,22.587623680038625,22.541392285229353,92.52032047176797,47.437593432162494,0.00210668973026875,2,SIGNAL
2021-12-27 00:00:00+00:00,2021-12-27 00:00:00+00:00,2816,4063.57,4065.601785,5.851603544595246,67.40392226913399,3863.390018192598,23.79028981601876,236652.6182818121,1.0,trend_tsmom,0.1,ETHUSDT,2021-12-27 04:00:00+00:00,2021-12-27 04:00:00+00:00,4080.1,4078.0599500000003,23.863190058491913,23.826764119002785,72.90024247315515,25.246762598644477,0.0010601611519925423,2,SIGNAL
2021-12-26 12:00:00+00:00,2021-12-26 12:00:00+00:00,2813,196.49,196.588245,74.32568906341622,5.303819231632871,180.67678730510139,14.611556771392689,236526.0114353471,1.0,trend_tsmom,0.1,SOLUSDT,2021-12-28 16:00:00+00:00,2021-12-28 16:00:00+00:00,185.57,185.477215,13.7857218104384,14.198436381783182,-825.8349609542895,-854.2322395361206,-0.05840437634586872,14,SIGNAL
2022-01-03 12:00:00+00:00,2022-01-03 12:00:00+00:00,2861,47378.0,47401.689,0.4933687424382037,796.3768383690882,45012.55848489273,23.386511691376832,235744.4635518418,1.0,trend_tsmom,0.1,BTCUSDT,2022-01-03 16:00:00+00:00,2022-01-03 16:00:00+00:00,46693.44,46670.09328000001,23.02556523102727,23.205954026071808,-360.9464603495674,-407.3585372719715,-0.01740112382114422,2,SIGNAL
2022-02-06 16:00:00+00:00,2022-02-06 16:00:00+00:00,3066,41519.48,41540.239740000005,0.5155151486607792,760.8476867780889,39257.696679665736,21.414622864970507,235337.10501456982,1.0,trend_tsmom,0.1,BTCUSDT,2022-02-06 20:00:00+00:00,2022-02-06 20:00:00+00:00,41717.93,41697.071035,21.495471773327097,21.45507289514451,80.84890835658561,37.938813718288,0.0017698613253413799,2,SIGNAL
2022-02-07 20:00:00+00:00,2022-02-07 20:00:00+00:00,3073,3166.65,3168.2333249999997,5.623597887966576,70.03426568851782,2958.130527934446,17.816870235055323,236306.7291667433,1.0,trend_tsmom,0.1,ETHUSDT,2022-02-08 12:00:00+00:00,2022-02-08 12:00:00+00:00,3105.19,3103.6374050000004,17.453608755772066,17.63515308882798,-363.26147928325395,-398.5319582740813,-0.022345890114094748,5,SIGNAL
2022-02-09 12:00:00+00:00,2022-02-09 12:00:00+00:00,3083,3152.89,3154.4664449999996,5.459091769196706,71.93856237720726,2938.6507578683777,17.220521806106692,235631.5282567536,1.0,trend_tsmom,0.1,ETHUSDT,2022-02-10 20:00:00+00:00,2022-02-10 20:00:00+00:00,3121.08,3119.51946,17.029743007934954,17.125088993591568,-190.7787981717385,-225.02906298578012,-0.013054439421651767,9,SIGNAL
2022-02-07 00:00:00+00:00,2022-02-07 00:00:00+00:00,3068,42380.87,42402.060435,0.5153561548208963,761.205112317225,40118.44509804832,21.85216282226486,235375.04382828812,1.0,trend_tsmom,0.1,BTCUSDT,2022-02-11 20:00:00+00:00,2022-02-11 20:00:00+00:00,42742.63,42721.258685,22.01666360501042,21.93445982244492,164.5007827455598,120.63195631828452,0.00551485204707626,30,SIGNAL
2022-02-13 12:00:00+00:00,2022-02-13 12:00:00+00:00,3107,42470.72,42491.95536,0.45448325833177106,861.3156093855893,39908.00853184323,19.311882324900964,234872.11476334653,1.0,trend_tsmom,0.1,BTCUSDT,2022-02-13 16:00:00+00:00,2022-02-13 16:00:00+00:00,42559.97,42538.690015,19.333122443182376,19.322512524699277,21.240118281411288,-17.40488648667205,-0.0009003523683066733,2,SIGNAL
2022-02-15 04:00:00+00:00,2022-02-15 04:00:00+00:00,3117,43567.75,43589.533875,0.46889816013027596,834.7751169522226,41085.20852414333,20.43905223492384,234854.70987685985,1.0,trend_tsmom,0.1,BTCUSDT,,2022-02-17 16:00:00+00:00,41085.20852414333,41064.66591988126,19.25514629619677,19.84680825077618,-1183.9059387270684,-1223.6001372581889,-0.05980599029000158,16,STOP
2022-02-20 04:00:00+00:00,2022-02-20 04:00:00+00:00,3147,39794.59,39814.48729499999,0.548614212785445,709.7613839100792,37685.203143269755,21.842793604802523,233631.10973960164,1.0,trend_tsmom,0.1,BTCUSDT,2022-02-20 08:00:00+00:00,2022-02-20 08:00:00+00:00,38796.63,38777.231685,21.27374043486509,21.558130146070436,-569.0531699374326,-612.1697039771002,-0.027998165294058682,2,SIGNAL
2022-02-23 08:00:00+00:00,2022-02-23 08:00:00+00:00,3166,89.17,89.214585,110.72207020081494,3.510709743473889,78.68245576957833,9.878023543306572,233227.8304029606,1.0,trend_tsmom,0.1,SOLUSDT,2022-02-23 20:00:00+00:00,2022-02-23 20:00:00+00:00,88.11,88.065945,9.750843744591108,9.814404302600021,-127.1797987154641,-146.8086660033618,-0.014847302535408695,4,SIGNAL
2022-02-20 20:00:00+00:00,2022-02-20 20:00:00+00:00,3151,38397.22,38416.41861,0.5435214953204877,714.534573890909,36272.81488832727,20.880149287765008,233018.94003562455,1.0,trend_tsmom,0.1,BTCUSDT,,2022-02-24 00:00:00+00:00,36272.81488832727,36254.678480883114,19.705197060293095,20.292384509065485,-1174.952227471914,-1215.5375738199723,-0.058156827991692146,20,STOP
2022-02-21 00:00:00+00:00,2022-02-21 00:00:00+00:00,3152,2621.99,2623.3009949999996,5.365384829900457,72.37194778452866,2406.1851516464135,14.075019362835775,232982.01045207484,1.0,trend_tsmom,0.1,ETHUSDT,,2022-02-24 00:00:00+00:00,2406.1851516464135,2404.9820590705904,12.903654255920111,13.489047340361624,-1171.3651069156622,-1198.343780534418,-0.08505470600356757,19,STOP
2022-02-26 00:00:00+00:00,2022-02-26 00:00:00+00:00,3182,92.73,92.776365,86.7348348824092,4.466400137992761,79.3771645860217,8.046942699265127,232435.4870925431,1.0,trend_tsmom,0.1,SOLUSDT,2022-02-26 12:00:00+00:00,2022-02-26 12:00:00+00:00,90.67,90.62466500000001,7.860315355048649,7.953584358715951,-186.62734421647912,-202.53460227079287,-0.025143992888040537,4,SIGNAL
2022-02-26 20:00:00+00:00,2022-02-26 20:00:00+00:00,3187,90.78,90.82539,94.95145178737556,4.079582270401166,78.5866431887965,8.624002639654583,232417.35555637704,1.0,trend_tsmom,0.1,SOLUSDT,2022-02-27 04:00:00+00:00,2022-02-27 04:00:00+00:00,87.01,86.96649500000001,8.25759495710954,8.440709306638155,-366.40768254504366,-383.28928014180775,-0.044400076132557434,3,SIGNAL
2022-02-27 12:00:00+00:00,2022-02-27 12:00:00+00:00,3191,90.78,90.82539,98.33020599549837,3.935156194130939,79.01992141760718,8.93087930832148,232166.83151601395,1.0,trend_tsmom,0.1,SOLUSDT,2022-02-27 20:00:00+00:00,2022-02-27 20:00:00+00:00,84.85,84.807575,8.339146319728679,8.634867039493901,-591.7329885928,-609.0030142208501,-0.06812258889607524,3,SIGNAL
2022-02-24 20:00:00+00:00,2022-02-24 20:00:00+00:00,3175,37300.0,37318.65,0.366521465352809,1050.567630376142,34166.94710887157,13.678086282988607,231033.35240261507,1.0,trend_tsmom,0.1,BTCUSDT,2022-02-28 00:00:00+00:00,2022-02-28 00:00:00+00:00,37699.08,37680.230460000006,13.81061328303075,13.744386350855201,132.52700004214446,105.03830047612512,0.0076716409692137565,20,SIGNAL
2022-02-28 16:00:00+00:00,2022-02-28 16:00:00+00:00,3198,95.58,95.62778999999999,93.24706856627274,4.1458274630972225,83.19030761070832,8.91701109097113,231951.75462921796,1.0,trend_tsmom,0.1,SOLUSDT,2022-03-03 04:00:00+00:00,2022-03-03 04:00:00+00:00,98.34,98.29083000000001,9.16533176444586,9.04123576818408,248.32067347472918,230.2383306193122,0.025794329506880265,16,SIGNAL
2022-02-24 16:00:00+00:00,2022-02-24 16:00:00+00:00,3174,2455.32,2456.54766,4.188173680156993,91.70992243673624,2181.4178926897916,10.28844825366325,230458.25001526676,1.0,trend_tsmom,0.1,ETHUSDT,2022-03-04 04:00:00+00:00,2022-03-04 04:00:00+00:00,2725.33,2723.9673350000003,11.408448298054388,10.848730988051264,1120.0000443911374,1098.3031478394198,0.10664445355079247,46,SIGNAL
2022-03-04 16:00:00+00:00,2022-03-04 16:00:00+00:00,3222,2671.73,2673.065865,4.492536865584474,85.97205893922252,2415.1496881823323,12.00884694264795,231739.58651679504,1.0,trend_tsmom,0.1,ETHUSDT,2022-03-04 20:00:00+00:00,2022-03-04 20:00:00+00:00,2617.2,2615.8914,11.75198855086538,11.880356502247192,-256.85839178256947,-280.6192272760828,-0.023344363511879386,2,SIGNAL
2022-03-05 12:00:00+00:00,2022-03-05 12:00:00+00:00,3227,2648.18,2649.50409,4.9773974920412805,77.31125568667184,2417.570322939984,13.187635012719115,230885.31009684157,1.0,trend_tsmom,0.1,ETHUSDT,2022-03-06 00:00:00+00:00,2022-03-06 00:00:00+00:00,2665.16,2663.82742,13.258927919538795,13.223302595180558,71.29290681968048,44.84634388742258,0.0033972385724860927,4,SIGNAL
2022-02-28 04:00:00+00:00,2022-02-28 04:00:00+00:00,3195,37793.8,37812.6969,0.3666150240150929,1045.5685847463506,34675.99114576095,13.86270278206893,229992.69108372598,1.0,trend_tsmom,0.1,BTCUSDT,2022-03-06 16:00:00+00:00,2022-03-06 16:00:00+00:00,38862.62,38843.18869,14.240496554407136,14.051697629605403,377.79377233820605,349.69057300173,0.0252000809122031,40,SIGNAL
2022-03-21 12:00:00+00:00,2022-03-21 12:00:00+00:00,3323,89.83,89.87491499999999,166.86296640458596,2.2980415791280233,82.98079026261591,14.996794922260017,230074.8208886286,1.0,trend_tsmom,0.1,SOLUSDT,2022-03-21 16:00:00+00:00,2022-03-21 16:00:00+00:00,89.58,89.53521,14.94011073825755,14.968442401320184,-56.68418400246667,-86.62108966298423,-0.005770203270528927,2,SIGNAL
2022-03-22 04:00:00+00:00,2022-03-22 04:00:00+00:00,3327,90.99,91.03549499999998,165.7802240776881,2.3245222914596453,84.06192812562105,15.091884760123252,231215.89581105657,1.0,trend_tsmom,0.1,SOLUSDT,2022-03-22 20:00:00+00:00,2022-03-22 20:00:00+00:00,91.39,91.344305,15.143079351120686,15.117498633641597,51.19459099743459,20.95962688619065,0.0013874137346528254,5,SIGNAL
2022-03-19 16:00:00+00:00,2022-03-19 16:00:00+00:00,3312,41937.68,41958.648839999994,0.5245327646873515,733.3857740509193,39758.49151784724,22.008686078590934,230810.92058718123,1.0,trend_tsmom,0.1,BTCUSDT,,2022-04-11 20:00:00+00:00,39758.49151784724,39738.612272088314,20.8442041599172,21.42615935531054,-1164.481918673733,-1207.334808912241,-0.05480239374240868,140,STOP
2022-04-17 12:00:00+00:00,2022-04-17 12:00:00+00:00,3485,40464.77,40485.00238499999,0.7446224108613138,519.3867697673703,38926.84207569788,30.14604007964473,232048.21720418963,1.0,trend_tsmom,0.1,BTCUSDT,2022-04-17 16:00:00+00:00,2022-04-17 16:00:00+00:00,40445.3,40425.07735000001,30.101418555612096,30.123725693172698,-44.62152403263793,-104.86898266789476,-0.0034752232191247036,2,SIGNAL
2022-03-19 20:00:00+00:00,2022-03-19 20:00:00+00:00,3313,2950.0,2951.475,7.00951286715384,54.88467286567458,2786.820981402976,20.68840198958288,230828.89239688512,1.0,trend_tsmom,0.1,ETHUSDT,2022-04-18 08:00:00+00:00,2022-04-18 08:00:00+00:00,2892.13,2890.6839350000005,20.2622862372574,20.475242703289535,-426.1157523254815,-467.06644055232175,-0.022553691722857795,178,SIGNAL
2022-04-19 16:00:00+00:00,2022-04-19 16:00:00+00:00,3498,41445.88,41466.60294,0.6137378209966952,630.6542695769967,39574.64013126901,25.449622532530753,232233.82632746903,1.0,trend_tsmom,0.1,BTCUSDT,2022-04-21 04:00:00+00:00,2022-04-21 04:00:00+00:00,41693.58,41672.733210000006,25.57613247528202,25.512915509618256,126.50994275126581,75.48418774345303,0.002963060802497088,10,SIGNAL
2022-04-18 20:00:00+00:00,2022-04-18 20:00:00+00:00,3493,3005.72,3007.22286,7.346668171072071,52.315242755856616,2850.27713173243,22.093068468882326,230605.63728981634,1.0,trend_tsmom,0.1,ETHUSDT,2022-04-22 16:00:00+00:00,2022-04-22 16:00:00+00:00,2949.53,2948.0552350000003,21.6583835615369,21.875622812888395,-434.68490734542513,-478.43635937584435,-0.021633862297039678,24,SIGNAL
2022-03-23 12:00:00+00:00,2022-03-23 12:00:00+00:00,3335,91.33,91.375665,168.81038424982668,2.2779997437931505,84.54166576862055,15.425161119733438,230730.00724243704,1.0,trend_tsmom,0.1,SOLUSDT,2022-04-23 20:00:00+00:00,2022-04-23 20:00:00+00:00,102.08,102.02896,17.223547942210196,16.324808208879496,1798.3868224767573,1765.7381134148136,0.11435693446461849,189,SIGNAL
2022-04-24 20:00:00+00:00,2022-04-24 20:00:00+00:00,3529,100.49,100.54024499999998,159.92055023566098,2.400450041126036,93.33889487662188,16.07845130122816,230328.77483405446,1.0,trend_tsmom,0.1,SOLUSDT,2022-04-25 04:00:00+00:00,2022-04-25 04:00:00+00:00,98.05,98.000975,15.672369845631255,15.875313021892463,-406.0814555969049,-437.8322767437643,-0.02720379430004504,3,SIGNAL
2022-04-26 12:00:00+00:00,2022-04-26 12:00:00+00:00,3539,100.51,100.560255,159.21305178630774,2.4065336769193317,93.340653969242,16.010505086959313,229890.9425573107,1.0,trend_tsmom,0.1,SOLUSDT,2022-04-26 16:00:00+00:00,2022-04-26 16:00:00+00:00,96.53,96.481735,15.36115147098782,15.685669861986005,-649.3536159714914,-680.7252725294386,-0.04247493902338152,2,SIGNAL
2022-06-09 00:00:00+00:00,2022-06-09 00:00:00+00:00,3800,30204.77,30219.872385,0.5917046813693317,645.6211026147356,28283.00907715579,17.881239960588292,229210.21728478128,1.0,trend_tsmom,0.1,BTCUSDT,2022-06-09 04:00:00+00:00,2022-06-09 04:00:00+00:00,30293.5,30278.35325,17.91584336217932,17.898554786871838,34.60340159102871,-1.1936817317389057,-6.668940437714345e-05,2,SIGNAL
2022-06-11 04:00:00+00:00,2022-06-11 04:00:00+00:00,3813,29272.43,29287.066215,0.6962078624404919,548.7083096121577,27640.941286163525,20.3898857666983,229209.0236030495,1.0,trend_tsmom,0.1,BTCUSDT,2022-06-11 16:00:00+00:00,2022-06-11 16:00:00+00:00,28405.55,28391.347225,19.766279163323045,20.077931582840325,-623.6066033752547,-663.762768305276,-0.032521009495778755,4,SIGNAL
2022-06-26 08:00:00+00:00,2022-06-26 08:00:00+00:00,3904,41.32,41.34066,203.98632679183984,1.8673250018694132,35.73868499439176,8.432929380550343,228545.26083474423,1.0,trend_tsmom,0.1,SOLUSDT,2022-06-26 16:00:00+00:00,2022-06-26 16:00:00+00:00,40.61,40.589695,8.279742788651108,8.356299877027702,-153.18659189923417,-169.89926406843563,-0.02012699583674505,3,SIGNAL
2022-07-08 20:00:00+00:00,2022-07-08 20:00:00+00:00,3979,38.95,38.969475,280.9051273353922,1.3549969921458127,34.90448402356257,10.946725337068383,228375.36157067577,1.0,trend_tsmom,0.1,SOLUSDT,2022-07-09 00:00:00+00:00,2022-07-09 00:00:00+00:00,38.12,38.10094,10.702749402298139,10.824679081868211,-243.97593477024526,-265.6254095096118,-0.024241043900277225,2,SIGNAL
2022-07-10 20:00:00+00:00,2022-07-10 20:00:00+00:00,3991,37.3,37.31865,344.11881486625106,1.1048012406694752,34.00424627799157,12.84204961040842,228109.73616116616,1.0,trend_tsmom,0.1,SOLUSDT,2022-07-11 00:00:00+00:00,2022-07-11 00:00:00+00:00,36.71,36.691645,12.626285392893207,12.734116744125833,-215.7642175152127,-241.23255251851432,-0.018765817627914648,2,SIGNAL
2022-07-11 16:00:00+00:00,2022-07-11 16:00:00+00:00,3996,35.18,35.19759,346.89500260943686,1.094800549131389,31.913188352605832,12.209868074895889,227868.50360864765,1.0,trend_tsmom,0.1,SOLUSDT,2022-07-12 00:00:00+00:00,2022-07-12 00:00:00+00:00,33.42,33.403290000000005,11.587434371713778,11.898498589501834,-622.43370318211,-646.2310056287197,-0.052874070075815786,3,SIGNAL
2022-07-15 08:00:00+00:00,2022-07-15 08:00:00+00:00,4018,20835.38,20845.79769,0.7864832975087847,484.4936938611144,19392.316608416655,16.394871706432205,228627.71878206055,1.0,trend_tsmom,0.1,BTCUSDT,2022-07-15 12:00:00+00:00,2022-07-15 12:00:00+00:00,20769.74,20759.355130000004,16.32688607679831,16.360865985421547,-67.98562963389772,-100.70738741712822,-0.006136478676867026,2,SIGNAL
2022-07-15 04:00:00+00:00,2022-07-15 04:00:00+00:00,4017,1199.93,1200.529965,10.725795443533638,35.5034318352613,1094.019669494216,12.876638828422598,228481.5284450717,1.0,trend_tsmom,0.1,ETHUSDT,2022-07-16 00:00:00+00:00,2022-07-16 00:00:00+00:00,1231.25,1230.634375,13.199532572030867,13.038169683202833,322.89374360827003,296.81757220781657,0.02302783009663587,6,SIGNAL
2022-07-12 04:00:00+00:00,2022-07-12 04:00:00+00:00,3999,33.62,33.63681,341.30307308369606,1.1095821208115244,30.308063637565425,11.480346621732396,227222.2726030189,1.0,trend_tsmom,0.1,SOLUSDT,2022-07-24 20:00:00+00:00,2022-07-24 20:00:00+00:00,40.82,40.79959,13.925025447554836,12.70330038017442,2444.6788258224383,2419.2734537531514,0.21052122177050514,77,SIGNAL
2022-07-16 20:00:00+00:00,2022-07-16 20:00:00+00:00,4027,21190.0,21200.594999999998,0.861440240258204,446.04548940899986,19862.458531772998,18.263045650416878,230544.9201375462,1.0,trend_tsmom,0.1,BTCUSDT,2022-07-26 00:00:00+00:00,2022-07-26 00:00:00+00:00,21310.9,21300.244550000003,18.348887782710502,18.305992753591426,85.84213229362669,49.230198860499314,0.002692925308519614,56,SIGNAL
2022-07-27 00:00:00+00:00,2022-07-27 00:00:00+00:00,4088,21254.67,21265.297334999996,0.7956866003658053,486.4186119672298,19806.041499098304,16.920512142254168,232222.06302651536,1.0,trend_tsmom,0.1,BTCUSDT,2022-07-27 04:00:00+00:00,2022-07-27 04:00:00+00:00,21076.86,21066.32157,16.762189792246136,16.841315596989894,-158.3223500080319,-192.0050519425322,-0.011336136701490812,2,SIGNAL
2022-07-27 20:00:00+00:00,2022-07-27 20:00:00+00:00,4093,39.38,39.39969,257.14276337251016,1.5198628066999225,34.840101579900235,10.131345162620255,234493.0332371504,1.0,trend_tsmom,0.1,SOLUSDT,2022-08-17 16:00:00+00:00,2022-08-17 16:00:00+00:00,41.11,41.089445000000005,10.565853432742772,10.348710511924525,434.5082701225173,413.81107152715424,0.040803828831983496,126,SIGNAL
2022-08-17 20:00:00+00:00,2022-08-17 20:00:00+00:00,4219,40.75,40.770374999999994,290.9222797987174,1.3630845287629358,36.68112141371119,11.861010443248631,237930.99519964418,1.0,trend_tsmom,0.1,SOLUSDT,2022-08-18 00:00:00+00:00,2022-08-18 00:00:00+00:00,40.54,40.51973,11.788092228428484,11.824536062416168,-72.91821482014707,-96.56731749182418,-0.008133442517967842,2,SIGNAL
2022-07-27 16:00:00+00:00,2022-07-27 16:00:00+00:00,4092,21530.86,21541.62543,0.844992011895381,458.4773078761335,20166.1935063716,18.202501411592404,232445.79767437922,1.0,trend_tsmom,0.1,BTCUSDT,2022-08-18 20:00:00+00:00,2022-08-18 20:00:00+00:00,23344.88,23333.207560000003,19.716374000096916,18.95982091394526,1513.8725885045142,1475.9537130928247,0.08100420928521024,134,SIGNAL
2022-07-16 04:00:00+00:00,2022-07-16 04:00:00+00:00,4023,1222.16,1222.77108,10.37274700115745,36.73566513192679,1112.5640846042197,12.683495053172056,228629.85619963068,1.0,trend_tsmom,0.1,ETHUSDT,2022-08-20 20:00:00+00:00,2022-08-20 20:00:00+00:00,1564.23,1563.447885,16.21724936059971,14.451259258276286,3533.754307427652,3504.85356301388,0.27605578715682255,215,SIGNAL
2022-08-21 00:00:00+00:00,2022-08-21 00:00:00+00:00,4238,1576.03,1576.8180149999998,8.245895363492492,47.49695091916479,1434.3271622425054,13.002276358959932,234992.9324186228,1.0,trend_tsmom,0.1,ETHUSDT,2022-08-21 08:00:00+00:00,2022-08-21 08:00:00+00:00,1585.45,1584.657275,13.066918076647147,13.034616636886115,64.64171768721376,38.572523251606675,0.0029636340744126984,3,SIGNAL
2022-08-21 16:00:00+00:00,2022-08-21 16:00:00+00:00,4242,1621.11,1621.920555,8.576660320677028,45.67269312960297,1484.902475611191,13.910661667358964,235031.50494187442,1.0,trend_tsmom,0.1,ETHUSDT,2022-08-22 08:00:00+00:00,2022-08-22 08:00:00+00:00,1556.62,1555.84169,13.34392568787809,13.627155400412006,-566.7359794808737,-593.9905668361107,-0.042657724259000315,5,SIGNAL
2022-08-22 12:00:00+00:00,2022-08-22 12:00:00+00:00,4247,1567.77,1568.5538849999998,8.530362680471194,45.80452265172399,1431.140317044828,13.380333522912105,234437.5143750383,1.0,trend_tsmom,0.1,ETHUSDT,2022-08-23 08:00:00+00:00,2022-08-23 08:00:00+00:00,1602.24,1601.4388800000002,13.660854457007588,13.520667500357538,280.52093409548473,253.47974611556504,0.018925277098836974,6,SIGNAL
2022-08-25 08:00:00+00:00,2022-08-25 08:00:00+00:00,4264,36.25,36.268125,386.7376309454357,1.0162208326451416,33.21946250206457,14.02624874133293,235806.50240074805,1.0,trend_tsmom,0.1,SOLUSDT,2022-08-26 00:00:00+00:00,2022-08-26 00:00:00+00:00,35.26,35.24237,13.629550682702495,13.827803994451985,-396.6980586304341,-424.3538580544695,-0.030224041790810043,5,SIGNAL
2022-08-25 00:00:00+00:00,2022-08-25 00:00:00+00:00,4262,21368.05,21378.734024999998,1.1265071103493443,347.646500825133,20335.7945225246,24.08329588942995,234975.7530405489,1.0,trend_tsmom,0.1,BTCUSDT,2022-08-26 12:00:00+00:00,2022-08-26 12:00:00+00:00,21191.27,21180.674365000003,23.860180274166584,23.971688295812598,-223.11561526336837,-271.0590914269649,-0.011243822455492433,10,SIGNAL
2022-08-23 12:00:00+00:00,2022-08-23 12:00:00+00:00,4253,1620.48,1621.29024,8.462759864745836,46.22034219570017,1482.6292134128996,13.720589972176144,234690.99412115387,1.0,trend_tsmom,0.1,ETHUSDT,2022-08-26 20:00:00+00:00,2022-08-26 20:00:00+00:00,1559.78,1559.00011,13.193443560042342,13.456888343728675,-527.1464121338013,-554.0604456660199,-0.040341336622531844,21,SIGNAL
2022-09-09 04:00:00+00:00,2022-09-09 04:00:00+00:00,4353,1672.97,1673.8064849999998,8.903231869002932,43.699771828315,1542.7071695150548,14.902287239795777,233441.52072600642,1.0,trend_tsmom,0.1,ETHUSDT,2022-09-09 12:00:00+00:00,2022-09-09 12:00:00+00:00,1700.07,1699.219965,15.128549344834045,15.015478611708561,226.26210503827008,196.23126845364024,0.013154707734858178,3,SIGNAL
2022-09-27 04:00:00+00:00,2022-09-27 04:00:00+00:00,4461,20099.04,20109.08952,1.0144372395950707,385.4924879445342,18952.6120561664,20.39940926343897,234634.76121305363,1.0,trend_tsmom,0.1,BTCUSDT,2022-09-27 16:00:00+00:00,2022-09-27 16:00:00+00:00,19887.78,19877.83611,20.16481719255162,20.2820596504916,-234.5920708873483,-275.1562973433389,-0.013474969415907073,4,SIGNAL
2022-09-26 00:00:00+00:00,2022-09-26 00:00:00+00:00,4454,32.33,32.346165,423.99062404799935,0.9184076987514167,29.59094190374575,13.714470683909555,233637.75199446006,1.0,trend_tsmom,0.1,SOLUSDT,2022-10-08 16:00:00+00:00,2022-10-08 16:00:00+00:00,32.83,32.813585,13.912652381402074,13.813614531482052,198.18169749251763,170.554574427206,0.012423679642034714,77,SIGNAL
2022-10-04 08:00:00+00:00,2022-10-04 08:00:00+00:00,4504,19967.69,19977.673844999998,1.2603680455490935,309.34828272026095,19049.628996839216,25.179221738639892,233935.61429166226,1.0,trend_tsmom,0.1,BTCUSDT,2022-10-09 04:00:00+00:00,2022-10-09 04:00:00+00:00,19365.35,19355.667325,24.395264596708703,24.787053375150716,-783.9571419311919,-833.5316282665405,-0.033070876374997255,30,SIGNAL
2022-10-19 04:00:00+00:00,2022-10-19 04:00:00+00:00,4593,1305.25,1305.902625,19.909768964979108,19.47951773930605,1247.4640717820819,26.00021955450975,232699.61864327738,1.0,trend_tsmom,0.1,ETHUSDT,2022-10-19 08:00:00+00:00,2022-10-19 08:00:00+00:00,1299.77,1299.120115,25.865181347407088,25.932673174574617,-135.0382071026605,-186.90360800457734,-0.007181358246687488,2,SIGNAL
2022-10-19 04:00:00+00:00,2022-10-19 04:00:00+00:00,4593,19281.01,19290.650504999998,1.7710271581653891,218.98743672601404,18633.688194821956,34.16426594303188,232699.61864327738,1.0,trend_tsmom,0.1,BTCUSDT,2022-10-19 20:00:00+00:00,2022-10-19 20:00:00+00:00,19231.63,19222.014185000004,34.04270915627536,34.103465686317634,-121.55678675651991,-189.76376185582714,-0.005548902703903242,5,SIGNAL
2022-10-20 16:00:00+00:00,2022-10-20 16:00:00+00:00,4602,19253.88,19263.50694,1.861729499506307,207.98129851393946,18639.56304445818,35.863439134142475,232322.95127341698,1.0,trend_tsmom,0.1,BTCUSDT,2022-10-21 12:00:00+00:00,2022-10-21 12:00:00+00:00,18944.99,18935.517505000003,35.252811527476574,35.55798156339663,-610.6276066658987,-681.7438573275177,-0.018990448517376125,6,SIGNAL
2022-10-21 20:00:00+00:00,2022-10-21 20:00:00+00:00,4609,19189.22,19198.81461,1.827748773205646,211.22633738645538,18565.135597840635,35.09060985043014,231641.20741608946,1.0,trend_tsmom,0.1,BTCUSDT,2022-10-22 12:00:00+00:00,2022-10-22 12:00:00+00:00,19178.99,19169.400505,35.03684825610145,35.0637243787988,-53.761594328691764,-123.88905243522336,-0.0035270201252019045,5,SIGNAL
2022-10-22 00:00:00+00:00,2022-10-22 00:00:00+00:00,4610,1299.76,1300.40988,21.49613338180698,17.95231081794862,1246.552947546154,27.953784231499608,231543.16071256797,1.0,trend_tsmom,0.1,ETHUSDT,2022-10-22 12:00:00+00:00,2022-10-22 12:00:00+00:00,1305.67,1305.0171650000002,28.052823044387612,28.00333539847654,99.03881288800447,43.03220561211725,0.0015378675044389627,4,SIGNAL
2022-10-22 16:00:00+00:00,2022-10-22 16:00:00+00:00,4614,19234.8,19244.4174,2.1391482863365248,180.4147566957076,18703.173129912877,41.1666625027548,231560.3505692664,1.0,trend_tsmom,0.1,BTCUSDT,2022-10-22 20:00:00+00:00,2022-10-22 20:00:00+00:00,19183.83,19174.238085000005,41.01653854133629,41.091573263940845,-150.12396141850823,-232.3071624625993,-0.005637452085402698,2,SIGNAL
2022-10-22 16:00:00+00:00,2022-10-22 16:00:00+00:00,4614,1316.38,1317.03819,23.362733293518623,16.51921086316177,1267.4805574105146,30.769611970348507,231560.3505692664,1.0,trend_tsmom,0.1,ETHUSDT,2022-10-22 20:00:00+00:00,2022-10-22 20:00:00+00:00,1314.19,1313.532905,30.687718931775738,30.728652659963387,-81.89303857277045,-143.3503694748947,-0.004654175114414357,2,SIGNAL
2022-10-31 08:00:00+00:00,2022-10-31 08:00:00+00:00,4666,33.42,33.43671,510.4637937424684,0.7898212489270827,31.067246253218748,17.068229836866728,241905.09066343989,1.0,trend_tsmom,0.1,SOLUSDT,2022-10-31 20:00:00+00:00,2022-10-31 20:00:00+00:00,32.55,32.533725,16.607288688074185,16.837648236593527,-460.94114879254334,-494.61666731748426,-0.02894984128380001,4,SIGNAL
2022-11-01 00:00:00+00:00,2022-11-01 00:00:00+00:00,4670,32.57,32.586285,484.35910293844773,0.8285714686339145,30.100570594098254,15.783463770696594,240795.679960749,1.0,trend_tsmom,0.1,SOLUSDT,2022-11-01 04:00:00+00:00,2022-11-01 04:00:00+00:00,32.61,32.593695000000004,15.787052871649372,15.78526316476009,3.5891009527774065,-27.98141568956856,-0.0017710600558566436,2,SIGNAL
2022-11-01 08:00:00+00:00,2022-11-01 08:00:00+00:00,4672,33.03,33.046515,500.3078394830804,0.8045357504421076,30.632907748673677,16.53343052209521,241509.32585435375,1.0,trend_tsmom,0.1,SOLUSDT,2022-11-01 20:00:00+00:00,2022-11-01 20:00:00+00:00,32.22,32.20389,16.11185862885078,16.32254326313345,-421.5718932444297,-454.2171823953757,-0.02744520675064934,4,SIGNAL
2022-11-02 00:00:00+00:00,2022-11-02 00:00:00+00:00,4676,32.2,32.216100000000004,531.842320218774,0.753489647083537,29.955631058749393,17.133885372400048,240442.6092994401,1.0,trend_tsmom,0.1,SOLUSDT,2022-11-02 04:00:00+00:00,2022-11-02 04:00:00+00:00,32.26,32.24387,17.148654633632525,17.14127798065025,14.769261232473623,-19.51327877355895,-0.0011377328939045988,2,SIGNAL
2022-10-23 12:00:00+00:00,2022-10-23 12:00:00+00:00,4619,19151.24,19160.81562,2.475081738400783,155.6747867154639,18693.79125985361,47.42458483392648,231184.6930373289,1.0,trend_tsmom,0.1,BTCUSDT,2022-11-04 00:00:00+00:00,2022-11-04 00:00:00+00:00,20207.12,20197.01644,49.98926656082439,48.70757904469989,2564.6817268979125,2467.2678755031616,0.05197310806329856,70,SIGNAL
2022-11-05 04:00:00+00:00,2022-11-05 04:00:00+00:00,4695,34.69,34.707345,452.975316046165,0.8953199958165486,32.021385012550354,15.721570570498283,243334.71484047134,1.0,trend_tsmom,0.1,SOLUSDT,2022-11-07 00:00:00+00:00,2022-11-07 00:00:00+00:00,32.61,32.593695000000004,14.76413929373731,15.242619384950919,-957.4312767609733,-987.916986625209,-0.06277553836896083,12,SIGNAL
2022-11-04 04:00:00+00:00,2022-11-04 04:00:00+00:00,4689,20321.79,20331.950894999998,1.7489539100148426,227.66513467566082,19648.955490973014,35.55964501604003,238905.4964790316,1.0,trend_tsmom,0.1,BTCUSDT,,2022-11-08 04:00:00+00:00,19648.955490973014,19639.13101322753,34.347934974878044,34.95349580631637,-1211.7100411619817,-1281.6176211528998,-0.036005344915324776,25,STOP
2022-10-23 12:00:00+00:00,2022-10-23 12:00:00+00:00,4619,1304.13,1304.782065,25.736217121379617,14.971424118457493,1259.8677926446276,33.58015452092206,231184.6930373289,1.0,trend_tsmom,0.1,ETHUSDT,,2022-11-08 16:00:00+00:00,1259.8677926446276,1259.2378587483054,32.40801894020755,32.993801945117,-1172.1355807145105,-1238.12375417564,-0.03683386467259081,98,STOP
2022-11-09 00:00:00+00:00,2022-11-09 00:00:00+00:00,4718,1334.78,1335.4473899999998,7.059415152598987,54.09984846557236,1173.1478446032827,9.427477540464768,229147.9740067023,1.0,trend_tsmom,0.1,ETHUSDT,2022-11-09 04:00:00+00:00,2022-11-09 04:00:00+00:00,1312.38,1311.7238100000002,9.260002940338877,9.34370070767531,-167.47460012589167,-186.1620806066953,-0.019727027055110292,2,SIGNAL
2022-11-10 16:00:00+00:00,2022-11-10 16:00:00+00:00,4728,1321.64,1322.30082,5.5603073267492755,68.62984318169384,1116.4112904549183,7.352398937612575,228961.81192609563,1.0,trend_tsmom,0.1,ETHUSDT,2022-11-11 04:00:00+00:00,2022-11-11 04:00:00+00:00,1239.12,1238.50044,6.886443070714202,7.119306295021544,-465.9558668983729,-480.1947089066997,-0.06524605070852657,4,SIGNAL
2022-11-12 12:00:00+00:00,2022-11-12 12:00:00+00:00,4739,1260.5,1261.13025,5.9570327119575035,63.92489579545189,1069.3555626136442,7.512594153289144,228481.61721718893,1.0,trend_tsmom,0.1,ETHUSDT,2022-11-12 20:00:00+00:00,2022-11-12 20:00:00+00:00,1268.45,1267.815775,7.552420044410755,7.532518938452152,39.82589112161027,24.76087692391037,0.0032926230644706573,3,SIGNAL
2022-12-09 16:00:00+00:00,2022-12-09 16:00:00+00:00,4902,17181.5,17190.09075,2.462160122024556,154.58560778310448,16726.333926650685,42.324755938633196,228368.71135349319,1.0,trend_tsmom,0.1,BTCUSDT,2022-12-10 16:00:00+00:00,2022-12-10 16:00:00+00:00,17207.69,17199.086155,42.34690406610566,42.33584612335595,22.148127472463955,-62.5235325322749,-0.0014757573924673447,7,SIGNAL
2022-12-09 08:00:00+00:00,2022-12-09 08:00:00+00:00,4900,1282.44,1283.08122,20.351953016615965,18.712895179114028,1226.942534462658,26.113208705942295,228506.37809411285,1.0,trend_tsmom,0.1,ETHUSDT,2022-12-10 16:00:00+00:00,2022-12-10 16:00:00+00:00,1278.26,1277.62087,26.002079919288015,26.057623044824222,-111.12878665428025,-163.24407527951055,-0.006245153405759546,9,SIGNAL
2022-12-11 04:00:00+00:00,2022-12-11 04:00:00+00:00,4911,17153.81,17162.386905,3.096502586016632,122.87013285956013,16793.77650642132,53.14337543355049,228280.61048630107,1.0,trend_tsmom,0.1,BTCUSDT,2022-12-11 08:00:00+00:00,2022-12-11 08:00:00+00:00,17180.88,17172.28956,53.174039030366416,53.158728187533576,30.663596815935755,-75.65381764798116,-0.0014221573016767488,2,SIGNAL
2022-12-11 04:00:00+00:00,2022-12-11 04:00:00+00:00,4911,1272.67,1273.306335,22.871148051966898,16.63526829870332,1223.40053010389,29.12197770329236,228280.61048630107,1.0,trend_tsmom,0.1,ETHUSDT,2022-12-11 08:00:00+00:00,2022-12-11 08:00:00+00:00,1276.49,1275.8517550000001,29.180194380966803,29.1511078840711,58.216677674440994,-0.08549440981816758,-2.932802218569599e-06,2,SIGNAL
2022-12-11 16:00:00+00:00,2022-12-11 16:00:00+00:00,4914,1273.38,1274.01669,25.07416388863534,15.168659407600776,1228.5107117771977,31.944903281916723,228204.87117424328,1.0,trend_tsmom,0.1,ETHUSDT,2022-12-12 00:00:00+00:00,2022-12-12 00:00:00+00:00,1263.0,1262.3685,31.652834656850764,31.798803901922856,-292.0686250659604,-355.6663630047279,-0.011122620995816523,3,SIGNAL
2022-12-13 00:00:00+00:00,2022-12-13 00:00:00+00:00,4922,1275.41,1276.047705,24.91202000529783,15.25033664212874,1230.2966950736138,31.788925954674383,227950.01490974257,1.0,trend_tsmom,0.1,ETHUSDT,2022-12-13 04:00:00+00:00,2022-12-13 04:00:00+00:00,1269.64,1269.00518,31.613482430986576,31.701168257238123,-175.44352368780613,-238.84593207346708,-0.00750598888081126,2,SIGNAL
2022-12-14 00:00:00+00:00,2022-12-14 00:00:00+00:00,4928,13.9,13.90695,1408.7693791559238,0.2732049173460963,13.087335247961711,19.591685317452477,230929.63307520334,1.0,trend_tsmom,0.1,SOLUSDT,2022-12-14 08:00:00+00:00,2022-12-14 08:00:00+00:00,13.9,13.89305,19.572103423082208,19.58189437026675,-19.58189437026675,-58.74568311080144,-0.0029955052443807763,3,SIGNAL
2022-12-14 16:00:00+00:00,2022-12-14 16:00:00+00:00,4932,14.48,14.48724,1401.0059869786369,0.2763222377091287,13.658273286872614,20.29670997479639,232277.465619494,1.0,trend_tsmom,0.1,SOLUSDT,2022-12-15 08:00:00+00:00,2022-12-15 08:00:00+00:00,14.15,14.142925000000002,19.81432259838984,20.055400703596497,-482.38737640654676,-522.498408979733,-0.0257172927629825,5,SIGNAL
2022-12-13 08:00:00+00:00,2022-12-13 08:00:00+00:00,4924,1266.42,1267.05321,24.678559631149668,15.3683538195212,1220.9481485414365,31.269048198824603,227561.3017005964,1.0,trend_tsmom,0.1,ETHUSDT,,2022-12-16 08:00:00+00:00,1220.9481485414365,1220.337674467166,30.116176069476467,30.692331589195817,-1152.8721293481378,-1214.2573536164389,-0.03879377145073223,19,STOP
2022-12-11 16:00:00+00:00,2022-12-11 16:00:00+00:00,4914,17153.52,17162.09676,3.397580527606075,111.94479391046532,16826.262378268606,58.30960576466731,228204.87117424328,1.0,trend_tsmom,0.1,BTCUSDT,,2022-12-16 16:00:00+00:00,16826.262378268606,16817.849247079474,57.139997118091706,57.724523470342,-1169.6086465756025,-1285.0582494583616,-0.02201651783009106,31,STOP
2022-12-16 16:00:00+00:00,2022-12-16 16:00:00+00:00,4944,1203.64,1204.24182,18.402845016616162,20.387409281542627,1143.079592155372,22.161475575987776,225111.7999791305,1.0,trend_tsmom,0.1,ETHUSDT,2022-12-16 20:00:00+00:00,2022-12-16 20:00:00+00:00,1202.5,1201.89875,22.118356421914694,22.139910754136686,-43.11915407308095,-87.39898607098343,-0.003939795168296017,2,SIGNAL
2022-12-17 04:00:00+00:00,2022-12-17 04:00:00+00:00,4947,16676.85,16685.188424999997,1.7674765912358728,211.64108698887293,16050.265164033379,29.490679961547233,224442.4001979287,1.0,trend_tsmom,0.1,BTCUSDT,2022-12-18 04:00:00+00:00,2022-12-18 04:00:00+00:00,16741.02,16732.64949,29.574566282929865,29.532651476979552,83.88632138262975,24.82107513815265,0.000840817468150111,7,SIGNAL
2022-12-18 08:00:00+00:00,2022-12-18 08:00:00+00:00,4954,16750.83,16759.205415,2.1267904995058897,175.9045075394251,16231.491892381726,35.64331885588967,224467.22127306688,1.0,trend_tsmom,0.1,BTCUSDT,2022-12-18 12:00:00+00:00,2022-12-18 12:00:00+00:00,16711.35,16702.994325,35.523769643710786,35.583523258372665,-119.549212178872,-190.71630067847244,-0.005345343279448474,2,SIGNAL
2022-12-18 20:00:00+00:00,2022-12-18 20:00:00+00:00,4957,16751.52,16759.89576,2.271866994795697,164.5317159016146,16266.300612295156,38.07625401336035,224276.5049723884,1.0,trend_tsmom,0.1,BTCUSDT,2022-12-19 20:00:00+00:00,2022-12-19 20:00:00+00:00,16555.74,16547.462130000004,37.59363306077871,37.8348323405328,-482.62095258163174,-558.2908396557708,-0.01464779351334094,7,SIGNAL
2022-12-21 04:00:00+00:00,2022-12-21 04:00:00+00:00,4971,12.08,12.086039999999999,1274.558016343699,0.29267464842832,11.208016054715038,15.404359167850597,223818.49160093337,1.0,trend_tsmom,0.1,SOLUSDT,2022-12-22 16:00:00+00:00,2022-12-22 16:00:00+00:00,11.76,11.75412,14.9813078710658,15.19273155481454,-423.0512967847985,-453.4369638237149,-0.029406220337244764,10,SIGNAL
2022-12-20 12:00:00+00:00,2022-12-20 12:00:00+00:00,4967,1212.31,1212.916155,19.963369470097373,18.68806181904443,1156.8519695428665,24.213893338514893,223846.00966416238,1.0,trend_tsmom,0.1,ETHUSDT,2022-12-26 12:00:00+00:00,2022-12-26 12:00:00+00:00,1220.42,1219.8097900000002,24.351513521011896,24.282743905490374,137.62018249700185,89.05477563747506,0.0036741637779554187,37,SIGNAL
2022-12-26 16:00:00+00:00,2022-12-26 16:00:00+00:00,5004,1215.38,1215.98769,30.9048152249783,12.051572412507848,1179.8329727624764,37.579874875298195,223470.97114740056,1.0,trend_tsmom,0.1,ETHUSDT,2022-12-27 16:00:00+00:00,2022-12-27 16:00:00+00:00,1211.22,1210.6143900000002,37.41381403164983,37.49681231245575,-166.060843648368,-241.05453255531603,-0.0064080500436889416,7,SIGNAL
2022-12-28 00:00:00+00:00,2022-12-28 00:00:00+00:00,5012,1211.55,1212.155775,32.71901498926174,11.36026034749741,1178.0749939575078,39.660542971545176,223017.9171550101,1.0,trend_tsmom,0.1,ETHUSDT,2022-12-29 08:00:00+00:00,2022-12-29 08:00:00+00:00,1194.96,1194.3625200000001,39.07836519449243,39.36931838090083,-582.1777770527503,-660.916685218788,-0.01664769010509274,9,SIGNAL
2022-12-20 04:00:00+00:00,2022-12-20 04:00:00+00:00,4965,16727.25,16735.613624999998,2.049293956840541,181.94739167438738,16189.771449976835,34.29619186573072,223718.2141327326,1.0,trend_tsmom,0.1,BTCUSDT,2022-12-30 04:00:00+00:00,2022-12-30 04:00:00+00:00,16598.79,16590.490605000003,33.99879213784628,34.14742618870554,-297.39972788443964,-365.6947118880166,-0.010652185057039928,61,SIGNAL
2023-01-04 08:00:00+00:00,2023-01-04 08:00:00+00:00,5056,14.16,14.167079999999999,656.0304113600588,0.5642171515455184,12.474428545363443,9.294035320170861,222086.16601488425,1.0,trend_tsmom,0.1,SOLUSDT,2023-01-04 12:00:00+00:00,2023-01-04 12:00:00+00:00,13.65,13.643175000000001,8.950337707507272,9.122102869960052,-343.6976126635899,-361.94198569126803,-0.03890456543684997,2,SIGNAL
2023-01-04 20:00:00+00:00,2023-01-04 20:00:00+00:00,5059,1254.39,1255.0171950000001,32.11691460551905,11.506098201552824,1220.4989003953417,40.30728008027306,221724.224029193,1.0,trend_tsmom,0.1,ETHUSDT,2023-01-05 00:00:00+00:00,2023-01-05 00:00:00+00:00,1256.91,1256.281545,40.347887101254535,40.327603824421914,40.60702098148551,-40.04814620004208,-0.0009925784618139153,2,SIGNAL
2023-01-05 20:00:00+00:00,2023-01-05 20:00:00+00:00,5065,1253.62,1254.2468099999999,33.28464201971398,11.10042362038388,1220.9455391388483,41.747156075218214,221684.17588299295,1.0,trend_tsmom,0.1,ETHUSDT,2023-01-06 00:00:00+00:00,2023-01-06 00:00:00+00:00,1251.25,1250.624375,41.62658462300353,41.6868506279564,-120.57145221467489,-203.94519291289666,-0.00488036720619586,2,SIGNAL
2023-01-06 08:00:00+00:00,2023-01-06 08:00:00+00:00,5068,16794.33,16802.727165,4.088181039001351,90.2928990412252,16531.848467876323,68.69259059946593,221480.23069008003,1.0,trend_tsmom,0.1,BTCUSDT,2023-01-06 12:00:00+00:00,2023-01-06 12:00:00+00:00,16738.74,16730.37063,68.3967839850311,68.54463047674777,-295.8066144348335,-432.8959890193305,-0.006295635696948063,2,SIGNAL
2023-01-07 00:00:00+00:00,2023-01-07 00:00:00+00:00,5072,13.51,13.516755,740.4624333039626,0.49982513317826033,12.01727960046522,10.008649297673502,222061.04060379104,1.0,trend_tsmom,0.1,SOLUSDT,2023-01-07 04:00:00+00:00,2023-01-07 04:00:00+00:00,13.33,13.323335,9.865429053823851,9.93700585493917,-143.22024384965223,-163.0943222011496,-0.016279058838460096,2,SIGNAL
2023-01-06 16:00:00+00:00,2023-01-06 16:00:00+00:00,5070,16840.1,16848.52005,3.892384978503873,94.85049138470573,16563.968575845884,65.58092635264131,221516.77672172379,1.0,trend_tsmom,0.1,BTCUSDT,2023-01-07 20:00:00+00:00,2023-01-07 20:00:00+00:00,16944.05,16935.577975,65.91978931217103,65.75045898575983,338.86295952972057,207.36224386490824,0.0031587703970849565,8,SIGNAL
2023-01-06 08:00:00+00:00,2023-01-06 08:00:00+00:00,5068,1247.69,1248.313845,34.908355568174485,10.574365701526618,1216.59074789542,43.576583561935045,221480.23069008003,1.0,trend_tsmom,0.1,ETHUSDT,2023-01-07 20:00:00+00:00,2023-01-07 20:00:00+00:00,1265.39,1264.757305,44.15059771038611,43.86374510562904,574.0141484510609,486.2869671787397,0.011148215998215225,10,SIGNAL
2023-01-08 16:00:00+00:00,2023-01-08 16:00:00+00:00,5082,13.88,13.88694,883.0062600077774,0.4182263471683496,12.63226095849495,12.262254952352404,221577.8895899032,1.0,trend_tsmom,0.1,SOLUSDT,2023-01-08 20:00:00+00:00,2023-01-08 20:00:00+00:00,13.55,13.543225000000001,11.958752455693833,12.110430856004637,-303.50249665857126,-327.7235040666175,-0.026699502598080533,2,SIGNAL
2023-01-09 00:00:00+00:00,2023-01-09 00:00:00+00:00,5084,1290.15,1290.795075,33.78783342070983,10.91369997650417,1258.0539750704875,43.613168974372655,221250.1660858366,1.0,trend_tsmom,0.1,ETHUSDT,2023-02-13 04:00:00+00:00,2023-02-13 04:00:00+00:00,1516.82,1516.06159,51.22443645845648,47.42071738845881,7611.267484083834,7516.429878651004,0.17217095511004019,212,SIGNAL
2023-01-09 00:00:00+00:00,2023-01-09 00:00:00+00:00,5084,14.46,14.46723,790.7169453302865,0.4663492783194355,13.068182165041694,11.439483912990681,221250.1660858366,1.0,trend_tsmom,0.1,SOLUSDT,2023-02-13 04:00:00+00:00,2023-02-13 04:00:00+00:00,20.92,20.909540000000003,16.533527597061443,13.987782762891351,5094.043684070761,5066.070672560709,0.44241590804201636,212,SIGNAL
2023-02-14 20:00:00+00:00,2023-02-14 20:00:00+00:00,5305,1560.31,1561.0901549999999,15.604124791047576,27.14439115329605,1479.6569815401117,24.359445588695802,254138.6801598236,1.0,trend_tsmom,0.1,ETHUSDT,2023-02-15 04:00:00+00:00,2023-02-15 04:00:00+00:00,1549.22,1548.44539,24.162135097682334,24.260747080750917,-197.31049101346727,-245.8320716998454,-0.010081776464099707,3,SIGNAL
2023-02-16 00:00:00+00:00,2023-02-16 00:00:00+00:00,5312,23.86,23.87193,662.7254519906517,0.6643662828921346,21.878831151323595,15.820535599139198,264175.4670702234,1.0,trend_tsmom,0.1,SOLUSDT,2023-02-16 12:00:00+00:00,2023-02-16 12:00:00+00:00,23.57,23.558215,15.612628683967952,15.716534093957817,-207.90691517124623,-239.34007945435337,-0.015113330201594888,4,SIGNAL
2023-02-16 16:00:00+00:00,2023-02-16 16:00:00+00:00,5316,23.86,23.87193,687.3789854769648,0.6493477397049117,21.923886780885265,16.40906302477712,267808.7943240734,1.0,trend_tsmom,0.1,SOLUSDT,2023-02-17 00:00:00+00:00,2023-02-17 00:00:00+00:00,22.24,22.22888,15.279664982689194,15.844085615242522,-1129.3980420879261,-1161.0867700953925,-0.07068818259157704,3,SIGNAL
2023-02-17 12:00:00+00:00,2023-02-17 12:00:00+00:00,5321,22.6,22.6113,659.7262725261738,0.6579898340423724,20.63733049787288,14.917268665971074,260455.90834373405,1.0,trend_tsmom,0.1,SOLUSDT,2023-02-20 00:00:00+00:00,2023-02-20 00:00:00+00:00,24.83,24.817585,16.372812845151483,15.645408552955383,1455.54417918041,1424.2540976692876,0.09538148693725777,16,SIGNAL
2023-02-20 04:00:00+00:00,2023-02-20 04:00:00+00:00,5337,26.16,26.17308,548.8153370317183,0.8039853644202924,23.761123906739122,14.364187721358125,264743.69924573496,1.0,trend_tsmom,0.1,SOLUSDT,2023-02-22 04:00:00+00:00,2023-02-22 04:00:00+00:00,24.45,24.437775000000002,13.4118257229303,13.88777210358539,-952.3619984278241,-980.1380118721125,-0.06816667061258057,13,SIGNAL
2023-02-15 12:00:00+00:00,2023-02-15 12:00:00+00:00,5309,1572.26,1573.04613,16.629628278609246,25.542307684304333,1496.4192069470869,26.15917240700484,254855.44930070738,1.0,trend_tsmom,0.1,ETHUSDT,2023-02-22 16:00:00+00:00,2023-02-22 16:00:00+00:00,1613.72,1612.91314,26.822145963884434,26.49083155153962,662.9735568796003,609.9922385087111,0.02329518863103938,44,SIGNAL
2023-02-24 00:00:00+00:00,2023-02-24 00:00:00+00:00,5360,23.91,23.921955,557.0559257340987,0.7799185407521445,21.582199377743567,13.325866787894451,260674.9468295239,1.0,trend_tsmom,0.1,SOLUSDT,2023-02-24 16:00:00+00:00,2023-02-24 16:00:00+00:00,23.04,23.028480000000002,12.828151244649177,13.07688785660668,-497.71554324527307,-523.8695612778167,-0.03927295862946602,5,SIGNAL
2023-02-23 00:00:00+00:00,2023-02-23 00:00:00+00:00,5354,1643.15,1643.971575,14.780795466460612,29.49640903569881,1555.4823478929036,24.299207602750116,261588.2333710349,1.0,trend_tsmom,0.1,ETHUSDT,2023-02-25 00:00:00+00:00,2023-02-25 00:00:00+00:00,1607.8,1606.9961,23.752680669499885,24.02581351084246,-546.5269332502271,-594.5788215224771,-0.024444617552819535,13,SIGNAL
2023-01-09 04:00:00+00:00,2023-01-09 04:00:00+00:00,5085,17197.0,17205.5985,4.073295584730924,91.28891097173295,16931.731767084802,70.08348840270301,223108.03079763253,1.0,trend_tsmom,0.1,BTCUSDT,2023-02-25 04:00:00+00:00,2023-02-25 04:00:00+00:00,23077.12,23065.58144,93.95293103880356,82.02419758745067,23869.442636100546,23705.40621665904,0.3379073306980751,283,SIGNAL
2023-02-25 08:00:00+00:00,2023-02-25 08:00:00+00:00,5368,23117.1,23128.658549999996,1.0902738771652745,391.0752445356787,21955.43281639296,25.21657223094027,255827.47387396335,1.0,trend_tsmom,0.1,BTCUSDT,2023-02-25 12:00:00+00:00,2023-02-25 12:00:00+00:00,22983.85,22972.358075,25.04616190605925,25.13133074874727,-170.4103248810201,-220.67305901801961,-0.008742370072849026,2,SIGNAL
2023-02-25 16:00:00+00:00,2023-02-25 16:00:00+00:00,5370,23006.18,23017.68309,1.1321604765983875,376.28175819345,21888.837815419647,26.059711057365043,255606.8008149453,1.0,trend_tsmom,0.1,BTCUSDT,2023-02-25 20:00:00+00:00,2023-02-25 20:00:00+00:00,22983.78,22972.28811,26.008316655173072,26.034007516165687,-51.39440219197122,-103.46242990450934,-0.003966240093996136,2,SIGNAL
2023-02-25 16:00:00+00:00,2023-02-25 16:00:00+00:00,5370,1597.06,1597.8585299999997,16.227753469421422,26.252021605721648,1519.1024651828347,25.92965430385211,255606.8008149453,1.0,trend_tsmom,0.1,ETHUSDT,2023-02-25 20:00:00+00:00,2023-02-25 20:00:00+00:00,1584.62,1583.82769,25.70196529136322,25.81575932928815,-227.68901248889154,-279.3206320841069,-0.01076148517923584,2,SIGNAL
2023-02-26 00:00:00+00:00,2023-02-26 00:00:00+00:00,5372,23157.07,23168.648534999997,1.14634939876091,371.06781176958873,22055.44509969123,26.559366318200084,255224.01775295672,1.0,trend_tsmom,0.1,BTCUSDT,2023-02-28 12:00:00+00:00,2023-02-28 12:00:00+00:00,23391.96,23380.26402,26.801951602198333,26.680726276698724,242.58528399825073,189.2239660778523,0.007117448845801996,16,SIGNAL
2023-02-26 04:00:00+00:00,2023-02-26 04:00:00+00:00,5373,1602.75,1603.551375,16.0817029178979,26.453464524205604,1524.1909814273831,25.78783682633669,255250.05457645553,1.0,trend_tsmom,0.1,ETHUSDT,2023-02-28 20:00:00+00:00,2023-02-28 20:00:00+00:00,1628.01,1627.195995,26.168082580783278,25.978061259513254,380.24575444658757,328.2898350394676,0.012717696151674082,17,SIGNAL
2023-03-01 04:00:00+00:00,2023-03-01 04:00:00+00:00,5391,1638.39,1639.209195,17.343555413204104,24.57603852085324,1565.4810794374403,28.42971550731619,255741.53155407403,1.0,trend_tsmom,0.1,ETHUSDT,,2023-03-03 00:00:00+00:00,1565.4810794374403,1564.6983388977217,27.13743234562105,27.783257801487046,-1292.2831616951398,-1347.850309548077,-0.04736254942107392,12,STOP
2023-03-01 08:00:00+00:00,2023-03-01 08:00:00+00:00,5392,23716.06,23727.91803,1.262189230132662,337.9261330088164,22714.13963097355,29.94912259093661,255916.0353984633,1.0,trend_tsmom,0.1,BTCUSDT,,2023-03-03 00:00:00+00:00,22714.13963097355,22702.782561158063,28.65520764273732,29.301848963561948,-1293.914948199291,-1352.5192784329652,-0.045115448915740236,11,STOP
2023-03-13 00:00:00+00:00,2023-03-13 00:00:00+00:00,5462,20.19,20.200095,588.0377299228564,0.7171908339942998,18.0485224980171,11.878418008026044,253041.16196609297,1.0,trend_tsmom,0.1,SOLUSDT,2023-03-13 04:00:00+00:00,2023-03-13 04:00:00+00:00,19.54,19.53023,11.484512114071268,11.681369504917164,-393.9058939547751,-417.26882407687236,-0.035093223005210616,2,SIGNAL
2023-03-13 16:00:00+00:00,2023-03-13 16:00:00+00:00,5466,20.71,20.720355,520.0234612224527,0.8193356667310694,18.262347999806792,10.775070724857954,255644.26158989803,1.0,trend_tsmom,0.1,SOLUSDT,2023-03-14 00:00:00+00:00,2023-03-14 00:00:00+00:00,20.4,20.3898,10.603174369633567,10.68908224542653,-171.89635522438806,-193.27460031887958,-0.017919280878096033,3,SIGNAL
2023-03-14 16:00:00+00:00,2023-03-14 16:00:00+00:00,5472,21.91,21.920955,523.6377146098945,0.8234973750950866,19.450462874714738,11.478638778266339,258728.57008922292,1.0,trend_tsmom,0.1,SOLUSDT,2023-03-14 20:00:00+00:00,2023-03-14 20:00:00+00:00,20.91,20.899545,10.943789980186649,11.211083469797572,-534.8487980796921,-557.2712268381451,-0.04850004631036068,2,SIGNAL
2023-03-15 04:00:00+00:00,2023-03-15 04:00:00+00:00,5475,21.05,21.060525,501.3341101591379,0.8514285619721498,18.50623931408355,10.558359560359277,256110.1082882292,1.0,trend_tsmom,0.1,SOLUSDT,2023-03-15 16:00:00+00:00,2023-03-15 16:00:00+00:00,19.25,19.240375,9.645856279753124,10.101882319705348,-912.5032806061539,-932.7074964462663,-0.08825004636362609,4,SIGNAL
2023-03-20 12:00:00+00:00,2023-03-20 12:00:00+00:00,5507,23.33,23.341664999999995,496.0478252061333,0.8725271561064712,20.72408353168058,11.578582159940117,259689.11893194448,1.0,trend_tsmom,0.1,SOLUSDT,2023-03-20 16:00:00+00:00,2023-03-20 16:00:00+00:00,23.16,23.14842,11.482723397958162,11.530631696914456,-95.8587619819562,-118.92006753985449,-0.010260432981562513,2,SIGNAL
2023-04-02 04:00:00+00:00,2023-04-02 04:00:00+00:00,5583,21.03,21.040515,966.2425822456461,0.4490712190458643,19.693301342862405,20.33024154537825,260347.04058184562,1.0,trend_tsmom,0.1,SOLUSDT,2023-04-02 12:00:00+00:00,2023-04-02 12:00:00+00:00,20.98,20.969510000000003,20.2616334908259,20.295925440065233,-68.60805455234822,-109.19992958855237,-0.00536593913585855,3,SIGNAL
2023-04-03 20:00:00+00:00,2023-04-03 20:00:00+00:00,5593,20.91,20.920455,954.1020758416407,0.45391900172639443,19.558697994820818,19.96024954305163,259851.03708667093,1.0,trend_tsmom,0.1,SOLUSDT,2023-04-04 00:00:00+00:00,2023-04-04 00:00:00+00:00,20.45,20.439775,19.501631757236073,19.73083092840389,-458.61778581555944,-498.07966711584714,-0.024928650513992685,2,SIGNAL
2023-04-05 04:00:00+00:00,2023-04-05 04:00:00+00:00,5601,21.14,21.15057,961.2342988458407,0.4525561108510941,19.792901667446717,20.330653324139874,261007.47354141122,1.0,trend_tsmom,0.1,SOLUSDT,2023-04-05 16:00:00+00:00,2023-04-05 16:00:00+00:00,20.81,20.799595,19.993284116102455,20.161889418288062,-337.36920803741725,-377.6931454776596,-0.01855896235267563,4,SIGNAL
2023-04-05 20:00:00+00:00,2023-04-05 20:00:00+00:00,5605,20.91,20.920455,998.3677262482246,0.43450978076390884,19.616925657708276,20.886307090428303,260280.3251123269,1.0,trend_tsmom,0.1,SOLUSDT,2023-04-06 08:00:00+00:00,2023-04-06 08:00:00+00:00,20.63,20.619685,20.586028029404623,20.73609767417447,-300.2790610236785,-341.75139614351144,-0.016346115408492397,4,SIGNAL
2023-04-06 12:00:00+00:00,2023-04-06 12:00:00+00:00,5609,20.68,20.69034,1049.576588323876,0.4114770571183332,19.455908828645,21.71609646846102,259126.01147028527,1.0,trend_tsmom,0.1,SOLUSDT,2023-04-19 12:00:00+00:00,2023-04-19 12:00:00+00:00,23.21,23.198395,24.348492278689665,23.03295823076617,2632.395810228641,2586.3312214814905,0.11897844890125357,79,SIGNAL
2023-04-19 16:00:00+00:00,2023-04-19 16:00:00+00:00,5688,23.34,23.35167,613.8415593202478,0.7181574268073116,21.197197719578064,14.334225525531851,264500.9248252901,1.0,trend_tsmom,0.1,SOLUSDT,2023-04-20 12:00:00+00:00,2023-04-20 12:00:00+00:00,22.34,22.32883,13.70636382499673,14.020141214873625,-627.8617005351215,-655.9022898856501,-0.04571206457409881,6,SIGNAL
2023-03-13 00:00:00+00:00,2023-03-13 00:00:00+00:00,5462,21998.05,22009.049024999997,1.0164130615773659,414.9250790707074,20764.273787787875,22.370284901906587,253041.16196609297,1.0,trend_tsmom,0.1,BTCUSDT,2023-04-20 20:00:00+00:00,2023-04-20 20:00:00+00:00,28104.38,28090.327810000003,28.551376090073926,25.46238213437863,6181.09118816734,6130.16952717536,0.27375804593225017,234,SIGNAL
2023-04-21 04:00:00+00:00,2023-04-21 04:00:00+00:00,5697,22.31,22.321154999999997,607.5925764945017,0.7192045426367227,20.163541372089828,13.562168076783127,262190.0046523177,1.0,trend_tsmom,0.1,SOLUSDT,2023-04-21 08:00:00+00:00,2023-04-21 08:00:00+00:00,22.26,22.248870000000004,13.518248247391226,13.540200567177878,-43.91982939190124,-71.0002457160756,-0.0052299393428915505,2,SIGNAL
2023-04-21 00:00:00+00:00,2023-04-21 00:00:00+00:00,5696,28243.65,28257.771825,1.0906483742005189,400.5499051548706,27056.122109535387,30.81929289946548,262115.46170599898,1.0,trend_tsmom,0.1,BTCUSDT,2023-04-21 12:00:00+00:00,2023-04-21 12:00:00+00:00,28066.22,28052.186890000004,30.595072024347616,30.707134083465856,-224.22087511786424,-285.6352400416773,-0.0092588071725836,4,SIGNAL
2023-04-21 20:00:00+00:00,2023-04-21 20:00:00+00:00,5701,21.21,21.220605,619.0341518981515,0.7013331575060021,19.116605527481994,13.136279218940674,260489.50581286848,1.0,trend_tsmom,0.1,SOLUSDT,2023-04-22 00:00:00+00:00,2023-04-22 00:00:00+00:00,21.26,21.249370000000003,13.154085736320027,13.145190215555532,17.806517379352485,-8.483847575908216,-0.0006451881893226061,2,SIGNAL
2023-04-21 20:00:00+00:00,2023-04-21 20:00:00+00:00,5701,27279.9,27293.53995,1.0327707601277347,420.3732261950218,26032.420271414932,28.187970000738193,260489.50581286848,1.0,trend_tsmom,0.1,BTCUSDT,2023-04-22 04:00:00+00:00,2023-04-22 04:00:00+00:00,27322.15,27308.488925,28.203408865012076,28.195700341513216,15.438864273883574,-40.952514591866695,-0.0014513852181553483,3,SIGNAL
2023-04-22 04:00:00+00:00,2023-04-22 04:00:00+00:00,5703,21.38,21.39069,644.3550599568612,0.6742031746491667,19.368080476052498,13.78319933746863,260655.73621450196,1.0,trend_tsmom,0.1,SOLUSDT,2023-04-22 08:00:00+00:00,2023-04-22 08:00:00+00:00,21.28,21.269360000000002,13.705019738044067,13.744093428879179,-78.17959942456392,-105.66781850007662,-0.007658762937344266,2,SIGNAL
2023-04-24 00:00:00+00:00,2023-04-24 00:00:00+00:00,5714,27590.59,27604.385295,1.2075855613359776,358.97775986668677,26527.45201539994,33.334657111797185,260097.81579344685,1.0,trend_tsmom,0.1,BTCUSDT,2023-04-24 08:00:00+00:00,2023-04-24 08:00:00+00:00,27451.98,27438.25401,33.13403937074499,33.23430639541109,-200.61774105219166,-267.0864375347338,-0.008004270661070912,3,SIGNAL
2023-04-24 12:00:00+00:00,2023-04-24 12:00:00+00:00,5717,27550.83,27564.605415,1.155913079868621,374.80164436570067,26440.2004819029,31.86228794061592,259942.8738471484,1.0,trend_tsmom,0.1,BTCUSDT,2023-04-24 16:00:00+00:00,2023-04-24 16:00:00+00:00,27267.06,27253.426470000002,31.502592127910702,31.68235803089874,-359.6958127052178,-423.06069277374445,-0.01326452310978819,2,SIGNAL
2023-04-24 20:00:00+00:00,2023-04-24 20:00:00+00:00,5719,27383.28,27396.971639999996,1.092884976191973,394.8345590400448,26212.467962879862,29.941738698513557,258905.25459374854,1.0,trend_tsmom,0.1,BTCUSDT,2023-04-25 04:00:00+00:00,2023-04-25 04:00:00+00:00,27345.71,27332.037145000002,29.87077276449145,29.906245466574187,-70.9659340221063,-130.77844548511132,-0.004363400502653837,3,SIGNAL
2023-04-23 08:00:00+00:00,2023-04-23 08:00:00+00:00,5710,22.07,22.081035,759.9071836233285,0.5718556876820082,20.365467936953976,16.779537118338144,260734.34703924993,1.0,trend_tsmom,0.1,SOLUSDT,,2023-04-26 20:00:00+00:00,20.365467936953976,20.3552852029855,15.468127450450323,16.1235084628545,-1311.4096678878202,-1343.6573324566086,-0.07999714223178245,22,STOP
2023-04-26 00:00:00+00:00,2023-04-26 00:00:00+00:00,5726,28300.8,28314.950399999998,1.110586725644356,389.71264120053365,27145.812476398398,31.446208051518347,259685.8116798686,1.0,trend_tsmom,0.1,BTCUSDT,2023-05-01 16:00:00+00:00,2023-05-01 16:00:00+00:00,28170.64,28156.55468,31.27029586748747,31.358215821007462,-175.9121840308767,-238.6286879498825,-0.007580891701208466,35,SIGNAL
2023-03-13 00:00:00+00:00,2023-03-13 00:00:00+00:00,5462,1580.33,1581.1201649999998,12.65650022308059,33.3216341413565,1481.1552625759302,20.011447721039715,253041.16196609297,1.0,trend_tsmom,0.1,ETHUSDT,2023-05-01 20:00:00+00:00,2023-05-01 20:00:00+00:00,1812.97,1812.063515,22.9343822818337,21.473651103487953,2922.9345607939817,2879.9887307911085,0.14377328713439294,300,SIGNAL
2023-05-02 00:00:00+00:00,2023-05-02 00:00:00+00:00,5762,1830.73,1831.6453649999999,14.139022983600626,30.355778688783687,1740.5780289336487,25.897675913540557,257520.63153948396,1.0,trend_tsmom,0.1,ETHUSDT,2023-05-05 04:00:00+00:00,2023-05-05 04:00:00+00:00,1896.58,1895.63171,26.802380316132155,26.35026087849732,904.7044025916026,852.00434636193,0.03286600681892606,20,SIGNAL
2023-05-05 16:00:00+00:00,2023-05-05 16:00:00+00:00,5784,1953.34,1954.3166699999997,15.80038188425319,27.332516987926688,1872.3191190362197,30.878949708762015,259118.52376024766,1.0,trend_tsmom,0.1,ETHUSDT,,2023-05-06 12:00:00+00:00,1872.3191190362197,1871.3829594767017,29.5685654114158,30.223437519869552,-1310.3842973462163,-1370.8318124663942,-0.044349382444432296,6,STOP
2023-05-02 16:00:00+00:00,2023-05-02 16:00:00+00:00,5766,28540.69,28554.960344999996,0.9650201107039255,445.377028954418,27218.829258136742,27.556110993278097,257878.67387194672,1.0,trend_tsmom,0.1,BTCUSDT,2023-05-08 08:00:00+00:00,2023-05-08 08:00:00+00:00,27975.47,27961.482265000002,26.98339271081615,27.269615489876493,-572.7182824619468,-627.2577861660411,-0.022740188380134172,35,SIGNAL
2023-05-09 08:00:00+00:00,2023-05-09 08:00:00+00:00,5806,1848.61,1849.534305,14.052154602543958,30.4075013807017,1758.311800857895,25.989941996568692,256374.54628721348,1.0,trend_tsmom,0.1,ETHUSDT,2023-05-09 20:00:00+00:00,2023-05-09 20:00:00+00:00,1852.44,1851.5137800000002,26.017757885300565,26.003863395870326,27.815888731875205,-24.191811149994052,-0.0009298844726039899,4,SIGNAL
2023-05-10 16:00:00+00:00,2023-05-10 16:00:00+00:00,5814,1872.84,1873.77642,15.620404939574485,27.352081616718824,1791.7201751498435,29.269146446626195,256350.3544760635,1.0,trend_tsmom,0.1,ETHUSDT,,2023-05-10 16:00:00+00:00,1791.7201751498435,1790.8243150622686,27.973400976908753,28.62095693063851,-1295.745469717439,-1352.9880171409739,-0.046179562606138605,1,STOP
2023-05-23 04:00:00+00:00,2023-05-23 04:00:00+00:00,5889,1866.01,1866.9430049999999,25.15050769860651,16.898092708817096,1816.2487268735485,46.95456442011207,254997.36645892254,1.0,trend_tsmom,0.1,ETHUSDT,2023-05-23 08:00:00+00:00,2023-05-23 08:00:00+00:00,1854.06,1853.1329700000001,46.60723502852655,46.78082458716996,-347.3293915855189,-440.89119103415754,-0.009380360476844403,2,SIGNAL
2023-05-23 20:00:00+00:00,2023-05-23 20:00:00+00:00,5893,1851.52,1852.4457599999998,25.2745740970211,16.78607087441095,1802.087547376767,46.81977762183257,254556.47526788837,1.0,trend_tsmom,0.1,ETHUSDT,2023-05-24 00:00:00+00:00,2023-05-24 00:00:00+00:00,1854.06,1853.1329700000001,46.83714656189778,46.8284781412118,17.368940065220883,-76.28798411850947,-0.0016277687809996121,2,SIGNAL
2023-05-26 20:00:00+00:00,2023-05-26 20:00:00+00:00,5911,1835.56,1836.47778,23.032620082629414,18.41447668356324,1781.2343499493102,42.298894996930684,254480.18728376986,1.0,trend_tsmom,0.1,ETHUSDT,2023-05-27 00:00:00+00:00,2023-05-27 00:00:00+00:00,1827.8,1826.8861,42.07797347553653,42.18838955295078,-220.9215213941548,-305.298389866622,-0.0072104341376360535,2,SIGNAL
2023-05-29 00:00:00+00:00,2023-05-29 00:00:00+00:00,5924,1908.64,1909.59432,22.26107499562725,19.029845364897465,1852.5047839053075,42.50962236874382,254174.88889390323,1.0,trend_tsmom,0.1,ETHUSDT,2023-05-29 08:00:00+00:00,2023-05-29 08:00:00+00:00,1899.85,1898.900075,42.27155697877721,42.390540755041954,-238.06538996660973,-322.84656931413076,-0.007587083283666268,3,SIGNAL
2023-05-29 12:00:00+00:00,2023-05-29 12:00:00+00:00,5927,1903.26,1904.2116299999998,22.636864844410592,18.690164919728957,1848.141135240813,43.10538130346478,253852.04232458913,1.0,trend_tsmom,0.1,ETHUSDT,2023-05-29 16:00:00+00:00,2023-05-29 16:00:00+00:00,1889.41,1888.4652950000002,42.748933646274985,42.92707909471814,-356.4476571898028,-442.3019721395425,-0.010250694893911042,2,SIGNAL
2023-05-30 04:00:00+00:00,2023-05-30 04:00:00+00:00,5931,1900.67,1901.620335,21.70470288047447,19.458896515649972,1843.2436454530502,41.274104362643335,253409.7403524496,1.0,trend_tsmom,0.1,ETHUSDT,2023-05-30 08:00:00+00:00,2023-05-30 08:00:00+00:00,1898.22,1897.2708900000002,41.179700951223374,41.226889362798204,-94.40341141996164,-176.85721673382835,-0.00428066311615818,2,SIGNAL
2023-05-30 12:00:00+00:00,2023-05-30 12:00:00+00:00,5933,1915.4,1916.3577,22.115689594293304,19.083954105374097,1859.1058376838778,42.381572044833845,253232.88313571576,1.0,trend_tsmom,0.1,ETHUSDT,2023-05-30 16:00:00+00:00,2023-05-30 16:00:00+00:00,1900.56,1899.6097200000002,42.01117891782242,42.196293432113656,-370.3931270114295,-454.78587797408574,-0.010720025815631334,2,SIGNAL
2023-05-30 20:00:00+00:00,2023-05-30 20:00:00+00:00,5935,1907.33,1908.283665,21.81269674791381,19.314293580100134,1850.3407842596996,41.62481289364255,252778.09725774167,1.0,trend_tsmom,0.1,ETHUSDT,,2023-05-31 12:00:00+00:00,1850.3407842596996,1849.4156138675698,40.34074194615017,40.98246664777415,-1284.0709474923817,-1366.0365023321745,-0.03278505621127013,5,STOP
2023-06-02 04:00:00+00:00,2023-06-02 04:00:00+00:00,5949,1878.64,1879.57932,19.983602545474305,20.968196315229033,1816.674731054313,37.560766083572865,251412.06075540947,1.0,trend_tsmom,0.1,ETHUSDT,2023-06-03 04:00:00+00:00,2023-06-03 04:00:00+00:00,1899.84,1898.8900800000001,37.94666463626391,37.753821273006785,385.89855269104487,310.3911219712081,0.008255450387788847,7,SIGNAL
2023-06-03 08:00:00+00:00,2023-06-03 08:00:00+00:00,5956,1902.72,1903.6713599999998,21.898422224411732,19.15834006195872,1846.1963398141236,41.687399217800106,251722.45187738066,1.0,trend_tsmom,0.1,ETHUSDT,2023-06-03 12:00:00+00:00,2023-06-03 12:00:00+00:00,1903.72,1902.7681400000001,41.66762012487858,41.67751514593815,-19.77909292152642,-103.1341122642051,-0.002471516168344434,2,SIGNAL
2023-06-03 16:00:00+00:00,2023-06-03 16:00:00+00:00,5958,1903.19,1904.141595,22.76049238290604,18.42515190591774,1848.8661392822469,43.339200268972064,251619.31776511646,1.0,trend_tsmom,0.1,ETHUSDT,2023-06-04 04:00:00+00:00,2023-06-04 04:00:00+00:00,1894.09,1893.142955,43.088865807029734,43.213981257878146,-250.33446194232621,-336.762528018328,-0.007762628286366187,4,SIGNAL
2023-06-04 08:00:00+00:00,2023-06-04 08:00:00+00:00,5962,1900.21,1901.160105,23.99939959126003,17.450614009569417,1848.8082629712917,45.62670104685688,251282.5552370981,1.0,trend_tsmom,0.1,ETHUSDT,2023-06-04 12:00:00+00:00,2023-06-04 12:00:00+00:00,1903.07,1902.118465,45.649701111449154,45.6382182387193,23.000064592281984,-68.27633756602405,-0.0014949169646637464,2,SIGNAL
2023-06-07 00:00:00+00:00,2023-06-07 00:00:00+00:00,5978,1884.65,1885.592325,18.998286236036652,22.038328069737464,1819.4773407907876,35.82302271482385,251214.27889953207,1.0,trend_tsmom,0.1,ETHUSDT,2023-06-07 16:00:00+00:00,2023-06-07 16:00:00+00:00,1839.0,1838.0805,34.92037946387737,35.37148427140806,-902.6432509464829,-973.3866531251841,-0.027144952189752127,5,SIGNAL
2023-06-07 20:00:00+00:00,2023-06-07 20:00:00+00:00,5983,1850.37,1851.2951849999997,18.29195426259652,22.80063397035901,1782.8932830889228,33.863806850585156,250240.89224640687,1.0,trend_tsmom,0.1,ETHUSDT,2023-06-08 00:00:00+00:00,2023-06-08 00:00:00+00:00,1832.12,1831.20394,33.496298715966546,33.67996932622752,-367.508134618614,-434.8682401851657,-0.01282885318521949,2,SIGNAL
2023-06-08 16:00:00+00:00,2023-06-08 16:00:00+00:00,5988,1855.67,1856.597835,19.192255073875547,21.693301372928733,1791.517930881214,35.63229921892511,249806.02400622173,1.0,trend_tsmom,0.1,ETHUSDT,2023-06-08 20:00:00+00:00,2023-06-08 20:00:00+00:00,1847.73,1846.806135,35.44437441491824,35.538298720294144,-187.92480400686702,-259.0014776407104,-0.007261466157883535,2,SIGNAL
2023-06-21 04:00:00+00:00,2023-06-21 04:00:00+00:00,6063,1811.39,1812.295695,18.26990574886285,23.00093389790353,1743.2928933062894,33.1104715367199,252134.9366703132,1.0,trend_tsmom,0.1,ETHUSDT,2023-06-28 00:00:00+00:00,2023-06-28 00:00:00+00:00,1889.58,1888.6352100000001,34.5051872806838,33.808186539679134,1394.715743963904,1327.1000851465005,0.040040937181017366,42,SIGNAL
2023-06-30 08:00:00+00:00,2023-06-30 08:00:00+00:00,6118,1887.81,1888.7539049999998,16.214376254442577,26.36316911191664,1809.66439766425,30.624966467717687,256477.4059440691,1.0,trend_tsmom,0.1,ETHUSDT,2023-06-30 16:00:00+00:00,2023-06-30 16:00:00+00:00,1852.32,1851.39384,30.01919631691726,30.32193753026157,-605.7701508004287,-666.4143135850637,-0.021738752456164186,3,SIGNAL
2023-07-06 12:00:00+00:00,2023-07-06 12:00:00+00:00,6155,19.89,19.899945,790.9824935267004,0.5389464653263849,18.283105604020843,15.740508117144193,255778.3314127592,1.0,trend_tsmom,0.1,SOLUSDT,2023-07-06 16:00:00+00:00,2023-07-06 16:00:00+00:00,19.7,19.69015,15.574563944914761,15.657498459359811,-165.9441722294339,-197.25924429149285,-0.012519429528119741,2,SIGNAL
2023-06-30 20:00:00+00:00,2023-06-30 20:00:00+00:00,6121,1926.32,1927.2831599999997,13.180064206906982,32.275314617329535,1830.4572161480112,25.401715793690578,255234.43137271603,1.0,trend_tsmom,0.1,ETHUSDT,2023-07-06 20:00:00+00:00,2023-07-06 20:00:00+00:00,1885.21,1884.267395,24.83476524908136,25.118105063272743,-566.9505446092174,-617.1870256519893,-0.024272787720502714,37,SIGNAL
2023-07-06 20:00:00+00:00,2023-07-06 20:00:00+00:00,6157,20.91,20.920455,690.7536391239793,0.6136491849570624,19.07950744512881,14.450880423379447,254328.2445927328,1.0,trend_tsmom,0.1,SOLUSDT,2023-07-07 00:00:00+00:00,2023-07-07 00:00:00+00:00,19.61,19.600195,13.538906023789623,13.994668728652089,-911.9743995898257,-939.9641860369948,-0.06498048100632754,2,SIGNAL
2023-07-07 04:00:00+00:00,2023-07-07 04:00:00+00:00,6159,20.2,20.210099999999997,626.9976613927488,0.6728683894237487,18.19149483172875,12.671685436513592,253132.1439562775,1.0,trend_tsmom,0.1,SOLUSDT,2023-07-07 08:00:00+00:00,2023-07-07 08:00:00+00:00,19.45,19.440275,12.18900696183192,12.430228637109563,-482.67847468167116,-507.5391670800167,-0.04001299886154476,2,SIGNAL
2023-07-07 16:00:00+00:00,2023-07-07 16:00:00+00:00,6162,1872.04,1872.9760199999998,17.653314622546777,23.9429306842048,1801.1472279473855,33.06423496154546,253603.2530124579,1.0,trend_tsmom,0.1,ETHUSDT,2023-07-08 20:00:00+00:00,2023-07-08 20:00:00+00:00,1846.9,1845.97655,32.587604822993455,32.825808941184825,-476.63013855200853,-542.2819783365475,-0.01638447823542588,8,SIGNAL
2023-06-20 12:00:00+00:00,2023-06-20 12:00:00+00:00,6059,26907.99,26921.443995,1.4680830539250709,283.3025714058337,26071.5362807825,39.52291571625236,249547.02252858103,1.0,trend_tsmom,0.1,BTCUSDT,2023-07-21 20:00:00+00:00,2023-07-21 20:00:00+00:00,29875.99,29861.052005000005,43.838504420915775,41.681799386204844,4315.588704663405,4232.227284526238,0.10697589508818514,189,SIGNAL
2023-07-09 00:00:00+00:00,2023-07-09 00:00:00+00:00,6170,1865.24,1866.1726199999998,20.36877117885025,20.722920311402557,1804.003859065792,38.01164307701546,253260.25318830405,1.0,trend_tsmom,0.1,ETHUSDT,2023-07-22 04:00:00+00:00,2023-07-22 04:00:00+00:00,1892.84,1891.89358,38.535547425755816,38.27373579590279,523.9043487403623,447.357158237591,0.011757193633648402,80,SIGNAL
2023-07-22 16:00:00+00:00,2023-07-22 16:00:00+00:00,6252,29900.23,29915.180115,1.8321124901035766,232.22530291476417,29218.504206255708,54.80797513238965,255277.72679293557,1.0,trend_tsmom,0.1,BTCUSDT,2023-07-22 20:00:00+00:00,2023-07-22 20:00:00+00:00,29836.0,29821.082000000002,54.63557680060295,54.72174654734538,-172.3983317866973,-281.8418837196899,-0.005137214478662632,2,SIGNAL
2023-07-22 12:00:00+00:00,2023-07-22 12:00:00+00:00,6251,1888.01,1888.9540049999998,25.052430921962102,16.98302506586071,1838.0049298024178,47.32288972502615,255279.63738505577,1.0,trend_tsmom,0.1,ETHUSDT,2023-07-22 20:00:00+00:00,2023-07-22 20:00:00+00:00,1887.28,1886.33636,47.25731135448544,47.29009596768197,-65.57837054071476,-160.15857162022635,-0.0033809975252328227,3,SIGNAL
2023-07-26 20:00:00+00:00,2023-07-26 20:00:00+00:00,6277,1873.19,1874.126595,27.484354789984227,15.445240375382063,1827.7908738738538,51.50916025832508,254701.4797761539,1.0,trend_tsmom,0.1,ETHUSDT,2023-07-27 08:00:00+00:00,2023-07-27 08:00:00+00:00,1871.88,1870.9440600000003,51.421690337253544,51.46541629665606,-87.4699210715339,-190.40077166711254,-0.003692752127040628,4,SIGNAL
2023-07-28 08:00:00+00:00,2023-07-28 08:00:00+00:00,6286,1859.23,1860.1596149999998,29.55662598190682,14.326906388555267,1817.178895834334,54.980042007202776,254073.00816259166,1.0,trend_tsmom,0.1,ETHUSDT,2023-07-30 08:00:00+00:00,2023-07-30 08:00:00+00:00,1875.29,1874.352355,55.39953151504124,55.18990543096824,419.4895078384537,309.10993431620966,0.005616604169610701,13,SIGNAL
2023-07-30 16:00:00+00:00,2023-07-30 16:00:00+00:00,6300,1876.43,1877.368215,38.882793862808875,10.910397187390096,1844.6370234378296,72.99732130843445,254536.03487919533,1.0,trend_tsmom,0.1,ETHUSDT,2023-07-30 20:00:00+00:00,2023-07-30 20:00:00+00:00,1862.52,1861.5887400000001,72.3837712347461,72.69041105666444,-613.5500736883391,-758.9311662315197,-0.010386312533781684,2,SIGNAL
2023-08-09 08:00:00+00:00,2023-08-09 08:00:00+00:00,6358,1861.11,1862.0405549999998,32.62700794679905,12.953872861338295,1823.178936415985,60.7528119852471,253587.6676732254,1.0,trend_tsmom,0.1,ETHUSDT,2023-08-09 12:00:00+00:00,2023-08-09 12:00:00+00:00,1862.79,1861.8586050000001,60.74687550115119,60.74985744653438,-5.936484095909902,-127.43617158230819,-0.002095522142259088,2,SIGNAL
2023-07-07 12:00:00+00:00,2023-07-07 12:00:00+00:00,6161,20.17,20.180085000000002,591.9876241825745,0.7111637214549331,18.046593835635203,11.94636057495241,252600.07312136638,1.0,trend_tsmom,0.1,SOLUSDT,2023-08-12 20:00:00+00:00,2023-08-12 20:00:00+00:00,24.74,24.72763,14.638450935365753,13.293082101018069,2692.090360413345,2665.505548903027,0.22289991077114615,219,SIGNAL
2023-09-17 04:00:00+00:00,2023-09-17 04:00:00+00:00,6591,26529.25,26542.514625,1.7269542548994927,244.6879212739226,25808.450861178233,45.83770856737576,253538.90805990764,1.0,trend_tsmom,0.1,BTCUSDT,2023-09-22 20:00:00+00:00,2023-09-22 20:00:00+00:00,26540.1,26526.82995,45.8106218511478,45.82416989362342,-27.086716227966434,-118.73504664648999,-0.0025877478155768244,35,SIGNAL
2023-09-23 00:00:00+00:00,2023-09-23 00:00:00+00:00,6626,26580.14,26593.43007,1.7585472896982648,240.1794694384207,25872.891661684735,46.765804373378835,253420.17301326117,1.0,trend_tsmom,0.1,BTCUSDT,2023-09-28 16:00:00+00:00,2023-09-28 16:00:00+00:00,27019.99,27006.480005000005,47.492172217083144,47.12918166947996,726.3678437043056,632.1098671138436,0.013502994275120049,35,SIGNAL
2023-09-30 20:00:00+00:00,2023-09-30 20:00:00+00:00,6673,1679.14,1679.97957,26.18300533161105,16.164840122239816,1631.4850496332806,43.98691403830764,253946.45706314716,1.0,trend_tsmom,0.1,ETHUSDT,,2023-10-04 00:00:00+00:00,1631.4850496332806,1630.669307108464,42.6958231621154,43.341056662753196,-1291.0908761922299,-1377.7736133926528,-0.03129106113190368,20,STOP
2023-10-06 08:00:00+00:00,2023-10-06 08:00:00+00:00,6706,1630.88,1631.69544,23.257149699012388,18.35097757167904,1576.642507284963,37.94858511127588,256074.85950465495,1.0,trend_tsmom,0.1,ETHUSDT,2023-10-07 20:00:00+00:00,2023-10-07 20:00:00+00:00,1630.59,1629.774705,37.90391428984876,37.92624801441272,-44.670821427130754,-120.5233208282554,-0.003172790699766275,10,SIGNAL
2023-10-08 16:00:00+00:00,2023-10-08 16:00:00+00:00,6720,1631.2,1632.0156,27.300300786856564,15.666051687730336,1585.017444936809,44.554516768842184,256612.75393048802,1.0,trend_tsmom,0.1,ETHUSDT,2023-10-09 00:00:00+00:00,2023-10-09 00:00:00+00:00,1632.85,1632.033575,44.55500749174883,44.554773391666444,0.49072290664316076,-88.61880135394784,-0.001987010016115266,3,SIGNAL
2023-10-11 20:00:00+00:00,2023-10-11 20:00:00+00:00,6739,1563.25,1564.0316249999998,23.1499561224176,18.176726554311802,1509.5014453370645,36.20726349282349,252474.25330890063,1.0,trend_tsmom,0.1,ETHUSDT,2023-10-12 04:00:00+00:00,2023-10-12 04:00:00+00:00,1561.82,1561.03909,36.1379864388787,36.172616689737104,-69.27705394479575,-141.62230387649794,-0.003907525988024112,3,SIGNAL
2023-10-21 12:00:00+00:00,2023-10-21 12:00:00+00:00,6797,1608.68,1609.48434,27.735936292498295,16.061663700504358,1561.2993488984869,44.64055511801366,267291.1686892328,1.0,trend_tsmom,0.1,ETHUSDT,2024-01-03 20:00:00+00:00,2024-01-03 20:00:00+00:00,2206.54,2205.43673,61.16985264041576,52.90934943093203,16529.297522402096,16423.487114643667,0.3675375449797747,447,SIGNAL
2024-01-04 04:00:00+00:00,2024-01-04 04:00:00+00:00,7245,2231.07,2232.185535,14.52704014555662,45.4060331980802,2095.9674354057593,32.42704887927578,395769.16027139267,1.0,trend_tsmom,0.1,ETHUSDT,2024-01-05 00:00:00+00:00,2024-01-05 00:00:00+00:00,2267.11,2265.9764450000002,32.91793078540068,32.67262072096698,490.8819061248931,425.5369264602166,0.013109790416890548,6,SIGNAL
2023-09-30 16:00:00+00:00,2023-09-30 16:00:00+00:00,6672,26996.29,27009.788145,1.8714423763400199,226.25354476335795,26331.027510709926,50.5472621105193,254052.28288037502,1.0,trend_tsmom,0.1,BTCUSDT,2024-01-05 04:00:00+00:00,2024-01-05 04:00:00+00:00,43465.21,43443.477395,81.30196457257274,65.93231850023211,30754.702462053443,30622.853235370352,0.6052209298202416,580,SIGNAL
2024-01-05 08:00:00+00:00,2024-01-05 08:00:00+00:00,7252,43777.48,43799.36874,0.7980968791924435,828.6880928612438,41313.304461416265,34.956139501993064,396824.02844189794,1.0,trend_tsmom,0.1,BTCUSDT,2024-01-05 12:00:00+00:00,2024-01-05 12:00:00+00:00,43771.34,43749.45433,34.916302967145334,34.93622000948322,-39.83653484773017,-109.70897731686856,-0.003135339871632012,2,SIGNAL
2024-01-06 00:00:00+00:00,2024-01-06 00:00:00+00:00,7256,44145.12,44167.19256,0.7924235473066524,831.2403659360634,41673.47146219181,34.99912340297119,395216.6636637211,1.0,trend_tsmom,0.1,BTCUSDT,2024-01-06 08:00:00+00:00,2024-01-06 08:00:00+00:00,43653.2,43631.3734,34.574527683489116,34.786728090982976,-424.5957194820758,-494.1693705685361,-0.014105373131481134,3,SIGNAL
2024-01-06 00:00:00+00:00,2024-01-06 00:00:00+00:00,7256,2268.78,2269.91439,15.476406947589084,42.56119922861984,2142.23079231414,35.13011883582843,395216.6636637211,1.0,trend_tsmom,0.1,ETHUSDT,2024-01-06 08:00:00+00:00,2024-01-06 08:00:00+00:00,2233.13,2232.0134350000003,34.54354823254618,34.83669560070298,-586.5706032822552,-656.2442703506298,-0.018661726842789397,3,SIGNAL
2024-01-06 12:00:00+00:00,2024-01-06 12:00:00+00:00,7259,2238.67,2239.789335,16.21795238467177,39.81120818863792,2120.355710434086,36.32479678672564,387393.76726775075,1.0,trend_tsmom,0.1,ETHUSDT,2024-01-06 16:00:00+00:00,2024-01-06 16:00:00+00:00,2246.41,2245.286795,36.41395433124228,36.36940694071753,89.15754451663841,16.418793398670488,0.00045154804592483866,2,SIGNAL
2024-01-06 12:00:00+00:00,2024-01-06 12:00:00+00:00,7259,43671.97,43693.805985,0.8395180094412925,769.0797237444319,41386.5668137667,36.68173702544123,387393.76726775075,1.0,trend_tsmom,0.1,BTCUSDT,2024-01-08 00:00:00+00:00,2024-01-08 00:00:00+00:00,43929.01,43907.045495000006,36.86075543441068,36.771300177348344,179.01840896944222,105.4759165095903,0.0028725615117557047,10,SIGNAL
2024-01-08 12:00:00+00:00,2024-01-08 12:00:00+00:00,7271,44636.0,44658.318,0.9331290345660757,687.3157617067109,42596.370714879864,41.6719731606848,384812.575898058,1.0,trend_tsmom,0.1,BTCUSDT,,2024-01-12 20:00:00+00:00,42596.370714879864,42575.072529522426,39.72803632605391,40.69952893404079,-1943.9368346308884,-2025.336844117627,-0.04855334118173996,27,STOP
2024-01-13 08:00:00+00:00,2024-01-13 08:00:00+00:00,7300,43102.97,43124.521485,0.5869352858216121,1095.872952848275,39836.90262645517,25.311303343718727,385923.9028825058,1.0,trend_tsmom,0.1,BTCUSDT,2024-01-13 12:00:00+00:00,2024-01-13 12:00:00+00:00,42624.01,42602.697995,25.00502672446715,25.15809475445952,-306.2766192515784,-356.5929493197643,-0.014074214502887743,2,SIGNAL
2024-01-13 16:00:00+00:00,2024-01-13 16:00:00+00:00,7302,43154.48,43176.05724,0.6060119179728909,1062.053214945568,39989.8975951633,26.165205258519723,386170.1434670632,1.0,trend_tsmom,0.1,BTCUSDT,2024-01-13 20:00:00+00:00,2024-01-13 20:00:00+00:00,42786.25,42764.856875000005,25.916012936654923,26.040553309641403,-249.19232186480096,-301.2735400599756,-0.01150277876740457,2,SIGNAL
2024-01-14 08:00:00+00:00,2024-01-14 08:00:00+00:00,7306,43011.44,43032.94572,0.6978696713991985,936.7282425932585,40222.760992220225,30.031387688955952,392228.53850934363,1.0,trend_tsmom,0.1,BTCUSDT,2024-01-15 00:00:00+00:00,2024-01-15 00:00:00+00:00,41732.35,41711.483825,29.10917951052574,29.57006044020896,-922.2081784302125,-981.3487456296942,-0.03264479109012244,5,SIGNAL
2024-01-15 04:00:00+00:00,2024-01-15 04:00:00+00:00,7311,42565.99,42587.27299499999,0.7491716293938772,862.397790817789,40000.079622546626,31.905176701106008,387650.3748795858,1.0,trend_tsmom,0.1,BTCUSDT,2024-01-15 16:00:00+00:00,2024-01-15 16:00:00+00:00,42278.99,42257.850505,31.658382717513728,31.78172595623791,-246.79398359228065,-310.35754301090043,-0.009717780234222527,4,SIGNAL
2024-01-15 20:00:00+00:00,2024-01-15 20:00:00+00:00,7315,42992.67,43014.166334999994,0.7862922704993813,822.3140564197815,40547.22416574065,33.8217065111852,387947.5118915198,1.0,trend_tsmom,0.1,BTCUSDT,2024-01-18 04:00:00+00:00,2024-01-18 04:00:00+00:00,42592.04,42570.74398000001,33.47304694088207,33.64729797295808,-348.65957030312313,-415.9543237551904,-0.012286156667842798,15,SIGNAL
2024-01-18 16:00:00+00:00,2024-01-18 16:00:00+00:00,7332,42619.31,42640.619654999995,1.0421099831864031,623.9166499349304,40768.869705195204,44.436215431729856,390113.8617440444,1.0,trend_tsmom,0.1,BTCUSDT,2024-01-18 20:00:00+00:00,2024-01-18 20:00:00+00:00,41022.33,41001.818835000005,42.7284047367538,43.58189402703486,-1707.8106949760527,-1794.9753151445364,-0.040354069661186674,2,SIGNAL
2023-09-30 16:00:00+00:00,2023-09-30 16:00:00+00:00,6672,21.44,21.45072,1217.606342162619,0.3477482473647802,20.40747525790566,26.118532715954537,254052.28288037502,1.0,trend_tsmom,0.1,SOLUSDT,2024-01-20 20:00:00+00:00,2024-01-20 20:00:00+00:00,92.02,91.97399,111.9881135380013,69.07480779087882,85869.58082204676,85731.47417579281,3.279120970494966,674,SIGNAL
2024-01-10 04:00:00+00:00,2024-01-10 04:00:00+00:00,7281,2361.5,2362.68075,14.707739683945205,44.779912177169976,2228.34101346849,34.74969342726842,395166.77482304635,1.0,trend_tsmom,0.1,ETHUSDT,,2024-01-23 08:00:00+00:00,2228.34101346849,2227.226842961756,32.757472623376614,33.753093408389645,-1992.220803891804,-2059.727969942449,-0.059214056203101134,80,STOP
2024-01-25 20:00:00+00:00,2024-01-25 20:00:00+00:00,7375,2218.22,2219.3291099999997,15.361952051575196,40.80897400398122,2096.902187988056,34.093227374485046,376143.3011538829,1.0,trend_tsmom,0.1,ETHUSDT,2024-01-26 00:00:00+00:00,2024-01-26 00:00:00+00:00,2218.64,2217.53068,34.06559997905694,34.0794152897744,-27.6273954281117,-95.78622278165369,-0.0028067314132019638,2,SIGNAL
2024-01-26 04:00:00+00:00,2024-01-26 04:00:00+00:00,7377,2223.41,2224.5217049999997,16.03482204580581,39.08654903859307,2107.2620578842207,35.66980967670753,376047.51493110124,1.0,trend_tsmom,0.1,ETHUSDT,2024-01-26 08:00:00+00:00,2024-01-26 08:00:00+00:00,2197.46,2196.3612700000003,35.218262112750054,35.443931868812854,-451.54756395747074,-522.4356357469284,-0.014631805629333493,2,SIGNAL
2024-01-28 08:00:00+00:00,2024-01-28 08:00:00+00:00,7390,42388.82,42410.014409999996,1.217863935532757,513.9121981513753,40868.27781554587,51.649627055363524,375525.0792953543,1.0,trend_tsmom,0.1,BTCUSDT,2024-01-28 12:00:00+00:00,2024-01-28 12:00:00+00:00,42471.98,42450.74401,51.69923016631221,51.674453930226,49.60311094868232,-53.745746272993415,-0.0010395438898565875,2,SIGNAL
2024-01-30 04:00:00+00:00,2024-01-30 04:00:00+00:00,7401,102.11,102.16105499999999,235.07437714139792,2.6704623424378235,94.14966797268652,24.015446372233097,376654.36309687793,1.0,trend_tsmom,0.1,SOLUSDT,2024-01-30 08:00:00+00:00,2024-01-30 08:00:00+00:00,102.88,102.82856,24.172359694346863,24.093948285105334,156.91332211377014,108.72551604719017,0.004522793266654669,2,SIGNAL
2024-01-30 12:00:00+00:00,2024-01-30 12:00:00+00:00,7403,106.07,106.12303499999999,233.36609831987732,2.6913172640501366,98.04908320784958,24.76551861981378,376837.3255513845,1.0,trend_tsmom,0.1,SOLUSDT,2024-01-31 00:00:00+00:00,2024-01-31 00:00:00+00:00,101.4,101.34930000000001,23.651490708450748,24.20823220920924,-1114.0279113630334,-1162.4449206912977,-0.04689114954068245,4,SIGNAL
2024-01-29 04:00:00+00:00,2024-01-29 04:00:00+00:00,7395,42331.19,42352.355595,1.2243016976080867,511.13672155950644,40818.94543032148,51.852060852659854,375471.33354908135,1.0,trend_tsmom,0.1,BTCUSDT,2024-01-31 12:00:00+00:00,2024-01-31 12:00:00+00:00,42647.98,42626.656010000006,52.187887316398964,52.02007104615785,335.826463739109,231.78651557005017,0.004465684811784346,15,SIGNAL
2024-01-30 00:00:00+00:00,2024-01-30 00:00:00+00:00,7400,2317.61,2318.768805,20.05789839786588,31.29133093688313,2224.894812189351,46.509629098830885,376583.0019995995,1.0,trend_tsmom,0.1,ETHUSDT,2024-01-31 12:00:00+00:00,2024-01-31 12:00:00+00:00,2300.18,2299.0299099999997,46.113708348434734,46.311581321342956,-395.9207503961511,-488.5440878434167,-0.010493655642243627,10,SIGNAL
2024-01-31 16:00:00+00:00,2024-01-31 16:00:00+00:00,7410,43361.11,43382.790555,1.127351631353574,553.1560963561436,41723.322265931565,48.90765970484968,374160.85657216393,1.0,trend_tsmom,0.1,BTCUSDT,2024-01-31 20:00:00+00:00,2024-01-31 20:00:00+00:00,43334.63,43312.962685,48.82893914169123,48.86829196020015,-78.72056315844641,-176.4571620049873,-0.003604361406530018,2,SIGNAL
2024-01-31 16:00:00+00:00,2024-01-31 16:00:00+00:00,7410,2329.42,2330.58471,18.854628247426902,33.074183136195025,2231.362160591415,43.942308306187236,374160.85657216393,1.0,trend_tsmom,0.1,ETHUSDT,2024-01-31 20:00:00+00:00,2024-01-31 20:00:00+00:00,2323.39,2322.228305,43.784751396427296,43.86350142795132,-157.55690975993932,-245.28396946255384,-0.0055763782099157375,2,SIGNAL
2024-02-02 20:00:00+00:00,2024-02-02 20:00:00+00:00,7423,99.47,99.519735,204.2914768813701,3.0436707428776257,90.38872277136713,20.331033641992576,373077.59472185216,1.0,trend_tsmom,0.1,SOLUSDT,2024-02-03 04:00:00+00:00,2024-02-03 04:00:00+00:00,99.23,99.18038500000002,20.261707329312888,20.296358228161452,-69.32631267968924,-109.9190536509947,-0.005401065501155015,3,SIGNAL
2024-02-02 16:00:00+00:00,2024-02-02 16:00:00+00:00,7422,43242.1,43263.72104999999,1.093173856247531,569.5769513664317,41554.9901959007,47.294768775845974,373587.9794129727,1.0,trend_tsmom,0.1,BTCUSDT,2024-02-03 12:00:00+00:00,2024-02-03 12:00:00+00:00,42995.04,42973.542480000004,46.977553149478695,47.136093442769756,-317.21562636728225,-411.4879482926069,-0.008691804232503783,6,SIGNAL
2024-02-03 08:00:00+00:00,2024-02-03 08:00:00+00:00,7426,99.11,99.159555,214.38847380200136,2.901335953174704,90.45554714047589,21.258665659335612,373207.79219279974,1.0,trend_tsmom,0.1,SOLUSDT,2024-02-03 16:00:00+00:00,2024-02-03 16:00:00+00:00,98.0,97.95100000000001,20.999565397379836,21.129056035554186,-259.1002619557756,-301.35849301249107,-0.014161633679238313,3,SIGNAL
2024-02-05 08:00:00+00:00,2024-02-05 08:00:00+00:00,7438,97.61,97.658805,259.39054440599324,2.394661701416235,90.4748198957513,25.331770594988736,372691.5614391235,1.0,trend_tsmom,0.1,SOLUSDT,2024-02-06 12:00:00+00:00,2024-02-06 12:00:00+00:00,94.29,94.242855,24.445705464825085,24.888522735755565,-886.0651301636514,-935.8426062234652,-0.036906527912023986,8,SIGNAL
2024-02-06 16:00:00+00:00,2024-02-06 16:00:00+00:00,7446,95.76,95.80788,270.0833647124133,2.2980718596148804,88.91366442115536,25.876114596363127,372402.5881174197,1.0,trend_tsmom,0.1,SOLUSDT,2024-02-07 20:00:00+00:00,2024-02-07 20:00:00+00:00,97.09,97.04145500000001,26.20928268298825,26.04278844238965,333.1680866251196,281.0826893457682,0.01085177940500296,8,SIGNAL
2024-02-08 00:00:00+00:00,2024-02-08 00:00:00+00:00,7454,101.14,101.19057,279.4802369895618,2.2318355253186493,94.49506342404405,28.28076448470884,374252.3529226675,1.0,trend_tsmom,0.1,SOLUSDT,2024-02-08 08:00:00+00:00,2024-02-08 08:00:00+00:00,100.82,100.76959,28.163108894540972,28.22191433120392,-117.65559016786575,-174.0994635471156,-0.006149958856421526,3,SIGNAL
2024-02-02 12:00:00+00:00,2024-02-02 12:00:00+00:00,7421,2318.36,2319.51918,19.280753636947924,32.30675197990325,2222.59892406029,44.722077865755466,373739.1154406964,1.0,trend_tsmom,0.1,ETHUSDT,2024-02-10 00:00:00+00:00,2024-02-10 00:00:00+00:00,2486.56,2485.3167200000003,47.91877938810749,46.32123938260913,3196.7015223520284,3104.0606650981654,0.0693384532512349,46,SIGNAL
2024-02-12 20:00:00+00:00,2024-02-12 20:00:00+00:00,7483,2610.25,2611.555125,18.402309696347608,34.465586792351864,2508.158364622944,48.058646199333786,380547.84121152404,1.0,trend_tsmom,0.1,ETHUSDT,2024-04-02 04:00:00+00:00,2024-04-02 04:00:00+00:00,3366.07,3364.386965,61.912490868285005,54.98904574223586,13853.844668951217,13743.873531883599,0.28569559224673785,297,SIGNAL
2024-02-09 08:00:00+00:00,2024-02-09 08:00:00+00:00,7462,46202.01,46225.111005,1.2300000994430027,507.73703051893636,44701.89991344319,56.85689113291384,374709.958817512,1.0,trend_tsmom,0.1,BTCUSDT,2024-04-03 16:00:00+00:00,2024-04-03 16:00:00+00:00,65836.02,65803.10199000001,80.93782199135806,68.9033940206877,24080.930858444226,23943.136145319953,0.4206916075041076,327,SIGNAL
2024-04-04 16:00:00+00:00,2024-04-04 16:00:00+00:00,7794,67648.0,67681.824,0.6437033755782628,1128.5149913097189,64296.279026070835,43.567018574093886,435857.34557804395,1.0,trend_tsmom,0.1,BTCUSDT,2024-04-05 12:00:00+00:00,2024-04-05 12:00:00+00:00,66478.0,66444.761,42.77071694519091,43.16867947640159,-796.3016289029691,-882.639364422254,-0.020239108290502926,6,SIGNAL
2024-04-05 16:00:00+00:00,2024-04-05 16:00:00+00:00,7800,68190.62,68224.71530999999,0.5655029841187409,1272.7956511291102,64406.328356612656,38.58128009845654,431861.84333212057,1.0,trend_tsmom,0.1,BTCUSDT,2024-04-09 20:00:00+00:00,2024-04-09 20:00:00+00:00,69000.78,68966.27961,39.000636923022476,38.791073047708686,419.3568245659324,341.7749075444534,0.008849718651093751,26,SIGNAL
2024-04-10 00:00:00+00:00,2024-04-10 00:00:00+00:00,7826,69146.0,69180.57299999999,0.6452854419647729,1113.7928117711572,65839.19456468652,44.641216623681224,431228.57208056294,1.0,trend_tsmom,0.1,BTCUSDT,2024-04-10 08:00:00+00:00,2024-04-10 08:00:00+00:00,69336.27,69301.601865,44.71931478832326,44.6802964006106,78.09816464202936,-11.262366769975124,-0.0002520342523181217,3,SIGNAL
2024-02-08 16:00:00+00:00,2024-02-08 16:00:00+00:00,7458,104.83,104.882415,280.1856779028945,2.228482609344073,98.19696717196777,29.386550546867706,374633.34635632817,1.0,trend_tsmom,0.1,SOLUSDT,2024-04-12 20:00:00+00:00,2024-04-12 20:00:00+00:00,149.25,149.175375,41.7968035707935,35.59478852078199,12410.253023925792,12339.069669808132,0.4194688623702774,386,SIGNAL
2024-04-19 00:00:00+00:00,2024-04-19 00:00:00+00:00,7880,63470.09,63501.82504499999,0.436623776718398,1621.0199199621507,58638.765285113535,27.726406679658854,424665.50375377765,1.0,trend_tsmom,0.1,BTCUSDT,2024-04-19 04:00:00+00:00,2024-04-19 04:00:00+00:00,61785.14,61754.24743,26.963372741289028,27.344705788161573,-763.033938369825,-817.723717790773,-0.029463133121361416,2,SIGNAL
2024-04-19 08:00:00+00:00,2024-04-19 08:00:00+00:00,7882,64547.18,64579.45359,0.3884024922635415,1818.7652777658404,59123.15775670248,25.08282072337371,423847.78003598686,1.0,trend_tsmom,0.1,BTCUSDT,2024-04-19 20:00:00+00:00,2024-04-19 20:00:00+00:00,64325.26,64293.09737,24.97159925385055,25.027188440040288,-111.22146952316474,-161.27588950038898,-0.006423311656313306,4,SIGNAL
2024-04-21 12:00:00+00:00,2024-04-21 12:00:00+00:00,7895,65234.02,65266.63700999999,0.504458494551202,1399.8062897240095,61067.218140827965,32.92430945048435,423686.50414648646,1.0,trend_tsmom,0.1,BTCUSDT,2024-04-24 00:00:00+00:00,2024-04-24 00:00:00+00:00,66414.0,66380.793,33.48635490389496,33.205480989917895,562.045453410611,495.63478905623174,0.015038725418113236,16,SIGNAL
2024-05-13 20:00:00+00:00,2024-05-13 20:00:00+00:00,8029,148.8,148.8744,180.91913644116326,3.9076586671037514,137.15142399868876,26.934227886196318,424182.13893554267,1.0,trend_tsmom,0.1,SOLUSDT,2024-05-15 00:00:00+00:00,2024-05-15 00:00:00+00:00,142.03,141.958985,25.683096976264054,26.308356225589158,-1251.1309099322664,-1303.7482347947268,-0.048356529636151904,8,SIGNAL
2024-05-17 16:00:00+00:00,2024-05-17 16:00:00+00:00,8052,3111.54,3113.09577,15.093635307287249,47.25249501238024,2971.3382849628592,46.987932229038584,427927.1562457662,1.0,trend_tsmom,0.1,ETHUSDT,2024-05-19 12:00:00+00:00,2024-05-19 12:00:00+00:00,3102.59,3101.0387050000004,46.805947287052334,46.896905986031825,-181.98494198624996,-275.77882150234086,-0.0058632781889877555,12,SIGNAL
2024-05-15 16:00:00+00:00,2024-05-15 16:00:00+00:00,8040,151.61,151.68580500000002,179.20531973695705,3.932903994530423,139.88709301640876,27.182903184582724,422878.39070074796,1.0,trend_tsmom,0.1,SOLUSDT,2024-06-14 16:00:00+00:00,2024-06-14 16:00:00+00:00,143.78,143.70811,25.753257801343796,26.467729698549658,-1429.6453832389257,-1482.5815442248522,-0.05448647018031188,181,SIGNAL
2024-05-15 16:00:00+00:00,2024-05-15 16:00:00+00:00,8040,64725.12,64757.48256,0.7801980795347059,903.3568991286246,62047.41186261412,50.523663528814204,422878.39070074796,1.0,trend_tsmom,0.1,BTCUSDT,2024-06-14 20:00:00+00:00,2024-06-14 20:00:00+00:00,65520.02,65487.25999,51.09303447818798,50.808504048358415,569.3709493737747,467.75425136677256,0.009248873335083297,182,SIGNAL
2024-06-15 04:00:00+00:00,2024-06-15 04:00:00+00:00,8223,66267.87,66301.00393499999,0.813651318137436,879.4494938316869,63662.65545350492,53.94589924554807,429339.1439348717,1.0,trend_tsmom,0.1,BTCUSDT,2024-06-15 08:00:00+00:00,2024-06-15 08:00:00+00:00,66076.99,66043.951505,53.73674819704816,53.84128489385024,-209.15104849991596,-316.8336959425122,-0.005867307491215271,2,SIGNAL
2024-06-15 16:00:00+00:00,2024-06-15 16:00:00+00:00,8226,66316.02,66349.17801,0.8972808680384301,798.9560172739426,63952.30995817817,59.53384803844912,430132.76922245417,1.0,trend_tsmom,0.1,BTCUSDT,2024-06-16 08:00:00+00:00,2024-06-16 08:00:00+00:00,66266.3,66233.16685000001,59.42975344410218,59.48178958806853,-104.09459434694033,-223.05819582949164,-0.0037430028095127906,5,SIGNAL
2024-06-16 12:00:00+00:00,2024-06-16 12:00:00+00:00,8231,66492.83,66526.076415,1.0195124254348338,702.4917651081217,64418.60111967564,67.82416152051975,429719.44997602724,1.0,trend_tsmom,0.1,BTCUSDT,2024-06-16 16:00:00+00:00,2024-06-16 16:00:00+00:00,66712.8,66679.44360000001,67.98052127128122,67.90239746142845,156.35975076147312,20.55506796967215,0.00030276133129966275,2,SIGNAL
2024-05-20 00:00:00+00:00,2024-05-20 00:00:00+00:00,8066,3071.2,3072.7355999999995,18.08565119747615,39.34772575995717,2954.692422720128,55.57242428366759,426977.5461051195,1.0,trend_tsmom,0.1,ETHUSDT,2024-06-20 00:00:00+00:00,2024-06-20 00:00:00+00:00,3560.51,3558.7297450000005,64.36194487415325,59.96939695139595,8789.520590485667,8669.586221327845,0.15584933368791704,187,SIGNAL
2024-07-18 12:00:00+00:00,2024-07-18 12:00:00+00:00,8423,3458.83,3460.5594149999997,12.838116479884375,56.18013585372347,3292.0190074388292,44.42706485533053,432748.2767674982,1.0,trend_tsmom,0.1,ETHUSDT,2024-07-18 16:00:00+00:00,2024-07-18 16:00:00+00:00,3389.29,3387.595355,43.490343754205256,43.95848111411067,-936.7211011252697,-1024.6385097348054,-0.023040344847745402,2,SIGNAL
2024-07-21 00:00:00+00:00,2024-07-21 00:00:00+00:00,8438,3517.5,3519.25875,14.702415198232066,49.39834146667483,3371.0637255999754,51.74160333251118,435764.9558082584,1.0,trend_tsmom,0.1,ETHUSDT,2024-07-21 12:00:00+00:00,2024-07-21 12:00:00+00:00,3498.79,3497.040605,51.41494293978666,51.57820436559868,-326.66039272452116,-429.81693899681903,-0.008298690488695649,4,SIGNAL
2024-07-21 16:00:00+00:00,2024-07-21 16:00:00+00:00,8442,3499.95,3501.6999749999995,15.848872066511515,45.82436348924082,3364.226884532277,55.49799491908156,435758.6846821793,1.0,trend_tsmom,0.1,ETHUSDT,2024-07-21 20:00:00+00:00,2024-07-21 20:00:00+00:00,3490.72,3488.97464,55.29631271266307,55.3971172445939,-201.68220641849547,-312.4765140502401,-0.005624786087419707,2,SIGNAL
2024-07-22 00:00:00+00:00,2024-07-22 00:00:00+00:00,8444,3535.93,3537.697965,14.59916440735998,50.02568804903983,3387.6209008528804,51.64743421461783,438199.94665154145,1.0,trend_tsmom,0.1,ETHUSDT,2024-07-22 08:00:00+00:00,2024-07-22 08:00:00+00:00,3478.9,3477.16055,50.76363854023626,51.20532822984105,-883.795674381577,-986.2067471364311,-0.019075904555428465,3,SIGNAL
2024-07-22 12:00:00+00:00,2024-07-22 12:00:00+00:00,8447,3500.3,3502.05015,14.582366444176172,49.818018041045526,3352.5960958768633,51.06817859318213,435878.7567582633,1.0,trend_tsmom,0.1,ETHUSDT,2024-07-22 16:00:00+00:00,2024-07-22 16:00:00+00:00,3457.15,3455.4214250000005,50.38822143840742,50.72804270850925,-679.9571547747124,-781.4135548063019,-0.01528609289364074,2,SIGNAL
2024-07-22 20:00:00+00:00,2024-07-22 20:00:00+00:00,8449,3498.18,3499.9290899999996,14.235888285080344,51.05738628204357,3346.756931153869,49.824599530942905,436108.3483436196,1.0,trend_tsmom,0.1,ETHUSDT,2024-07-23 00:00:00+00:00,2024-07-23 00:00:00+00:00,3439.61,3437.8901950000004,48.94142075239309,49.38280169266695,-883.1787785498186,-981.9447988331547,-0.019688343593989993,2,SIGNAL
2024-07-23 12:00:00+00:00,2024-07-23 12:00:00+00:00,8453,3516.01,3517.768005,13.202509894902853,54.586262797888736,3354.0092166063337,46.44336689398517,432405.4048289361,1.0,trend_tsmom,0.1,ETHUSDT,2024-07-23 16:00:00+00:00,2024-07-23 16:00:00+00:00,3454.38,3452.6528100000005,45.58368288768914,46.01332147315663,-859.6840062960209,-951.7110560776953,-0.020471390413020322,2,SIGNAL
2024-07-24 00:00:00+00:00,2024-07-24 00:00:00+00:00,8456,3482.51,3484.251255,12.327042359026537,58.18527331633984,3309.6954350509804,42.95051280987637,430351.39730523457,1.0,trend_tsmom,0.1,ETHUSDT,,2024-07-24 20:00:00+00:00,3309.6954350509804,3308.0405873334553,40.778356445438526,41.86390205453682,-2172.156364437846,-2255.885233693161,-0.052470423626067915,6,STOP
2024-07-19 16:00:00+00:00,2024-07-19 16:00:00+00:00,8430,65836.76,65869.67838,0.6986740638510888,1034.9097798604769,62764.94904041856,46.0214358783188,433838.77296861296,1.0,trend_tsmom,0.1,BTCUSDT,,2024-08-01 12:00:00+00:00,62764.94904041856,62733.566565898356,43.830315892468995,44.925339336732854,-2191.119985849804,-2280.9717376205917,-0.04951373204871108,78,STOP
2024-08-04 08:00:00+00:00,2024-08-04 08:00:00+00:00,8524,2893.24,2894.6866199999995,11.110014181205386,62.786868492519375,2706.3260145224413,32.16000939834548,418537.7996072208,1.0,trend_tsmom,0.1,ETHUSDT,2024-08-04 12:00:00+00:00,2024-08-04 12:00:00+00:00,2914.22,2912.76289,32.360837014388785,32.26048147838642,200.82761604330278,136.3067696305685,0.004234159180268848,2,SIGNAL
2024-07-14 16:00:00+00:00,2024-07-14 16:00:00+00:00,8400,145.9,145.97295,225.97593064632537,3.1694970990553224,136.46445870283404,32.98637322543952,429738.033983913,1.0,trend_tsmom,0.1,SOLUSDT,,2024-08-04 12:00:00+00:00,136.46445870283404,136.3962264734826,30.822264213992195,31.903785668408933,-2164.109011447325,-2227.9176488867565,-0.0674730726448382,126,STOP
2024-08-06 08:00:00+00:00,2024-08-06 08:00:00+00:00,8536,141.98,142.05098999999998,83.69999700028093,8.316236021137605,117.10228193658716,11.889667436886935,417641.3580137075,1.0,trend_tsmom,0.1,SOLUSDT,2024-08-06 12:00:00+00:00,2024-08-06 12:00:00+00:00,139.46,139.39027000000002,11.66696518086835,11.778263577878489,-222.7022560185849,-246.25888863634017,-0.020691316814912784,2,SIGNAL
2024-08-07 00:00:00+00:00,2024-08-07 00:00:00+00:00,8540,56022.0,56050.011,0.37707924287185707,1844.2228702335244,50517.342389299425,21.13529571083926,417250.8981567723,1.0,trend_tsmom,0.1,BTCUSDT,2024-08-07 12:00:00+00:00,2024-08-07 12:00:00+00:00,56963.39,56934.908305000004,21.468972116628006,21.302222658388313,333.676405788749,291.0721379612817,0.013758092651410102,4,SIGNAL
2024-08-07 16:00:00+00:00,2024-08-07 16:00:00+00:00,8544,56094.51,56122.557255,0.4001033222081812,1740.7242197606445,50900.38459571807,22.45482160854436,417881.72602468677,1.0,trend_tsmom,0.1,BTCUSDT,2024-08-07 20:00:00+00:00,2024-08-07 20:00:00+00:00,54760.97,54733.58951500001,21.899091001330376,22.176822916488053,-555.7306072139863,-600.084519823861,-0.026697385765957714,2,SIGNAL
2024-08-08 08:00:00+00:00,2024-08-08 08:00:00+00:00,8548,57193.48,57222.07674,0.40733582848765526,1709.149554958918,52094.62807512324,23.308602036672088,417718.70998709893,1.0,trend_tsmom,0.1,BTCUSDT,2024-08-08 12:00:00+00:00,2024-08-08 12:00:00+00:00,57320.51,57291.84974500001,23.337023081469837,23.32282549503398,28.421044797752394,-18.22458032038953,-0.0007811010680863006,2,SIGNAL
2024-08-08 16:00:00+00:00,2024-08-08 16:00:00+00:00,8550,59428.03,59457.744015,0.4063510770787821,1715.6046733504236,54310.929994948725,24.16071832116976,418282.684114402,1.0,trend_tsmom,0.1,BTCUSDT,2024-08-13 04:00:00+00:00,2024-08-13 04:00:00+00:00,59040.0,59010.48,23.97897210693593,24.06980579494852,-181.74621423382786,-229.88590466193355,-0.009505356809374907,28,SIGNAL
2024-08-06 16:00:00+00:00,2024-08-06 16:00:00+00:00,8538,145.9,145.97295,83.8903036921339,8.292478009076689,121.09551597276993,12.245715106336677,417395.0991250712,1.0,trend_tsmom,0.1,SOLUSDT,2024-08-13 04:00:00+00:00,2024-08-13 04:00:00+00:00,143.66,143.58817,12.04565518789775,12.145638168546915,-200.0599184389276,-224.35128873316205,-0.018302496801972264,40,SIGNAL
2024-08-13 20:00:00+00:00,2024-08-13 20:00:00+00:00,8581,60820.16,60850.57008,0.5255181504066495,1321.4155751684664,56886.3233544946,31.978079039631805,416656.7213886428,1.0,trend_tsmom,0.1,BTCUSDT,2024-08-14 00:00:00+00:00,2024-08-14 00:00:00+00:00,60587.16,60556.866420000006,31.823732435460943,31.900875126109877,-154.34660417085922,-218.14841564595199,-0.006814996138157661,2,SIGNAL
2024-08-13 08:00:00+00:00,2024-08-13 08:00:00+00:00,8578,145.99,146.062995,130.2234787319311,5.33203419519436,130.0668924144169,19.02083132290466,416613.6249694932,1.0,trend_tsmom,0.1,SOLUSDT,2024-08-14 00:00:00+00:00,2024-08-14 00:00:00+00:00,146.65,146.57667500000002,19.08772451945968,19.054299408052835,66.89319655502125,28.784640712656913,0.0015118100959762779,5,SIGNAL
2024-08-24 08:00:00+00:00,2024-08-24 08:00:00+00:00,8644,64315.0,64347.157499999994,0.6864440300221094,1011.0663141784662,61313.9585574646,44.1707221147674,416424.2611945599,1.0,trend_tsmom,0.1,BTCUSDT,2024-08-24 12:00:00+00:00,2024-08-24 12:00:00+00:00,63905.0,63873.0475,43.84527213569363,44.00792676471284,-325.4499790737777,-413.4659733242387,-0.009351282945536015,2,SIGNAL
2024-09-04 04:00:00+00:00,2024-09-04 04:00:00+00:00,8709,2372.99,2374.1764949999997,13.530316924195565,51.24427825698909,2220.4436602290325,32.123360411325805,416010.7952212357,1.0,trend_tsmom,0.1,ETHUSDT,2024-09-05 04:00:00+00:00,2024-09-05 04:00:00+00:00,2405.56,2404.35722,32.5317151855778,32.32764796905733,408.35477425199446,343.69969865509086,0.010688680695800435,7,SIGNAL
2024-09-04 04:00:00+00:00,2024-09-04 04:00:00+00:00,8709,127.7,127.76384999999999,187.05474886642435,3.7066758773595634,116.6438223679213,23.898834875957508,416010.7952212357,1.0,trend_tsmom,0.1,SOLUSDT,2024-09-05 04:00:00+00:00,2024-09-05 04:00:00+00:00,131.6,131.5342,24.604096748346034,24.251648190528893,705.2618723885245,656.7589407642209,0.027453339936096274,7,SIGNAL
2024-09-04 04:00:00+00:00,2024-09-04 04:00:00+00:00,8709,56653.99,56682.316994999994,0.7433549050236841,932.7325624449002,53884.11930766529,42.13507836634057,416010.7952212357,1.0,trend_tsmom,0.1,BTCUSDT,2024-09-05 16:00:00+00:00,2024-09-05 16:00:00+00:00,55976.01,55948.021995,41.589236576356214,41.86203147640509,-545.8417899843594,-629.5661049270562,-0.01492668797933744,10,SIGNAL
2024-09-06 00:00:00+00:00,2024-09-06 00:00:00+00:00,8720,56180.0,56208.09,0.7388501515271423,939.2560563985843,53390.32183080424,41.52935581355125,416381.687755728,1.0,trend_tsmom,0.1,BTCUSDT,2024-09-06 04:00:00+00:00,2024-09-06 04:00:00+00:00,56588.01,56559.715995000006,41.78915473323789,41.65933063795169,259.7989196866391,176.48040913984997,0.00424528870195685,2,SIGNAL
2024-09-13 16:00:00+00:00,2024-09-13 16:00:00+00:00,8766,59666.01,59695.843004999995,0.7760957174805332,894.5592637231983,57012.1652138304,46.329688107570746,416558.16816486785,1.0,trend_tsmom,0.1,BTCUSDT,2024-09-16 04:00:00+00:00,2024-09-16 04:00:00+00:00,58575.09,58545.802455,45.43714656178679,45.88320567008781,-892.5415457839554,-984.3083804533129,-0.021224512738242017,16,SIGNAL
2024-09-19 16:00:00+00:00,2024-09-19 16:00:00+00:00,8802,142.96,143.03148,256.78458499545206,2.707651913561413,134.90852425931575,36.728279233085296,417169.9637616054,1.0,trend_tsmom,0.1,SOLUSDT,2024-09-19 20:00:00+00:00,2024-09-19 20:00:00+00:00,143.04,142.96848,36.71210180423059,36.720195654342525,-16.177428854710445,-89.61780989202634,-0.0024375844303037133,2,SIGNAL
2024-09-20 00:00:00+00:00,2024-09-20 00:00:00+00:00,8804,142.88,142.95144,260.7602868234179,2.664705851989174,134.95732244403246,37.276058496220614,416909.67735884234,1.0,trend_tsmom,0.1,SOLUSDT,2024-09-22 16:00:00+00:00,2024-09-22 16:00:00+00:00,143.12,143.04844,37.301352244042484,37.28872101574894,25.29374782187373,-49.28366291838937,-0.001320805645127188,17,SIGNAL
2024-09-17 16:00:00+00:00,2024-09-17 16:00:00+00:00,8790,61135.49,61166.05774499999,0.8283676788379962,836.1300390332434,58657.667627900264,50.667985277896484,415573.8597844146,1.0,trend_tsmom,0.1,BTCUSDT,2024-09-22 20:00:00+00:00,2024-09-22 20:00:00+00:00,63160.0,63128.420000000006,52.29354274411014,51.481183270655315,1625.557466213658,1522.5959381916514,0.030020433119370155,32,SIGNAL
2024-09-23 04:00:00+00:00,2024-09-23 04:00:00+00:00,8823,64354.0,64386.176999999996,0.834441169649222,832.8079706027972,61887.7530881916,53.72647684512184,416957.5542497958,1.0,trend_tsmom,0.1,BTCUSDT,2024-09-23 08:00:00+00:00,2024-09-23 08:00:00+00:00,63548.83,63517.055585,53.001246155022045,53.363693533319385,-725.230690099782,-831.9584130999259,-0.015469603343059617,2,SIGNAL
2024-09-24 20:00:00+00:00,2024-09-24 20:00:00+00:00,8833,64292.35,64324.49617499999,0.8559587767542046,810.2524076658692,61893.738952002386,55.05911706128351,416125.59583669587,1.0,trend_tsmom,0.1,BTCUSDT,2024-09-25 12:00:00+00:00,2024-09-25 12:00:00+00:00,63838.01,63806.090995000006,54.61538359754768,54.837153105329804,-443.7334637358321,-553.4079643946633,-0.01004111832505456,5,SIGNAL
2024-09-26 12:00:00+00:00,2024-09-26 12:00:00+00:00,8843,2628.79,2630.104395,16.80387489468858,41.31976023942685,2506.145114281719,44.195945213550594,416599.2490451137,1.0,trend_tsmom,0.1,ETHUSDT,,2024-10-01 12:00:00+00:00,2506.145114281719,2504.8920417245786,42.09189249384087,43.14340362635881,-2104.0527197097285,-2190.34055741712,-0.0495102524550423,31,STOP
2024-09-26 16:00:00+00:00,2024-09-26 16:00:00+00:00,8844,157.12,157.19856,208.03358544916023,3.346180418270532,147.16001874518838,32.70258006424494,417670.74598355364,1.0,trend_tsmom,0.1,SOLUSDT,,2024-10-01 12:00:00+00:00,147.16001874518838,147.0864387358158,30.598919221160006,31.650231640045224,-2103.6608430849333,-2166.9623423703383,-0.0661965368045188,30,STOP
2024-09-26 00:00:00+00:00,2024-09-26 00:00:00+00:00,8840,63152.01,63183.586005,0.895268352483147,773.6454786985676,60862.64956890429,56.56626494667357,415572.1878723012,1.0,trend_tsmom,0.1,BTCUSDT,,2024-10-01 20:00:00+00:00,60862.64956890429,60832.218244119846,54.46115980530841,55.51319997799732,-2105.10514136516,-2216.132566117142,-0.03913849799976697,36,STOP
2024-10-02 00:00:00+00:00,2024-10-02 00:00:00+00:00,8876,2447.78,2449.00389,14.9066742399274,45.72881760025061,2311.817437199248,36.506503200545,408998.75240639667,1.0,trend_tsmom,0.1,ETHUSDT,2024-10-02 12:00:00+00:00,2024-10-02 12:00:00+00:00,2455.22,2453.99239,36.580865144990874,36.54371189917708,74.3619444458768,1.27457610034093,3.487879380143913e-05,4,SIGNAL
2024-10-05 08:00:00+00:00,2024-10-05 08:00:00+00:00,8896,2415.11,2416.317555,16.08802155085119,42.371071513229616,2289.2043404603114,38.873768898540064,409000.026982497,1.0,trend_tsmom,0.1,ETHUSDT,2024-10-10 20:00:00+00:00,2024-10-10 20:00:00+00:00,2367.13,2365.9464350000003,38.06339723443955,38.468390090667654,-810.3716641005082,-887.3088302334878,-0.02280258469764563,34,SIGNAL
2024-10-11 04:00:00+00:00,2024-10-11 04:00:00+00:00,8931,2411.18,2412.38559,16.88949699446513,40.27283132292281,2291.5670960312314,40.74397917179599,408112.71815226355,1.0,trend_tsmom,0.1,ETHUSDT,2024-10-23 04:00:00+00:00,2024-10-23 04:00:00+00:00,2616.49,2615.181755,44.16910439105255,42.457408677076934,3425.125219256558,3340.212135693709,0.08189861000967585,73,SIGNAL
2024-10-30 04:00:00+00:00,2024-10-30 04:00:00+00:00,9045,2641.71,2643.030855,16.60419903925958,41.300088139863774,2519.130590580409,43.88541038332443,411452.93028795725,1.0,trend_tsmom,0.1,ETHUSDT,,2024-10-31 16:00:00+00:00,2519.130590580409,2517.871025285119,41.807231659018704,42.84581218793962,-2078.178724305723,-2163.871366348066,-0.0492580481260073,10,STOP
2024-11-05 04:00:00+00:00,2024-11-05 04:00:00+00:00,9081,2420.4,2421.6102,16.429630419949685,41.519402086349814,2297.051993740951,39.78616060718044,409289.0589216092,1.0,trend_tsmom,0.1,ETHUSDT,2024-11-05 16:00:00+00:00,2024-11-05 16:00:00+00:00,2441.2,2439.9794,40.08795977429058,39.937145624807705,301.79916711014124,221.92504672867022,0.005572373408286922,4,SIGNAL
2024-12-10 20:00:00+00:00,2024-12-10 20:00:00+00:00,9295,212.09,212.196045,95.8556013463473,7.36536913306386,190.0999376008084,20.34017949679157,423607.13243259664,1.0,trend_tsmom,0.1,SOLUSDT,2024-12-16 04:00:00+00:00,2024-12-16 04:00:00+00:00,221.25,221.139375,21.197447771980404,20.769033143712445,857.2682751888285,815.7306479200565,0.04006433337111957,33,SIGNAL
2024-12-16 08:00:00+00:00,2024-12-16 08:00:00+00:00,9328,223.12,223.23156,139.04114436944823,5.143278224038507,207.80172532788447,31.038371561777147,429076.37404846644,1.0,trend_tsmom,0.1,SOLUSDT,2024-12-16 12:00:00+00:00,2024-12-16 12:00:00+00:00,214.11,214.00294500000004,29.755214371232096,30.396479776322945,-1283.1571905450503,-1343.9507764780597,-0.04325639847559313,2,SIGNAL
2024-12-16 16:00:00+00:00,2024-12-16 16:00:00+00:00,9330,216.97,217.078485,133.23657423469209,5.345008597194752,201.04345920841575,28.92279368145699,427290.3808471236,1.0,trend_tsmom,0.1,SOLUSDT,2024-12-17 04:00:00+00:00,2024-12-17 04:00:00+00:00,215.45,215.342275,28.691467008904976,28.807079715281386,-231.3266725520147,-288.9409332423767,-0.009980096810166587,4,SIGNAL
2024-12-20 16:00:00+00:00,2024-12-20 16:00:00+00:00,9354,96991.63,97040.12581499999,0.31313155159408196,2232.092925347273,90343.84703895818,30.386325163335876,419363.232609699,1.0,trend_tsmom,0.1,BTCUSDT,2024-12-21 20:00:00+00:00,2024-12-21 20:00:00+00:00,97269.03,97220.395485,30.44277328480833,30.41457093974064,56.448121472455874,-4.3809769756883306,-0.0001440319075040315,8,SIGNAL
2024-11-06 04:00:00+00:00,2024-11-06 04:00:00+00:00,9087,2579.31,2580.599655,13.481013262115843,50.628116250868175,2428.7153062473953,34.78909817326657,409510.9839683379,1.0,trend_tsmom,0.1,ETHUSDT,2024-12-22 00:00:00+00:00,2024-12-22 00:00:00+00:00,3338.92,3337.2505400000005,44.98951878874326,39.891868559121285,10200.420615476696,10120.641998514686,0.2906235573193732,276,SIGNAL
2024-12-22 12:00:00+00:00,2024-12-22 12:00:00+00:00,9365,3381.03,3382.720515,6.917417320577728,100.90714123468517,3079.9990912959447,23.399689481134615,418810.08392807655,1.0,trend_tsmom,0.1,ETHUSDT,2024-12-22 16:00:00+00:00,2024-12-22 16:00:00+00:00,3302.38,3300.72881,22.832518640823913,23.11596804725995,-567.170840310699,-613.4030484326574,-0.026187965385973563,2,SIGNAL
2024-12-23 04:00:00+00:00,2024-12-23 04:00:00+00:00,9369,3351.0,3352.6755,6.749312003464812,103.26896545528379,3042.8686036341487,22.62825299587239,418196.6808796439,1.0,trend_tsmom,0.1,ETHUSDT,2024-12-23 08:00:00+00:00,2024-12-23 08:00:00+00:00,3305.2,3303.5474,22.29667212083497,22.462385278729364,-331.580875037419,-376.50580015412635,-0.016622125912780467,2,SIGNAL
2024-12-24 00:00:00+00:00,2024-12-24 00:00:00+00:00,9374,3422.53,3424.241265,6.748731987928475,103.18485897964459,3114.6866880610664,23.10928655949017,417820.17507948977,1.0,trend_tsmom,0.1,ETHUSDT,2024-12-24 04:00:00+00:00,2024-12-24 04:00:00+00:00,3396.95,3395.251525,22.91364257383044,23.01142140851655,-195.64398565972954,-241.66691479305013,-0.010447119978466037,2,SIGNAL
2024-12-24 16:00:00+00:00,2024-12-24 16:00:00+00:00,9378,98299.99,98349.139995,0.3578101953655231,1947.5576304461306,92506.46710366162,35.190324995642136,418113.5857413272,1.0,trend_tsmom,0.1,BTCUSDT,2024-12-25 12:00:00+00:00,2024-12-25 12:00:00+00:00,97907.61,97858.656195,35.01482489134051,35.102539844099184,-175.50010430162482,-245.70525418860746,-0.006975206805410585,6,SIGNAL
2024-12-24 12:00:00+00:00,2024-12-24 12:00:00+00:00,9377,3414.56,3416.2672799999996,7.2912309670011615,95.45221971767276,3129.910620846981,24.908793783488825,417578.50816469674,1.0,trend_tsmom,0.1,ETHUSDT,2024-12-25 12:00:00+00:00,2024-12-25 12:00:00+00:00,3471.04,3469.3044800000002,25.295500258531863,25.102249973186872,386.70647504303884,336.50218100101813,0.013495876914315494,7,SIGNAL
2024-12-25 20:00:00+00:00,2024-12-25 20:00:00+00:00,9385,3481.21,3482.950605,8.258772545762872,84.31540490523706,3230.004390284289,28.764896834822185,417805.05072975124,1.0,trend_tsmom,0.1,ETHUSDT,2024-12-27 08:00:00+00:00,2024-12-27 08:00:00+00:00,3326.01,3324.3469950000003,27.45502569489531,28.109640824482682,-1309.8711399268789,-1366.0910624565963,-0.047444158898159734,10,SIGNAL
2024-12-25 16:00:00+00:00,2024-12-25 16:00:00+00:00,9384,98519.99,98569.249995,0.3870697063089136,1798.4241523936025,93173.9775378192,38.15317064665454,417669.30509150913,1.0,trend_tsmom,0.1,BTCUSDT,2024-12-27 16:00:00+00:00,2024-12-27 16:00:00+00:00,94573.75,94526.46312500001,36.588330320214105,37.37036861594139,-1564.8403264404305,-1639.5818274072992,-0.042930740899443404,13,SIGNAL
2025-01-02 08:00:00+00:00,2025-01-02 08:00:00+00:00,9430,95822.01,95869.921005,0.5462609049338559,1265.1574502720296,92074.44865418391,52.36998980412858,414663.63220164523,1.0,trend_tsmom,0.1,BTCUSDT,2025-01-03 08:00:00+00:00,2025-01-03 08:00:00+00:00,96304.0,96255.848,52.58080663365569,52.4754640419675,210.81682952710457,105.8660330893203,0.00201948240227013,7,SIGNAL
2025-01-03 12:00:00+00:00,2025-01-03 12:00:00+00:00,9437,96757.57,96805.948785,0.5695723087778917,1213.6869830296841,93164.88783591095,55.13798775290679,414769.4982347346,1.0,trend_tsmom,0.1,BTCUSDT,2025-01-04 00:00:00+00:00,2025-01-04 00:00:00+00:00,98174.17,98125.082915,55.88933002491861,55.513860602937555,751.3422720118187,640.3149542339933,0.011601353350464184,4,SIGNAL
2025-01-05 00:00:00+00:00,2025-01-05 00:00:00+00:00,9446,98220.51,98269.62025499999,0.6559084725645233,1055.5583859761362,95102.94509707158,64.45587652095278,415409.8131889686,1.0,trend_tsmom,0.1,BTCUSDT,2025-01-05 12:00:00+00:00,2025-01-05 12:00:00+00:00,97641.62,97592.79919,64.01194385000916,64.23381526075556,-443.9326709436321,-572.4004913145941,-0.00887162960953695,4,SIGNAL
2025-01-06 16:00:00+00:00,2025-01-06 16:00:00+00:00,9456,102147.95,102199.02397499999,0.6245723136831514,1106.9906121073625,98878.0521386779,63.8306808602256,414837.412697654,1.0,trend_tsmom,0.1,BTCUSDT,,2025-01-07 12:00:00+00:00,98878.0521386779,98828.61311260857,61.72561554983896,62.77763763310518,-2105.0653103866357,-2230.6216067967002,-0.03491100492038902,6,STOP
2025-01-19 12:00:00+00:00,2025-01-19 12:00:00+00:00,9533,3149.98,3151.5549899999996,8.80110311617535,79.5943461850408,2912.7719514448772,27.737160443286967,420310.82894346124,1.0,trend_tsmom,0.1,ETHUSDT,2025-01-19 20:00:00+00:00,2025-01-19 20:00:00+00:00,3418.93,3417.220535,30.075310299246897,28.90682713543353,2338.1498559599254,2280.3373852173913,0.08213022852679365,3,SIGNAL
2025-01-17 20:00:00+00:00,2025-01-17 20:00:00+00:00,9523,105834.93,105887.84746499998,0.4557424696419747,1508.0306197996458,101363.75560560105,48.257589108771796,412364.159377925,1.0,trend_tsmom,0.1,BTCUSDT,,2025-01-19 20:00:00+00:00,101363.75560560105,101313.07372779826,46.17267042772624,47.21462034222761,-2084.918681045562,-2179.34894058206,-0.0451156348466961,13,STOP
2025-01-21 20:00:00+00:00,2025-01-21 20:00:00+00:00,9547,3332.16,3333.82608,6.950670535013516,99.99639391943566,3033.836898241693,23.172326703115612,417025.19329405564,1.0,trend_tsmom,0.1,ETHUSDT,2025-01-22 04:00:00+00:00,2025-01-22 04:00:00+00:00,3330.98,3329.31451,23.140968266449963,23.15664543433379,-31.3584366656486,-77.67173163521417,-0.003348569114006304,3,SIGNAL
2025-01-22 16:00:00+00:00,2025-01-22 16:00:00+00:00,9552,3278.39,3280.0291949999996,7.7783732014618145,89.44420727422516,3011.6965731773244,25.513291190400366,417438.2549326973,1.0,trend_tsmom,0.1,ETHUSDT,2025-01-22 20:00:00+00:00,2025-01-22 20:00:00+00:00,3262.0,3260.369,25.360366856476855,25.436797151551332,-152.9243339235095,-203.7979919703867,-0.007979934695740796,2,SIGNAL
2025-01-25 20:00:00+00:00,2025-01-25 20:00:00+00:00,9571,3340.29,3341.9601449999996,9.576010786637552,72.64384313088611,3124.028615607341,32.00264639703279,417382.93524250295,1.0,trend_tsmom,0.1,ETHUSDT,2025-01-26 00:00:00+00:00,2025-01-26 00:00:00+00:00,3318.76,3317.1006200000006,31.764591317482118,31.883567314371675,-238.0550795506757,-301.82231726519063,-0.009421745712150799,2,SIGNAL
2025-01-26 08:00:00+00:00,2025-01-26 08:00:00+00:00,9574,3338.57,3340.239285,10.345910674516654,67.19869125434346,3138.64321123697,34.557817274121376,417138.99429711653,1.0,trend_tsmom,0.1,ETHUSDT,2025-01-26 12:00:00+00:00,2025-01-26 12:00:00+00:00,3312.3,3310.6438500000004,34.25162554723792,34.40465346390863,-306.19172688346094,-375.0011697048202,-0.01084057306600199,2,SIGNAL
2025-01-31 16:00:00+00:00,2025-01-31 16:00:00+00:00,9606,3427.65,3429.363825,9.704844263435044,71.16585351990648,3215.8662644402802,33.28144184428291,414392.11517107376,1.0,trend_tsmom,0.1,ETHUSDT,2025-01-31 20:00:00+00:00,2025-01-31 20:00:00+00:00,3339.07,3337.400465,32.3889517575407,32.83498188713376,-892.4900867422092,-958.1604803440327,-0.028760871645691466,2,SIGNAL
2025-01-17 12:00:00+00:00,2025-01-17 12:00:00+00:00,9521,218.77,218.87938499999998,125.82906930174704,5.465175805300825,202.4838575840975,27.54138930388877,412606.79109085724,1.0,trend_tsmom,0.1,SOLUSDT,2025-02-02 04:00:00+00:00,2025-02-02 04:00:00+00:00,207.11,207.006445,26.04742831381329,26.794042017110847,-1493.9609900754808,-1547.5498076931829,-0.05613383503754482,95,SIGNAL
2025-02-02 08:00:00+00:00,2025-02-02 08:00:00+00:00,9616,211.77,211.875885,95.55824459855307,7.137771972757587,190.46256908172725,20.246487643364905,409243.77603687975,1.0,trend_tsmom,0.1,SOLUSDT,2025-02-02 12:00:00+00:00,2025-02-02 12:00:00+00:00,208.67,208.565665,19.93016883092988,20.088254179507114,-316.3188124350238,-356.49546890931856,-0.017590178398002348,2,SIGNAL
2025-02-04 16:00:00+00:00,2025-02-04 16:00:00+00:00,9630,215.65,215.757825,70.90148835281497,9.61453847850112,186.91420956449664,15.29755091626619,409011.052770683,1.0,trend_tsmom,0.1,SOLUSDT,2025-02-04 20:00:00+00:00,2025-02-04 20:00:00+00:00,208.29,208.185855,14.760686973503326,15.028988486144739,-536.8639427628639,-566.9221806526334,-0.03702264682287073,2,SIGNAL
2025-02-03 16:00:00+00:00,2025-02-03 16:00:00+00:00,9624,98842.0,98891.42099999999,0.3468294964183136,1964.8813263698908,92996.77702089031,34.29846174552144,408887.2805679704,1.0,trend_tsmom,0.1,BTCUSDT,2025-02-05 00:00:00+00:00,2025-02-05 00:00:00+00:00,97763.14,97714.25843,33.890187044165856,34.094230849720915,-408.274701355583,-476.4633501452703,-0.013877804967292458,9,SIGNAL
2025-02-07 12:00:00+00:00,2025-02-07 12:00:00+00:00,9647,198.47,198.569235,89.58220087401686,7.589033280906683,175.80213515727993,17.78826909716986,407905.38228586904,1.0,trend_tsmom,0.1,SOLUSDT,2025-02-08 00:00:00+00:00,2025-02-08 00:00:00+00:00,192.0,191.904,17.191182676527333,17.489580987638387,-597.0864206425274,-632.0658724162246,-0.03549723891228453,4,SIGNAL
2025-02-07 04:00:00+00:00,2025-02-07 04:00:00+00:00,9645,97444.04,97492.76202,0.38493232409321265,1765.8683943033914,92195.15683708982,37.52811546662509,407843.8950371725,1.0,trend_tsmom,0.1,BTCUSDT,2025-02-13 12:00:00+00:00,2025-02-13 12:00:00+00:00,95925.12,95877.15744,36.90621704083005,37.21702008337653,-621.8984257950384,-696.3327583024935,-0.018536425624675022,39,SIGNAL
2025-02-14 00:00:00+00:00,2025-02-14 00:00:00+00:00,9686,96608.13,96656.434065,0.5314819502895503,1275.1370083792071,92831.02303986237,51.37115008489952,406627.3824598582,1.0,trend_tsmom,0.1,BTCUSDT,2025-02-14 04:00:00+00:00,2025-02-14 04:00:00+00:00,97129.98,97081.41501,51.59701978638402,51.48415427409949,225.86970148449768,122.90153161321416,0.002390033173433749,2,SIGNAL
2025-02-14 12:00:00+00:00,2025-02-14 12:00:00+00:00,9689,96887.55,96935.993775,0.5736153278976026,1183.3307413091225,93386.00155107262,55.60397185432659,407265.9907124073,1.0,trend_tsmom,0.1,BTCUSDT,2025-02-14 16:00:00+00:00,2025-02-14 16:00:00+00:00,96924.57,96876.107715,55.5696202923832,55.58680138216125,-34.35156194338966,-145.52515409009945,-0.002614557368251591,2,SIGNAL
2025-02-08 08:00:00+00:00,2025-02-08 08:00:00+00:00,9652,192.79,192.886395,96.39377961417694,7.031582593068672,171.79164722079398,18.59304865020308,406680.49368908664,1.0,trend_tsmom,0.1,SOLUSDT,2025-02-14 20:00:00+00:00,2025-02-14 20:00:00+00:00,201.56,201.45922000000002,19.419415653923988,19.006443495424104,826.3670037209087,788.3545394167816,0.042358140790199846,40,SIGNAL
2025-03-27 04:00:00+00:00,2025-03-27 04:00:00+00:00,9933,139.91,139.979955,207.13449514875379,3.2771076833508936,130.14863194994732,28.994677309870273,407281.2273233936,1.0,trend_tsmom,0.1,SOLUSDT,2025-03-27 12:00:00+00:00,2025-03-27 12:00:00+00:00,137.4,137.33130000000003,28.446049493622056,28.72023342484456,-548.6278162482147,-606.068543051707,-0.02088186992050522,3,SIGNAL
2025-03-29 00:00:00+00:00,2025-03-29 00:00:00+00:00,9944,84424.38,84466.59219,0.6830612538399089,992.285724728614,81489.73501581415,57.69585636888565,406675.1587803419,1.0,trend_tsmom,0.1,BTCUSDT,2025-03-29 04:00:00+00:00,2025-03-29 04:00:00+00:00,84166.3,84124.21685000001,57.461993039861404,57.5788806332494,-233.86332902425428,-349.02117843300135,-0.006043285044558367,2,SIGNAL
2025-03-30 04:00:00+00:00,2025-03-30 04:00:00+00:00,9951,83088.82,83130.36441000001,0.6869907790738911,985.7632008532036,80173.0748074404,57.10979381072237,406326.13760190894,1.0,trend_tsmom,0.1,BTCUSDT,2025-03-30 16:00:00+00:00,2025-03-30 16:00:00+00:00,82729.57,82688.20521500001,56.80603452087464,56.95785246543928,-303.75928984773464,-417.6751181793316,-0.007306240006782731,4,SIGNAL
2025-04-02 20:00:00+00:00,2025-04-02 20:00:00+00:00,9973,86900.01,86943.46000499999,0.5968601284057564,1133.4550122263197,83543.09496832103,51.89308470262504,405908.4624837296,1.0,trend_tsmom,0.1,BTCUSDT,,2025-04-02 20:00:00+00:00,83543.09496832103,83501.32342083688,49.8386106190113,50.865346758624646,-2054.4740836137426,-2156.205778935379,-0.04150941767196982,1,STOP
2025-04-03 08:00:00+00:00,2025-04-03 08:00:00+00:00,9976,83456.76,83498.48838,0.48975004597601357,1374.0078911075414,79376.46470667738,40.893388523032634,403752.25670479424,1.0,trend_tsmom,0.1,BTCUSDT,2025-04-03 12:00:00+00:00,2025-04-03 12:00:00+00:00,83096.01,83054.461995,40.67592658056432,40.784613382461366,-217.46194246830825,-299.03125757190526,-0.0073051545943325635,2,SIGNAL
2025-04-10 00:00:00+00:00,2025-04-10 00:00:00+00:00,10016,119.05,119.10952499999999,134.29741026900393,5.007608111686004,104.08670066494199,15.99610074587118,403505.2806248924,1.0,trend_tsmom,0.1,SOLUSDT,2025-04-10 04:00:00+00:00,2025-04-10 04:00:00+00:00,115.5,115.44225,15.50359521062692,15.749728789296395,-492.50553524426,-524.0052312007581,-0.03272558467640464,2,SIGNAL
2025-04-09 20:00:00+00:00,2025-04-09 20:00:00+00:00,10015,82332.08,82373.24604,0.3261588020410769,2061.6400299610846,76188.32595011675,26.86675924864128,403453.2254472223,1.0,trend_tsmom,0.1,BTCUSDT,2025-04-10 16:00:00+00:00,2025-04-10 16:00:00+00:00,78757.24,78717.86138000002,25.67452336693636,26.270349816400955,-1192.235881704923,-1244.7771643205008,-0.046285211371471964,6,SIGNAL
2025-04-11 16:00:00+00:00,2025-04-11 16:00:00+00:00,10026,82521.74,82563.00087,0.35560267845583304,1882.6463137453163,76915.06192876406,29.359624250723275,401684.443051701,1.0,trend_tsmom,0.1,BTCUSDT,2025-04-12 00:00:00+00:00,2025-04-12 00:00:00+00:00,83423.83,83382.11808500001,29.65090452634656,29.505344584936708,291.28027562328447,232.26974684621462,0.007903292874443421,3,SIGNAL
2025-04-12 08:00:00+00:00,2025-04-12 08:00:00+00:00,10030,124.26,124.32213,158.1151788743097,4.236539418711157,111.61251174386653,19.657215822985187,401916.7127985472,1.0,trend_tsmom,0.1,SOLUSDT,2025-04-12 12:00:00+00:00,2025-04-12 12:00:00+00:00,124.6,124.5377,19.69130071209512,19.67427170732871,34.08488910993488,-5.26362742514543,-0.00026750324681996566,2,SIGNAL
2025-04-12 08:00:00+00:00,2025-04-12 08:00:00+00:00,10030,83724.92,83766.78245999999,0.3795259397238917,1764.9944783350204,78471.79902499492,31.791666830778304,401916.7127985472,1.0,trend_tsmom,0.1,BTCUSDT,2025-04-13 16:00:00+00:00,2025-04-13 16:00:00+00:00,83849.66,83807.73517000001,31.807209446525302,31.79944997416003,15.542615747000209,-48.0562605303034,-0.0015100891857468572,9,SIGNAL
2025-04-12 16:00:00+00:00,2025-04-12 16:00:00+00:00,10032,130.47,130.535235,157.25916206738916,4.264201825386819,117.74262952383954,20.527861676369728,402350.8835679375,1.0,trend_tsmom,0.1,SOLUSDT,2025-04-13 16:00:00+00:00,2025-04-13 16:00:00+00:00,128.71,128.645645,20.23070633631881,20.379214812314128,-297.15534005091763,-337.9139080636062,-0.016444787920627365,7,SIGNAL
2025-04-14 04:00:00+00:00,2025-04-14 04:00:00+00:00,10041,84566.04,84608.32302,0.42603167098354594,1570.796673697825,79895.93299890652,36.04582523532621,401525.4790025281,1.0,trend_tsmom,0.1,BTCUSDT,2025-04-14 16:00:00+00:00,2025-04-14 16:00:00+00:00,84101.16,84059.10942000001,35.81184284759133,35.928784528057164,-233.9823877348838,-305.84005581780133,-0.008476280382036306,4,SIGNAL
2025-04-14 12:00:00+00:00,2025-04-14 12:00:00+00:00,10043,133.5,133.56674999999998,158.60509648089703,4.220392315595138,120.90557305321457,21.184367270389853,401625.43824132194,1.0,trend_tsmom,0.1,SOLUSDT,2025-04-14 16:00:00+00:00,2025-04-14 16:00:00+00:00,128.8,128.7356,20.418122258526168,20.801058403468218,-766.2450118636825,-807.8475013925986,-0.03809603801854853,2,SIGNAL
2025-04-15 12:00:00+00:00,2025-04-15 12:00:00+00:00,10049,132.14,132.20606999999998,166.14017250085746,4.019184705981299,120.14851588205609,21.964739275460435,400648.8242187247,1.0,trend_tsmom,0.1,SOLUSDT,2025-04-16 00:00:00+00:00,2025-04-16 00:00:00+00:00,126.1,126.03695,20.93980061448195,21.45201907330841,-1024.938660978486,-1067.8432008684285,-0.048567679819255326,4,SIGNAL
2025-04-14 20:00:00+00:00,2025-04-14 20:00:00+00:00,10045,84923.07,84965.531535,0.439981962644188,1516.7735098310893,80415.21100550673,37.38330132187595,400411.7914453177,1.0,trend_tsmom,0.1,BTCUSDT,2025-04-16 08:00:00+00:00,2025-04-16 08:00:00+00:00,83363.17,83321.488415,36.65995200326667,37.02145508060251,-723.3493186092752,-797.3925719344178,-0.021308871816848013,10,SIGNAL
2025-04-16 12:00:00+00:00,2025-04-16 12:00:00+00:00,10055,84048.36,84090.38418,0.5207291808412583,1275.6040642490573,80263.57198725283,43.7883168706781,398546.55567251483,1.0,trend_tsmom,0.1,BTCUSDT,2025-04-16 20:00:00+00:00,2025-04-16 20:00:00+00:00,84334.0,84291.833,43.893217149698145,43.84080419545599,104.90027902004073,17.21874499966448,0.0003928340864758589,3,SIGNAL
2025-04-17 00:00:00+00:00,2025-04-17 00:00:00+00:00,10058,84030.38,84072.39519,0.5071091387494204,1311.4679433355354,80137.9913599934,42.63387991740181,399034.42754541425,1.0,trend_tsmom,0.1,BTCUSDT,2025-04-18 16:00:00+00:00,2025-04-18 16:00:00+00:00,84374.6,84332.41270000002,42.76573717295769,42.699852184447295,131.8572555558788,46.45763846551929,0.0010885996613068613,11,SIGNAL
2025-04-16 16:00:00+00:00,2025-04-16 16:00:00+00:00,10056,128.4,128.4642,171.93839641438848,3.8666614409982083,116.86421567700538,22.087928544657288,398896.5405855483,1.0,trend_tsmom,0.1,SOLUSDT,2025-04-19 00:00:00+00:00,2025-04-19 00:00:00+00:00,134.05,133.982975,23.036817868329106,22.56261606947823,948.8893236718177,903.7645772588313,0.04087579845787195,15,SIGNAL
2025-04-29 16:00:00+00:00,2025-04-29 16:00:00+00:00,10134,1814.99,1815.897495,19.658907620494748,34.62439926117924,1712.0242972164622,35.698561102492825,408406.7198943896,1.0,trend_tsmom,0.1,ETHUSDT,2025-04-30 00:00:00+00:00,2025-04-30 00:00:00+00:00,1797.81,1796.911095,35.32530921884706,35.51185072566052,-373.25188364576155,-444.2757539671014,-0.01243276782979535,3,SIGNAL
2025-04-30 04:00:00+00:00,2025-04-30 04:00:00+00:00,10137,1808.92,1809.82446,19.90589736012779,34.172120566553545,1707.3080983003395,36.0261799406087,408136.034745436,1.0,trend_tsmom,0.1,ETHUSDT,2025-04-30 08:00:00+00:00,2025-04-30 08:00:00+00:00,1796.37,1795.4718149999999,35.740477662392344,35.88326634674724,-285.7022782163546,-357.46893581935564,-0.009912564268098376,2,SIGNAL
2025-04-30 12:00:00+00:00,2025-04-30 12:00:00+00:00,10139,1815.69,1816.597845,20.547901299845357,33.08058881131458,1717.3560785660563,37.327273220571776,407842.0043013963,1.0,trend_tsmom,0.1,ETHUSDT,2025-04-30 16:00:00+00:00,2025-04-30 16:00:00+00:00,1764.73,1763.847635,36.243367111945666,36.78505838599386,-1083.906108626114,-1157.4767489586313,-0.030977897091417617,2,SIGNAL
2025-05-03 00:00:00+00:00,2025-05-03 00:00:00+00:00,10154,1842.2,1843.1210999999998,21.079155519589392,32.25920786840673,1746.3434763947796,38.85143630833667,407998.11575814435,1.0,trend_tsmom,0.1,ETHUSDT,2025-05-05 00:00:00+00:00,2025-05-05 00:00:00+00:00,1808.86,1807.95557,38.110176632537886,38.48063077566795,-741.2596757987814,-818.221288739656,-0.02103921920331692,13,SIGNAL
2025-05-05 08:00:00+00:00,2025-05-05 08:00:00+00:00,10168,1826.58,1827.49329,24.322288407684173,27.776633964711767,1744.1633881058647,44.448818862487606,405354.7813706373,1.0,trend_tsmom,0.1,ETHUSDT,2025-05-05 12:00:00+00:00,2025-05-05 12:00:00+00:00,1804.64,1803.7376800000002,43.871028064767145,44.15979005587251,-577.7907977204591,-666.1106446477139,-0.014971043471525523,2,SIGNAL
2025-05-05 16:00:00+00:00,2025-05-05 16:00:00+00:00,10170,1801.0,1801.9005,24.26392739841485,27.70578715315237,1718.783138540543,43.72118291116742,403350.7248000144,1.0,trend_tsmom,0.1,ETHUSDT,2025-05-06 04:00:00+00:00,2025-05-06 04:00:00+00:00,1806.35,1805.446825,43.8072306834986,43.764239250333105,86.04777233118413,-1.4806412634818855,-3.3831703602024274e-05,4,SIGNAL
2025-05-06 08:00:00+00:00,2025-05-06 08:00:00+00:00,10174,1806.03,1806.9330149999998,24.749005049085763,27.213937297412315,1725.2912031077628,44.719794311594754,404110.7229474964,1.0,trend_tsmom,0.1,ETHUSDT,2025-05-06 12:00:00+00:00,2025-05-06 12:00:00+00:00,1769.92,1769.0350400000002,43.78185713696964,44.25060230263251,-937.937174625117,-1026.4388260736814,-0.022929743493814676,2,SIGNAL
2025-04-19 04:00:00+00:00,2025-04-19 04:00:00+00:00,10071,138.82,138.88941,188.6098864278229,3.530338062687969,128.2983958119361,26.19591584612733,399513.99663323886,1.0,trend_tsmom,0.1,SOLUSDT,2025-06-06 00:00:00+00:00,2025-06-06 00:00:00+00:00,144.28,144.20786,27.199028096599385,26.69772942385742,1003.112250472057,949.7173065293302,0.036218185444033636,288,SIGNAL
2025-06-06 04:00:00+00:00,2025-06-06 04:00:00+00:00,10359,146.84,146.91342,201.97254979075302,3.508704755176043,136.38730573447188,29.672478035879813,425197.2275195071,1.0,trend_tsmom,0.1,SOLUSDT,2025-06-07 04:00:00+00:00,2025-06-07 04:00:00+00:00,149.47,149.395265,30.173742598715243,29.92324311424956,501.26456283542996,441.4183422008349,0.014861494355232862,7,SIGNAL
2025-06-07 08:00:00+00:00,2025-06-07 08:00:00+00:00,10366,152.37,152.44618499999999,216.3149963094577,3.299800436989669,142.54678368903097,32.97639594566591,428277.7916096203,1.0,trend_tsmom,0.1,SOLUSDT,2025-06-07 12:00:00+00:00,2025-06-07 12:00:00+00:00,151.45,151.37427499999998,32.744525737971834,32.860411089366835,-231.87020769407138,-297.59112937770914,-0.009015352557993541,2,SIGNAL
2025-05-06 16:00:00+00:00,2025-05-06 16:00:00+00:00,10176,1770.09,1770.975045,23.755591664599937,28.26067841091461,1686.1930097672562,42.07056001721649,402809.48189655755,1.0,trend_tsmom,0.1,ETHUSDT,2025-06-13 00:00:00+00:00,2025-06-13 00:00:00+00:00,2642.66,2641.33867,62.74656289243748,52.41374355897581,20676.00287522099,20571.18575231134,0.4884801892055687,225,SIGNAL
2025-06-14 08:00:00+00:00,2025-06-14 08:00:00+00:00,10408,2537.5,2538.7687499999997,11.801047339225926,60.96080646088876,2355.8863306173334,29.960130202097425,431640.8177294028,1.0,trend_tsmom,0.1,ETHUSDT,2025-06-14 12:00:00+00:00,2025-06-14 12:00:00+00:00,2538.51,2537.2407450000005,29.942098142757864,29.95111715218537,-18.032059339564608,-77.9342876844199,-0.002598667987354615,2,SIGNAL
2025-04-19 16:00:00+00:00,2025-04-19 16:00:00+00:00,10074,85191.18,85233.77558999999,0.7558396921312055,880.9211769116926,82591.01205926492,64.42307070112585,399501.1146892757,1.0,trend_tsmom,0.1,BTCUSDT,2025-06-17 16:00:00+00:00,2025-06-17 16:00:00+00:00,104241.62,104189.49919,78.75055899107409,71.59041461576874,14327.488289948236,14184.314660256035,0.2199545032784763,355,SIGNAL
2025-06-16 00:00:00+00:00,2025-06-16 00:00:00+00:00,10418,2547.62,2548.8938099999996,14.327887518401276,50.24629730177834,2398.1549180946645,36.52026380602927,431953.9775736178,1.0,trend_tsmom,0.1,ETHUSDT,2025-06-17 16:00:00+00:00,2025-06-17 16:00:00+00:00,2499.01,2497.7604950000004,35.7876314202663,36.15377349348693,-732.6323857629683,-804.9402809892638,-0.022018902960708117,11,SIGNAL
2025-06-17 20:00:00+00:00,2025-06-17 20:00:00+00:00,10429,104686.12,104738.46306,0.5922466405532691,1210.105904963588,101108.14534510922,62.03100288399767,430008.6941570152,1.0,trend_tsmom,0.1,BTCUSDT,2025-06-18 00:00:00+00:00,2025-06-18 00:00:00+00:00,104551.17,104498.894415,61.88911915881453,61.96004104048212,-141.88372518314407,-265.80384722595625,-0.004280735383460017,2,SIGNAL
2025-06-18 04:00:00+00:00,2025-06-18 04:00:00+00:00,10431,105184.84,105237.43242,0.6130637985595669,1168.1551792296377,101732.96688231108,64.51726007006091,429692.19089133205,1.0,trend_tsmom,0.1,BTCUSDT,2025-06-18 20:00:00+00:00,2025-06-18 20:00:00+00:00,103808.41,103756.505795,63.609357567950426,64.06309785915447,-907.9025021104949,-1036.0291197485062,-0.016042127711235057,5,SIGNAL
2025-06-17 20:00:00+00:00,2025-06-17 20:00:00+00:00,10429,2528.36,2529.62418,12.089123926899775,59.28313426696336,2351.77477719911,30.58094020050222,430008.6941570152,1.0,trend_tsmom,0.1,ETHUSDT,2025-06-18 20:00:00+00:00,2025-06-18 20:00:00+00:00,2492.42,2491.1737900000003,30.1161086707546,30.34841581484341,-464.831529747622,-525.5285786188788,-0.01716767279232353,7,SIGNAL
2025-06-19 12:00:00+00:00,2025-06-19 12:00:00+00:00,10439,2531.82,2533.0859100000002,13.632623736490844,52.34763081168011,2376.04301756496,34.532607103236515,428181.3326114218,1.0,trend_tsmom,0.1,ETHUSDT,2025-06-20 00:00:00+00:00,2025-06-20 00:00:00+00:00,2521.13,2519.869435,34.35243187243877,34.44248305465232,-180.1752307977402,-249.06026977341548,-0.007205116531493532,4,SIGNAL
2025-06-20 12:00:00+00:00,2025-06-20 12:00:00+00:00,10445,2549.64,2550.9148199999995,14.995351639104333,47.56276952137867,2408.2265114358634,38.251864727302525,427932.27234164835,1.0,trend_tsmom,0.1,ETHUSDT,2025-06-20 16:00:00+00:00,2025-06-20 16:00:00+00:00,2493.78,2492.5331100000003,37.37641045656033,37.81392818183874,-875.4542707422019,-951.0825459260647,-0.024838852178476638,2,SIGNAL
2025-06-27 16:00:00+00:00,2025-06-27 16:00:00+00:00,10488,107308.25,107361.904125,0.6320211993680637,1125.9674786822713,103984.00168895318,67.85499941152156,426981.1897957223,1.0,trend_tsmom,0.1,BTCUSDT,2025-06-27 20:00:00+00:00,2025-06-27 20:00:00+00:00,106801.02,106747.61949000001,67.4667584997555,67.66079881060595,-388.2409117660663,-523.5626696773434,-0.007708195926363616,2,SIGNAL
2025-06-30 16:00:00+00:00,2025-06-30 16:00:00+00:00,10506,157.83,157.908915,219.07234196632115,3.2442525622407348,148.1761573132778,34.593475826410746,426435.60404418944,1.0,trend_tsmom,0.1,SOLUSDT,2025-07-01 00:00:00+00:00,2025-07-01 00:00:00+00:00,154.82,154.74259,33.89982159323423,34.24648385788103,-693.6542331765119,-762.1475305961569,-0.022009530012893852,3,SIGNAL
2025-07-02 20:00:00+00:00,2025-07-02 20:00:00+00:00,10519,2604.73,2606.032365,15.962651780191603,44.60515827999845,2472.216890160005,41.599187170404186,427209.96553436725,1.0,trend_tsmom,0.1,ETHUSDT,2025-07-03 00:00:00+00:00,2025-07-03 00:00:00+00:00,2570.41,2569.124795,41.01004448244114,41.30447886686539,-589.1426879630438,-671.7519196158892,-0.016132066139372882,2,SIGNAL
2025-07-02 20:00:00+00:00,2025-07-02 20:00:00+00:00,10519,153.02,153.09651,229.30258480766173,3.1051399172895615,143.7810902481313,35.10542546803203,427209.96553436725,1.0,trend_tsmom,0.1,SOLUSDT,2025-07-03 00:00:00+00:00,2025-07-03 00:00:00+00:00,152.28,152.20386000000002,34.90073851570348,35.00303957088171,-204.68695232855347,-274.69311631228896,-0.007816988227776003,2,SIGNAL
2025-07-05 20:00:00+00:00,2025-07-05 20:00:00+00:00,10537,146.89,146.96344499999998,271.5003940888628,2.609809313501941,139.13401705949417,39.900633234156906,425138.55426753685,1.0,trend_tsmom,0.1,SOLUSDT,2025-07-06 12:00:00+00:00,2025-07-06 12:00:00+00:00,147.99,147.916005,40.1592536495502,40.03001810445892,258.6204153932963,178.56052850958918,0.004470659533556526,5,SIGNAL
2025-07-06 16:00:00+00:00,2025-07-06 16:00:00+00:00,10542,151.53,151.605765,289.9497279428962,2.452267431672763,144.2489627049817,43.958050316324645,426620.5647940454,1.0,trend_tsmom,0.1,SOLUSDT,2025-07-07 20:00:00+00:00,2025-07-07 20:00:00+00:00,148.96,148.88552,43.16931601863663,43.56349687477579,-788.734297688017,-875.8616640229783,-0.019905038350181103,8,SIGNAL
2025-07-08 08:00:00+00:00,2025-07-08 08:00:00+00:00,10552,149.65,149.724825,304.46754505970546,2.3282923616009246,142.73994791519723,45.58634990224402,425333.6757107385,1.0,trend_tsmom,0.1,SOLUSDT,2025-07-08 16:00:00+00:00,2025-07-08 16:00:00+00:00,149.84,149.76508,45.598606243270396,45.592492534964315,12.25634102637903,-78.92861511913539,-0.0017296792904645383,3,SIGNAL
2025-07-09 08:00:00+00:00,2025-07-09 08:00:00+00:00,10558,153.01,153.086505,296.47454420855917,2.3993159757357185,145.88855707279282,45.386251794356305,426801.66619113693,1.0,trend_tsmom,0.1,SOLUSDT,2025-07-09 12:00:00+00:00,2025-07-09 12:00:00+00:00,153.74,153.66313000000002,45.55720642841058,45.47178321798264,170.95463405427094,80.01117583150406,0.0017611334143450119,2,SIGNAL
2025-07-09 20:00:00+00:00,2025-07-09 20:00:00+00:00,10561,157.26,157.33863,286.75875488756645,2.509726034696412,149.80945189591077,45.118229634515515,431811.5476910715,1.0,trend_tsmom,0.1,SOLUSDT,2025-07-10 00:00:00+00:00,2025-07-10 00:00:00+00:00,157.06,156.98147,45.01581087761986,45.06700591813127,-102.41875689564131,-192.55279740777667,-0.004263474842187732,2,SIGNAL
2025-06-28 16:00:00+00:00,2025-06-28 16:00:00+00:00,10494,107449.28,107503.00464,0.7331827152051678,969.4209876154099,104594.74167715377,78.81934483466894,426457.62712604494,1.0,trend_tsmom,0.1,BTCUSDT,2025-08-13 04:00:00+00:00,2025-08-13 04:00:00+00:00,119482.01,119422.268995,87.55834343771603,83.19104968359783,8738.998603047077,8572.620914774692,0.1086542507538054,274,SIGNAL
2025-08-13 16:00:00+00:00,2025-08-13 16:00:00+00:00,10770,120920.61,120981.070305,0.6970389069983437,1151.6074558821467,117526.24793735356,84.32851301288699,481629.12140354095,1.0,trend_tsmom,0.1,BTCUSDT,,2025-08-14 16:00:00+00:00,117526.24793735356,117467.48481338489,81.87940722216634,83.10336861691978,-2449.1057907206377,-2615.313710955691,-0.030982415278050443,7,STOP
2025-08-17 16:00:00+00:00,2025-08-17 16:00:00+00:00,10794,118246.15,118305.27307499999,0.8111221750347007,979.2405380216386,115367.55146093508,95.96003041466822,476570.22904935724,1.0,trend_tsmom,0.1,BTCUSDT,2025-08-18 00:00:00+00:00,2025-08-18 00:00:00+00:00,117405.01,117346.307495,95.18219216763521,95.57094072431678,-777.8382470330044,-968.9804696153079,-0.010087663092384574,3,SIGNAL
2025-07-11 20:00:00+00:00,2025-07-11 20:00:00+00:00,10573,164.58,164.66229,239.97135515001364,3.0626015874902768,155.4744852375292,39.514232873404545,440961.9919407748,1.0,trend_tsmom,0.1,SOLUSDT,2025-08-19 16:00:00+00:00,2025-08-19 16:00:00+00:00,177.98,177.89101,42.68874673870463,41.10229371009335,3174.513865300084,3092.310885687975,0.07817997312313212,234,SIGNAL
2025-08-22 16:00:00+00:00,2025-08-22 16:00:00+00:00,10824,193.48,193.57673999999997,162.56325124199475,4.843054136724735,179.04757758982578,31.46846421922629,472381.575844179,1.0,trend_tsmom,0.1,SOLUSDT,2025-08-26 04:00:00+00:00,2025-08-26 04:00:00+00:00,186.9,186.80655000000002,30.367880121300256,30.917904753710555,-1100.5840979260333,-1162.4204422665598,-0.03690231512391322,22,SIGNAL
2025-07-06 00:00:00+00:00,2025-07-06 00:00:00+00:00,10538,2516.42,2517.67821,19.295189966652124,36.73620315021315,2407.4696005493606,48.57907933685068,425299.21106213215,1.0,trend_tsmom,0.1,ETHUSDT,2025-09-11 16:00:00+00:00,2025-09-11 16:00:00+00:00,4412.52,4410.3137400000005,85.09784142583601,66.8476067837652,36518.762088985335,36385.08516822265,0.7482384789498834,407,SIGNAL
2025-09-13 12:00:00+00:00,2025-09-13 12:00:00+00:00,10955,4719.53,4721.889765,12.213486255897708,64.7444251857284,4527.656489442815,57.670735746691555,474453.0882911347,1.0,trend_tsmom,0.1,ETHUSDT,,2025-09-15 08:00:00+00:00,4527.656489442815,4525.392661198093,55.270821070083265,56.47019254726915,-2399.9146766082918,-2512.856233425067,-0.04352893811800454,12,STOP
2025-09-17 04:00:00+00:00,2025-09-17 04:00:00+00:00,10977,116372.05,116430.23602499999,0.9792073340410565,801.4158596215225,114025.98844613542,114.00934101981123,470851.3724149275,1.0,trend_tsmom,0.1,BTCUSDT,2025-09-17 16:00:00+00:00,2025-09-17 16:00:00+00:00,115875.33,115817.39233500001,113.40923998394247,113.70916890388906,-600.1010358687638,-827.5196168725175,-0.007251098169271199,4,SIGNAL
2025-09-18 00:00:00+00:00,2025-09-18 00:00:00+00:00,10982,116447.6,116505.8238,0.8602425483172219,915.867895782184,113758.22011265345,100.22326675950924,472721.1195537587,1.0,trend_tsmom,0.1,BTCUSDT,2025-09-21 16:00:00+00:00,2025-09-21 16:00:00+00:00,115531.62,115473.85419,99.33552259241691,99.7791976847118,-887.7441670923297,-1087.3029564442559,-0.010837969813047334,23,SIGNAL
2025-09-16 20:00:00+00:00,2025-09-16 20:00:00+00:00,10975,4491.22,4493.46561,13.027469453397913,60.30488371271031,4312.55095886187,58.53848597416903,471372.01827482815,1.0,trend_tsmom,0.1,ETHUSDT,2025-09-21 16:00:00+00:00,2025-09-21 16:00:00+00:00,4482.8,4480.5586,58.37034029565932,58.45438571208872,-168.1456785097001,-285.05450477952843,-0.004864658357753612,30,SIGNAL
2025-08-26 08:00:00+00:00,2025-08-26 08:00:00+00:00,10846,188.92,189.01445999999999,138.25152868161595,5.63734242704026,172.10243271887921,26.13153803793015,467622.7249440282,1.0,trend_tsmom,0.1,SOLUSDT,2025-09-24 04:00:00+00:00,2025-09-24 04:00:00+00:00,208.5,208.39575000000002,28.81103100825187,27.471961264320736,2679.4929703217213,2624.550401275539,0.1003357884636176,174,SIGNAL
2025-09-24 08:00:00+00:00,2025-09-24 08:00:00+00:00,11020,112583.54,112639.83176999999,0.8526367253334457,909.0924829700751,109912.55432108976,96.04085730248302,465075.38262291363,1.0,trend_tsmom,0.1,BTCUSDT,,2025-09-25 16:00:00+00:00,109912.55432108976,109857.59804392922,93.66862264917377,94.85417063070157,-2372.2346533092536,-2561.9441332609103,-0.0266489161009002,9,STOP
2025-09-24 08:00:00+00:00,2025-09-24 08:00:00+00:00,11020,210.63,210.73531499999999,153.79392743601932,5.0400275916441535,195.61523222506753,32.40981174331667,465075.38262291363,1.0,trend_tsmom,0.1,SOLUSDT,,2025-09-25 16:00:00+00:00,195.61523222506753,195.517424608955,30.069392612787006,31.23902488302381,-2340.4191305296686,-2402.8983348857723,-0.07406700958526048,9,STOP
2025-09-27 00:00:00+00:00,2025-09-27 00:00:00+00:00,11036,205.16,205.26257999999999,143.42595761222785,5.346667458419442,189.22257762474166,29.43998209845653,460110.54015476693,1.0,trend_tsmom,0.1,SOLUSDT,2025-09-27 04:00:00+00:00,2025-09-27 04:00:00+00:00,203.88,203.77806,29.227063395862025,29.333476850849088,-212.9187025945009,-271.58574808881946,-0.009215849138352184,2,SIGNAL
2025-10-02 00:00:00+00:00,2025-10-02 00:00:00+00:00,11066,4348.03,4350.204014999999,11.759457182320675,66.74995876492726,4149.954138705218,51.15603784875198,470965.96921069955,1.0,trend_tsmom,0.1,ETHUSDT,2025-10-02 08:00:00+00:00,2025-10-02 08:00:00+00:00,4375.77,4373.582115000001,51.43095161470601,51.29357628355242,274.91376595403125,172.32677649057328,0.003365284512019817,3,SIGNAL
2025-10-02 12:00:00+00:00,2025-10-02 12:00:00+00:00,11069,4378.92,4381.10946,12.1648938520057,64.64991839607951,4187.159704811761,53.29573153491801,471875.6368974828,1.0,trend_tsmom,0.1,ETHUSDT,2025-10-10 08:00:00+00:00,2025-10-10 08:00:00+00:00,4323.4,4321.2383,52.56740522872157,52.931399533084054,-728.3263061964459,-834.1894429600854,-0.015636450853990406,48,SIGNAL
2025-09-28 20:00:00+00:00,2025-09-28 20:00:00+00:00,11047,206.18,206.28309,174.7716031985295,4.386427778688444,193.12380666393466,36.052426352046545,459973.8091175664,1.0,trend_tsmom,0.1,SOLUSDT,2025-10-10 08:00:00+00:00,2025-10-10 08:00:00+00:00,218.13,218.020935,38.103868340792395,37.0786694765783,2051.441988745847,1977.2856940530082,0.054789942967519815,70,SIGNAL
2025-10-10 12:00:00+00:00,2025-10-10 12:00:00+00:00,11117,4343.02,4345.191510000001,10.499216343153424,75.01023756353761,4120.160797309388,45.62110571592351,472529.22727854905,1.0,trend_tsmom,0.1,ETHUSDT,,2025-10-10 12:00:00+00:00,4120.160797309388,4118.100716910733,43.23683034974101,44.42838307108538,-2384.275366182507,-2473.1333022481713,-0.05415613236104023,1,STOP
2025-10-10 12:00:00+00:00,2025-10-10 12:00:00+00:00,11117,221.15,221.260575,166.8559684039008,4.719931325588132,207.10078102323558,36.91864751122892,472529.22727854905,1.0,trend_tsmom,0.1,SOLUSDT,2025-10-10 16:00:00+00:00,2025-10-10 16:00:00+00:00,210.69,210.584655,35.13730654102635,36.027540697767385,-1781.340970202571,-1853.3969242548264,-0.05015203707862801,2,SIGNAL
2025-09-28 16:00:00+00:00,2025-09-28 16:00:00+00:00,11046,110037.92,110092.93895999998,1.0020553852832532,764.8262447367857,107798.46022578963,110.31922236652846,459838.9544066781,1.0,trend_tsmom,0.1,BTCUSDT,,2025-10-10 20:00:00+00:00,107798.46022578963,107744.56099567674,107.96601758069784,109.14205895791247,-2353.2047858306273,-2571.4900257778536,-0.02328625102285535,74,STOP
2025-10-25 12:00:00+00:00,2025-10-25 12:00:00+00:00,11207,111563.81,111619.591905,0.5558518813935467,1362.0425764118395,107533.46417576447,62.04396016077414,454256.3571819807,1.0,trend_tsmom,0.1,BTCUSDT,2025-10-25 16:00:00+00:00,2025-10-25 16:00:00+00:00,111385.18,111329.48741,61.88270503142767,61.96330777313865,-161.25512934647048,-285.1817945386723,-0.004591855466717141,2,SIGNAL
2025-10-25 20:00:00+00:00,2025-10-25 20:00:00+00:00,11209,3957.44,3959.4187199999997,10.731304196412099,70.50574765168844,3747.9014770449344,42.48972672528862,453971.175387442,1.0,trend_tsmom,0.1,ETHUSDT,2025-10-26 04:00:00+00:00,2025-10-26 04:00:00+00:00,3931.82,3929.8540900000003,42.172459687304254,42.33102447228776,-317.26703798436455,-401.9292243969574,-0.00944999480218544,3,SIGNAL
2025-10-26 00:00:00+00:00,2025-10-26 00:00:00+00:00,11210,193.84,193.93692,186.56069992738026,4.053939564800831,181.7751013055975,36.18100753696035,453783.48160352535,1.0,trend_tsmom,0.1,SOLUSDT,2025-10-26 04:00:00+00:00,2025-10-26 04:00:00+00:00,192.98,192.88351,35.98448263004985,36.08270497294933,-196.52490691049888,-268.6903970775091,-0.007418864022186306,2,SIGNAL
2025-10-26 12:00:00+00:00,2025-10-26 12:00:00+00:00,11213,197.74,197.83887,196.0195003877358,3.870303934371113,186.22795819688665,38.78027645467421,455193.0261384683,1.0,trend_tsmom,0.1,SOLUSDT,2025-10-26 20:00:00+00:00,2025-10-26 20:00:00+00:00,198.87,198.770565,38.962906843087964,38.871647024385325,182.63038841375524,104.88720511599307,0.002701951411196562,3,SIGNAL
2025-10-27 04:00:00+00:00,2025-10-27 04:00:00+00:00,11217,204.33,204.432165,196.0386772088372,3.8949476814448616,192.74732195566543,40.07661120553875,458136.2347608468,1.0,trend_tsmom,0.1,SOLUSDT,2025-10-27 12:00:00+00:00,2025-10-27 12:00:00+00:00,200.18,200.07991,39.223400892463204,39.64980265886938,-853.210313075545,-932.5103251735469,-0.023244948073313444,3,SIGNAL
2025-10-28 08:00:00+00:00,2025-10-28 08:00:00+00:00,11224,202.36,202.46118,201.4787494282856,3.769903104372762,191.15147068688174,40.791625354175025,455733.21776090143,1.0,trend_tsmom,0.1,SOLUSDT,2025-10-28 12:00:00+00:00,2025-10-28 12:00:00+00:00,199.73,199.630135,40.221229947999824,40.506295178808365,-570.3954061752042,-651.4082614773791,-0.015953213394248843,2,SIGNAL
2025-10-26 08:00:00+00:00,2025-10-26 08:00:00+00:00,11212,3951.57,3953.545785,11.590220994578216,65.17868289286636,3758.009736321401,45.822469360333216,453261.20331831346,1.0,trend_tsmom,0.1,ETHUSDT,2025-10-28 20:00:00+00:00,2025-10-28 20:00:00+00:00,4039.37,4037.350315,46.79378238337998,46.308380277200314,971.3130230467639,878.6967713030507,0.01915695431967695,16,SIGNAL
2025-10-25 20:00:00+00:00,2025-10-25 20:00:00+00:00,11209,111623.46,111679.27173,0.5876042859973851,1287.632925211685,107816.37295436494,65.6232187256146,453971.175387442,1.0,trend_tsmom,0.1,BTCUSDT,2025-10-29 16:00:00+00:00,2025-10-29 16:00:00+00:00,111509.74,111453.98513000002,65.49083935387684,65.55701233414203,-132.37937173776535,-263.4934298172568,-0.004011235729205294,24,SIGNAL
2025-12-15 12:00:00+00:00,2025-12-15 12:00:00+00:00,11513,3156.73,3158.308365,13.278736092420578,56.78712248125363,2987.946997556239,41.93834327731932,452436.7277259184,1.0,trend_tsmom,0.1,ETHUSDT,,2025-12-15 12:00:00+00:00,2987.946997556239,2986.453024057461,39.65632155887039,40.796772111853414,-2282.0217184489366,-2363.616383285126,-0.056303013987535365,1,STOP
2025-12-19 20:00:00+00:00,2025-12-19 20:00:00+00:00,11539,2985.02,2986.51251,10.489378052995912,71.51251946949104,2771.974951591527,31.326658777391735,450073.11134263326,1.0,trend_tsmom,0.1,ETHUSDT,2025-12-20 00:00:00+00:00,2025-12-20 00:00:00+00:00,2979.49,2978.000255,31.23737051661323,31.28200014543623,-89.28826077850572,-151.85229007251067,-0.004842539721871299,2,SIGNAL
2025-12-21 12:00:00+00:00,2025-12-21 12:00:00+00:00,11549,125.47,125.53273499999999,298.06148582313443,2.517646787146569,117.97979463856028,37.41647351354179,450248.12529284816,1.0,trend_tsmom,0.1,SOLUSDT,2025-12-21 16:00:00+00:00,2025-12-21 16:00:00+00:00,125.05,124.987475,37.25395250778187,37.335181714200765,-162.52100575991773,-237.1914317812414,-0.006332891773410415,2,SIGNAL
2025-12-22 12:00:00+00:00,2025-12-22 12:00:00+00:00,11555,127.0,127.06349999999999,308.372294277207,2.440123220127027,119.74313033961892,39.18286301389189,451479.83742579457,1.0,trend_tsmom,0.1,SOLUSDT,2025-12-22 20:00:00+00:00,2025-12-22 20:00:00+00:00,124.66,124.59767000000001,38.42246935949433,38.80248578889456,-760.39365439756,-837.9989867709462,-0.021365509320980268,3,SIGNAL
2025-12-20 20:00:00+00:00,2025-12-20 20:00:00+00:00,11545,88232.92,88277.03645999999,0.6103707848883018,1228.4226372022326,84591.76854839329,53.88172403170343,449875.97354621056,1.0,trend_tsmom,0.1,BTCUSDT,2025-12-24 04:00:00+00:00,2025-12-24 04:00:00+00:00,87336.23,87292.561885,53.28082951265811,53.581139943825804,-600.8945190453186,-708.0570725896802,-0.013127822755831207,21,SIGNAL
2025-12-24 12:00:00+00:00,2025-12-24 12:00:00+00:00,11567,87203.94,87247.54196999999,0.6966808877814883,1070.403455491911,84036.33160352426,60.78369499641226,447437.7777938865,1.0,trend_tsmom,0.1,BTCUSDT,2025-12-24 20:00:00+00:00,2025-12-24 20:00:00+00:00,87566.07,87522.286965,60.97510458344239,60.87946286218225,191.40958703013135,69.6507874502767,0.0011447347228255814,3,SIGNAL
2025-12-20 16:00:00+00:00,2025-12-20 16:00:00+00:00,11544,2977.26,2978.74863,12.348194969497124,60.72699426433979,2796.567647206981,36.78216884836245,449921.2590525607,1.0,trend_tsmom,0.1,ETHUSDT,2025-12-24 20:00:00+00:00,2025-12-24 20:00:00+00:00,2945.73,2944.2571350000003,36.35626114331301,36.56911766118544,-425.9077050494322,-499.0461350411077,-0.01355405630127353,26,SIGNAL
2025-12-25 04:00:00+00:00,2025-12-25 04:00:00+00:00,11571,87840.42,87884.34021,0.7465761312883437,999.4707783322577,84885.92787500322,65.61235071481042,447708.61621382803,1.0,trend_tsmom,0.1,BTCUSDT,2025-12-26 00:00:00+00:00,2025-12-26 00:00:00+00:00,87225.27,87181.657365,65.08774447486763,65.34993278075795,-524.6062399427782,-655.3063351324563,-0.009977567886486885,6,SIGNAL
2025-12-25 04:00:00+00:00,2025-12-25 04:00:00+00:00,11571,2947.16,2948.6335799999997,15.942099122240004,46.80569486499353,2808.216495405019,47.0074088075254,447708.61621382803,1.0,trend_tsmom,0.1,ETHUSDT,2025-12-26 00:00:00+00:00,2025-12-26 00:00:00+00:00,2903.9,2902.4480500000004,46.27111451025222,46.63908924507924,-736.294297273178,-829.5728205909556,-0.017630073589203408,6,SIGNAL
2025-12-26 04:00:00+00:00,2025-12-26 04:00:00+00:00,11577,2964.92,2966.40246,15.62123952081017,47.6086566267312,2823.5764901198063,46.338883342780505,446223.7370581046,1.0,trend_tsmom,0.1,ETHUSDT,2025-12-26 16:00:00+00:00,2025-12-26 16:00:00+00:00,2923.2,2921.7384,45.641175363548676,45.98986642362629,-697.7079792318306,-789.6880379381597,-0.01702456084156523,4,SIGNAL
2025-12-26 04:00:00+00:00,2025-12-26 04:00:00+00:00,11577,88844.88,88889.30244,0.7238460579585073,1027.43700853698,85806.99141438906,64.34217116587553,446223.7370581046,1.0,trend_tsmom,0.1,BTCUSDT,2025-12-26 20:00:00+00:00,2025-12-26 20:00:00+00:00,87501.83,87458.079085,63.30618578230063,63.823935433720045,-1035.9853835748954,-1163.6337405230715,-0.018067019626318508,5,SIGNAL
2025-12-29 04:00:00+00:00,2025-12-29 04:00:00+00:00,11595,3043.75,3045.271875,19.907511045389505,37.194538807211885,2933.688258578364,60.62378348777651,444270.41527964344,1.0,trend_tsmom,0.1,ETHUSDT,2025-12-29 12:00:00+00:00,2025-12-29 12:00:00+00:00,2959.9,2958.42005,58.894779822276774,59.758864343822886,-1729.0036654997311,-1848.5222288097846,-0.03046123892331581,3,SIGNAL
2025-12-31 16:00:00+00:00,2025-12-31 16:00:00+00:00,11610,125.58,125.64278999999999,399.77223455734423,1.8430821559504176,120.11354353214874,50.22849891431914,442087.8431742396,1.0,trend_tsmom,0.1,SOLUSDT,2026-01-01 00:00:00+00:00,2026-01-01 00:00:00+00:00,124.64,124.57768,49.802697509569775,50.015504265466255,-425.80140474936894,-525.8326011732578,-0.010458351438601797,3,SIGNAL
2025-12-31 04:00:00+00:00,2025-12-31 04:00:00+00:00,11607,88453.04,88497.26651999999,0.8552729208180441,862.1456424063051,85910.82959278107,75.6893156209733,442421.8930508336,1.0,trend_tsmom,0.1,BTCUSDT,2026-01-01 16:00:00+00:00,2026-01-01 16:00:00+00:00,88032.17,87988.153915,75.25388539626968,75.47151051893626,-435.43022470362246,-586.3734257208654,-0.007739370256909319,10,SIGNAL
2025-12-31 04:00:00+00:00,2025-12-31 04:00:00+00:00,11607,2970.68,2972.1653399999996,19.42163749298324,37.966408446135944,2858.266114661592,57.72431780268927,442421.8930508336,1.0,trend_tsmom,0.1,ETHUSDT,2026-01-01 16:00:00+00:00,2026-01-01 16:00:00+00:00,2989.87,2988.375065,58.03913720550023,57.881820679389705,314.81940281095973,199.05594780277025,0.0034449448392232674,10,SIGNAL
2026-01-02 00:00:00+00:00,2026-01-02 00:00:00+00:00,11618,3004.19,3005.692095,22.861660839478557,32.186983706897095,2909.1311438793086,68.71511326379176,441508.7429717422,1.0,trend_tsmom,0.1,ETHUSDT,2026-01-02 04:00:00+00:00,2026-01-02 04:00:00+00:00,3022.53,3021.0187350000006,69.06550570928057,68.89041430723888,350.3924454888012,212.61182651572886,0.0030910147273316133,2,SIGNAL
2026-01-02 16:00:00+00:00,2026-01-02 16:00:00+00:00,11622,3086.64,3088.1833199999996,20.236363930678582,36.38016496041587,2979.0428251187523,62.49360154817123,441721.3547982579,1.0,trend_tsmom,0.1,ETHUSDT,2026-01-02 20:00:00+00:00,2026-01-02 20:00:00+00:00,3123.63,3122.068185,63.179308008053155,62.83664191388341,685.7064598819221,560.0335503256978,0.008952501734408688,2,SIGNAL
2026-01-04 20:00:00+00:00,2026-01-04 20:00:00+00:00,11635,133.55,133.616775,371.44180574639864,1.9819389321543626,127.6709582035369,49.63085618401025,441704.9855031033,1.0,trend_tsmom,0.1,SOLUSDT,2026-01-07 12:00:00+00:00,2026-01-07 12:00:00+00:00,137.93,137.86103500000002,51.20735178246747,50.41951071200501,1576.4955984572193,1475.6573904907416,0.02970295740653374,17,SIGNAL
2026-01-04 16:00:00+00:00,2026-01-04 16:00:00+00:00,11634,91334.94,91380.60747,0.9830033839683333,749.5635236127525,89131.91689916175,89.82744637209196,442094.08812633797,1.0,trend_tsmom,0.1,BTCUSDT,2026-01-08 12:00:00+00:00,2026-01-08 12:00:00+00:00,90226.77,90181.65661500001,88.64887362441524,89.23788766452873,-1178.572747676715,-1357.0490676732222,-0.015092195415232431,24,SIGNAL
2026-01-04 12:00:00+00:00,2026-01-04 12:00:00+00:00,11633,3139.55,3141.119775,21.501835010473584,34.28245295755359,3038.2724161273395,67.53983915018591,442281.3883485836,1.0,trend_tsmom,0.1,ETHUSDT,2026-01-08 16:00:00+00:00,2026-01-08 16:00:00+00:00,3104.19,3102.637905,66.71240833055143,67.12593366414598,-827.4308196344947,-961.683067115232,-0.014224528172685425,26,SIGNAL
2026-01-07 16:00:00+00:00,2026-01-07 16:00:00+00:00,11652,135.7,135.76784999999998,281.1587483731823,2.632420164480558,127.8705895065583,38.172318775317954,444076.77518260817,1.0,trend_tsmom,0.1,SOLUSDT,2026-01-08 16:00:00+00:00,2026-01-08 16:00:00+00:00,136.41,136.341795,38.333688433153,38.253053509913016,161.36965783504863,84.86365062657767,0.002220951581532964,7,SIGNAL
2026-01-09 00:00:00+00:00,2026-01-09 00:00:00+00:00,11660,138.37,138.439185,266.58944879329647,2.7603191552494213,130.15822753425175,36.9064260205432,441523.17725491256,1.0,trend_tsmom,0.1,SOLUSDT,2026-01-09 20:00:00+00:00,2026-01-09 20:00:00+00:00,135.8,135.73210000000003,36.184745722556606,36.54541458782499,-721.6802979865951,-794.7714697296949,-0.02151325874240725,6,SIGNAL
2026-01-10 04:00:00+00:00,2026-01-10 04:00:00+00:00,11667,90626.15,90671.46307499999,0.7043665228543923,1042.8481751213942,87542.91854963581,63.86594316825817,440728.40578518284,1.0,trend_tsmom,0.1,BTCUSDT,2026-01-10 20:00:00+00:00,2026-01-10 20:00:00+00:00,90626.54,90581.22673,63.802383707695434,63.834163506650384,-63.559460562737584,-191.2277874386912,-0.002991214741551798,5,SIGNAL
2026-01-10 04:00:00+00:00,2026-01-10 04:00:00+00:00,11667,136.15,136.218075,265.6278862366607,2.765324655412351,127.92210103376294,36.183319329476916,440728.40578518284,1.0,trend_tsmom,0.1,SOLUSDT,2026-01-11 00:00:00+00:00,2026-01-11 00:00:00+00:00,135.85,135.782075,36.067505571077724,36.125392528184705,-115.81375839918593,-188.06458329974058,-0.005192356867052072,6,SIGNAL
2026-01-11 16:00:00+00:00,2026-01-11 16:00:00+00:00,11676,3118.22,3119.7791099999995,19.985326128860837,36.722702661540566,3009.611002015378,62.3498029633572,440349.11341444444,1.0,trend_tsmom,0.1,ETHUSDT,2026-01-12 12:00:00+00:00,2026-01-12 12:00:00+00:00,3115.43,3113.872285,62.2317531393461,62.29076411157884,-118.04982401109984,-242.63138011380315,-0.003887566272905975,6,SIGNAL
2026-01-12 16:00:00+00:00,2026-01-12 16:00:00+00:00,11682,3130.17,3131.735085,18.48231678039617,39.86485104645654,3012.1405318606303,57.881719913250926,442076.88326635055,1.0,trend_tsmom,0.1,ETHUSDT,2026-01-13 00:00:00+00:00,2026-01-13 00:00:00+00:00,3095.75,3094.2021250000003,57.188023856825,57.534712844692365,-693.6960564259299,-808.7658001960058,-0.01395877391972047,3,SIGNAL
2026-01-11 16:00:00+00:00,2026-01-11 16:00:00+00:00,11676,138.44,138.50922,340.9563190700802,2.1525196864681813,132.05166094059547,47.225593808467934,440349.11341444444,1.0,trend_tsmom,0.1,SOLUSDT,,2026-01-19 00:00:00+00:00,132.05166094059547,131.98563511012517,45.00133631727502,46.112920526728345,-2224.257491192915,-2316.4844213186584,-0.04900245956574168,45,STOP
2026-01-13 08:00:00+00:00,2026-01-13 08:00:00+00:00,11686,3122.0,3123.5609999999997,18.28611467410986,40.16211183265791,3003.074664502026,57.11779463757727,440645.38951584423,1.0,trend_tsmom,0.1,ETHUSDT,,2026-01-20 12:00:00+00:00,3003.074664502026,3001.573127169775,54.88711040615305,56.00190885127487,-2230.6842314242185,-2342.689136467949,-0.04097407476129296,44,STOP
2026-01-11 16:00:00+00:00,2026-01-11 16:00:00+00:00,11676,90875.79,90921.22789499999,0.9645055684572179,760.9237447929032,88638.45666062128,87.69403059569522,440349.11341444444,1.0,trend_tsmom,0.1,BTCUSDT,,2026-01-20 20:00:00+00:00,88638.45666062128,88594.13743229097,85.44953888610868,86.57124526077796,-2244.491709586534,-2417.6352790683377,-0.02754144201837939,56,STOP
2026-01-21 04:00:00+00:00,2026-01-21 04:00:00+00:00,11733,89432.33,89477.04616499999,0.7272223112751514,990.5749147497045,86505.32142075087,65.06970431818472,432220.90739727963,1.0,trend_tsmom,0.1,BTCUSDT,2026-01-21 12:00:00+00:00,2026-01-21 12:00:00+00:00,88789.99,88745.59500500001,64.53777671502463,64.80362373559952,-531.9276031600776,-661.5350841932869,-0.010156404073264128,3,SIGNAL
2026-01-21 04:00:00+00:00,2026-01-21 04:00:00+00:00,11733,127.61,127.67380499999999,311.0427956202367,2.315977701907584,120.72587189427723,39.712017234672956,432220.90739727963,1.0,trend_tsmom,0.1,SOLUSDT,2026-01-21 12:00:00+00:00,2026-01-21 12:00:00+00:00,126.94,126.87653,39.46403058979483,39.58797181256038,-247.9866448781195,-327.1626927025873,-0.008230149954718945,3,SIGNAL
2026-01-21 20:00:00+00:00,2026-01-21 20:00:00+00:00,11737,3055.55,3057.077775,11.959787076112052,60.12494285959212,2876.7029464212237,36.56199926411439,431448.9087384753,1.0,trend_tsmom,0.1,ETHUSDT,2026-01-22 00:00:00+00:00,2026-01-22 00:00:00+00:00,2982.28,2980.7888600000006,35.64960008444679,36.10558060087665,-912.3991796676065,-984.6107790161677,-0.02690299140259908,2,SIGNAL
2026-01-22 04:00:00+00:00,2026-01-22 04:00:00+00:00,11739,3013.41,3014.9167049999996,11.704306313263801,61.18168593078186,2831.371647207654,35.287508624295995,429653.51573746395,1.0,trend_tsmom,0.1,ETHUSDT,2026-01-23 00:00:00+00:00,2026-01-23 00:00:00+00:00,2952.7,2951.22365,34.54202559854844,34.914589469309576,-745.4830257475554,-815.3125599703999,-0.02308176727862553,6,SIGNAL
2026-01-23 04:00:00+00:00,2026-01-23 04:00:00+00:00,11745,2964.42,2965.9022099999997,12.536384154025722,56.97065796529591,2794.9902361041122,37.18168946783386,428523.632256333,1.0,trend_tsmom,0.1,ETHUSDT,2026-01-24 16:00:00+00:00,2026-01-24 16:00:00+00:00,2957.25,2955.7713750000003,37.05468542847282,37.118164976677306,-127.00403936104264,-201.24041425734933,-0.005406945670297941,10,SIGNAL
2026-01-25 00:00:00+00:00,2026-01-25 00:00:00+00:00,11756,2953.23,2954.706615,15.519255157662975,45.89737042149249,2817.014503735523,45.85484587421966,427375.80158214923,1.0,trend_tsmom,0.1,ETHUSDT,2026-01-25 04:00:00+00:00,2026-01-25 04:00:00+00:00,2942.59,2941.1187050000003,45.64397163187031,45.74936747182417,-210.87424234935625,-302.37305985544623,-0.00658754779582432,2,SIGNAL
2026-01-21 16:00:00+00:00,2026-01-21 16:00:00+00:00,11736,90288.04,90333.18401999999,0.6830656136007888,1052.1981125335283,87176.5896823994,61.70349177113426,431232.2096203838,1.0,trend_tsmom,0.1,BTCUSDT,,2026-01-25 16:00:00+00:00,87176.5896823994,87133.00138755821,59.51755705767083,60.60999308321002,-2185.9347134634304,-2307.1557622922355,-0.03735365447274567,25,STOP
2026-01-21 16:00:00+00:00,2026-01-21 16:00:00+00:00,11736,130.43,130.495215,304.4330176295608,2.3608488821730145,123.41266835348095,39.72705208866833,431232.2096203838,1.0,trend_tsmom,0.1,SOLUSDT,,2026-01-25 16:00:00+00:00,123.41266835348095,123.35096201930422,37.55210559504613,38.639044764991326,-2174.9464936222016,-2252.225651305916,-0.05663585786854959,25,STOP
2026-01-25 16:00:00+00:00,2026-01-25 16:00:00+00:00,11760,2926.82,2928.28341,17.126451920692972,41.46044262937076,2803.902082111888,50.15110503152786,426042.1663815406,1.0,trend_tsmom,0.1,ETHUSDT,,2026-01-25 16:00:00+00:00,2803.902082111888,2802.500131070832,47.996883752520354,49.07346810506586,-2154.221279007507,-2252.369267791555,-0.0448667910154394,1,STOP
2026-01-26 16:00:00+00:00,2026-01-26 16:00:00+00:00,11766,123.53,123.591765,319.63517258169185,2.1990633859611144,116.99457484211665,39.504275135450904,421738.80293385626,1.0,trend_tsmom,0.1,SOLUSDT,2026-01-27 00:00:00+00:00,2026-01-27 00:00:00+00:00,124.24,124.17788,39.691618104628624,39.598003355278784,187.34296917772042,108.14707593764089,0.0027348694927397,3,SIGNAL
2026-01-27 04:00:00+00:00,2026-01-27 04:00:00+00:00,11769,124.51,124.572255,328.80704295111497,2.1427432205384096,118.14402533838476,40.96023480030225,422729.43728926993,1.0,trend_tsmom,0.1,SOLUSDT,2026-01-27 12:00:00+00:00,2026-01-27 12:00:00+00:00,124.12,124.05794000000002,40.79112440600685,40.875647544461785,-169.11039429539682,-250.86175350170592,-0.006118401019456492,3,SIGNAL
2026-01-26 08:00:00+00:00,2026-01-26 08:00:00+00:00,11764,88000.64,88044.64031999999,0.7696691722129909,914.0657167290965,85302.4431698127,67.76524543288491,422116.92212589475,1.0,trend_tsmom,0.1,BTCUSDT,2026-01-28 04:00:00+00:00,2026-01-28 04:00:00+00:00,89126.68,89082.11666,68.56375898868329,68.16471888034143,798.5135557983699,662.1845513768017,0.009761980852022878,12,SIGNAL
2026-01-27 20:00:00+00:00,2026-01-27 20:00:00+00:00,11773,2980.48,2981.9702399999996,14.425688124091758,48.80272325066127,2835.562070248016,43.01697267756305,422407.7191322406,1.0,trend_tsmom,0.1,ETHUSDT,2026-01-28 04:00:00+00:00,2026-01-28 04:00:00+00:00,3005.18,3003.67741,43.33011354203969,43.173632188420996,313.14086447664283,226.7937782570401,0.005266925981617666,3,SIGNAL
2026-01-27 16:00:00+00:00,2026-01-27 16:00:00+00:00,11772,125.01,125.07250499999999,344.0256917953909,2.0439782187091193,118.94057034387264,43.028155057207485,421908.6124236693,1.0,trend_tsmom,0.1,SOLUSDT,2026-01-28 04:00:00+00:00,2026-01-28 04:00:00+00:00,126.96,126.89652,43.65566307942766,43.34207678083744,627.5080222201709,540.8242040835357,0.012556520711730386,4,SIGNAL
2026-01-28 12:00:00+00:00,2026-01-28 12:00:00+00:00,11777,128.16,128.22408,350.46608605276236,2.0135282073023224,122.18349537809301,44.93819145531628,423404.00998204807,1.0,trend_tsmom,0.1,SOLUSDT,2026-01-29 04:00:00+00:00,2026-01-29 04:00:00+00:00,123.07,123.008465,43.11029527990821,44.02379739951145,-1827.896175408073,-1915.9446621432976,-0.04259251584289897,5,SIGNAL
2026-01-28 12:00:00+00:00,2026-01-28 12:00:00+00:00,11777,90079.99,90125.029995,0.7429649961896245,949.8069943930082,87275.60901182098,66.95974256682499,423404.00998204807,1.0,trend_tsmom,0.1,BTCUSDT,2026-01-29 12:00:00+00:00,2026-01-29 12:00:00+00:00,87846.5,87802.57675000001,65.23424110050297,66.0965769824355,-1725.5014663220038,-1857.6954499893318,-0.027715751871758596,7,SIGNAL
2026-01-28 12:00:00+00:00,2026-01-28 12:00:00+00:00,11777,3039.71,3041.229855,14.761655081138565,47.8044871046839,2897.8163936859482,44.893586141971056,423404.00998204807,1.0,trend_tsmom,0.1,ETHUSDT,2026-01-29 12:00:00+00:00,2026-01-29 12:00:00+00:00,2929.29,2927.825355,43.21954802832207,44.05615958965842,-1674.0381136489798,-1762.151247819273,-0.03921252473338323,7,SIGNAL
2026-03-07 16:00:00+00:00,2026-03-07 16:00:00+00:00,12006,67877.45,67911.388725,0.5590269408276274,1245.8201567276024,64173.92825481719,37.964295886292575,417868.2186220961,1.0,trend_tsmom,0.1,BTCUSDT,2026-03-08 16:00:00+00:00,2026-03-08 16:00:00+00:00,67218.23,67184.620885,37.558013084005474,37.76106235471363,-406.2828022871028,-481.8051112574009,-0.012678327787549412,7,SIGNAL
2026-03-07 16:00:00+00:00,2026-03-07 16:00:00+00:00,12006,1981.03,1982.020515,14.69358738616253,47.39802559671,1839.82643820987,29.12299163831936,417868.2186220961,1.0,trend_tsmom,0.1,ETHUSDT,2026-03-08 16:00:00+00:00,2026-03-08 16:00:00+00:00,1943.32,1942.34834,28.54006506815773,28.83138982944182,-582.9265701616314,-640.5896268681086,-0.021974036360635652,7,SIGNAL
2026-03-07 20:00:00+00:00,2026-03-07 20:00:00+00:00,12007,82.52,82.56125999999999,322.26907486406037,2.156285384156428,76.0924038475307,26.60694087981115,416942.45753699227,1.0,trend_tsmom,0.1,SOLUSDT,2026-03-08 16:00:00+00:00,2026-03-08 16:00:00+00:00,82.06,82.01897000000001,26.432177583203124,26.519522170559082,-174.76329660802483,-227.80241507103912,-0.008553213285916978,6,SIGNAL
2026-03-10 04:00:00+00:00,2026-03-10 04:00:00+00:00,12021,69429.85,69464.564925,0.5555622871805365,1249.538923837317,65715.94815348805,38.59189256773387,416518.02146889956,1.0,trend_tsmom,0.1,BTCUSDT,2026-03-10 12:00:00+00:00,2026-03-10 12:00:00+00:00,70580.95,70545.659525,39.192507956368395,38.8923601389853,600.6153886345254,522.830988110423,0.01353415561349502,3,SIGNAL
2026-03-10 16:00:00+00:00,2026-03-10 16:00:00+00:00,12024,71346.17,71381.843085,0.5381897577583752,1291.4925960750197,67507.36529677494,38.4169768382625,417040.85245701,1.0,trend_tsmom,0.1,BTCUSDT,2026-03-10 20:00:00+00:00,2026-03-10 20:00:00+00:00,70043.63,70008.608185,37.677915880086154,38.04727110575376,-739.0609581763443,-815.155850894693,-0.021197438643174044,2,SIGNAL
2026-03-10 16:00:00+00:00,2026-03-10 16:00:00+00:00,12024,88.34,88.38417,334.9968638419262,2.074849535774548,82.15962139267636,29.60841976327166,417040.85245701,1.0,trend_tsmom,0.1,SOLUSDT,2026-03-10 20:00:00+00:00,2026-03-10 20:00:00+00:00,86.01,85.96699500000001,28.798673718914554,29.203351605415826,-809.7460443571033,-868.1531378392895,-0.029291865588285934,2,SIGNAL
2026-03-11 12:00:00+00:00,2026-03-11 12:00:00+00:00,12029,69172.99,69207.576495,0.5654866641372197,1224.1890328277377,65535.00939651679,39.13596156517901,415357.54346827604,1.0,trend_tsmom,0.1,BTCUSDT,2026-03-11 20:00:00+00:00,2026-03-11 20:00:00+00:00,70641.81,70606.489095,39.927027984772536,39.531702424504246,791.0664195935225,712.0034300435709,0.01817489872380019,3,SIGNAL
2026-03-11 12:00:00+00:00,2026-03-11 12:00:00+00:00,12029,84.54,84.58227000000001,350.6176471608619,1.9744088127130683,78.6590435618608,29.65603649892476,415357.54346827604,1.0,trend_tsmom,0.1,SOLUSDT,2026-03-11 20:00:00+00:00,2026-03-11 20:00:00+00:00,87.28,87.23636,30.58660729007793,30.12156206758908,930.5707911531707,870.328147364168,0.029318101517275128,3,SIGNAL
2026-03-12 00:00:00+00:00,2026-03-12 00:00:00+00:00,12032,70191.86,70226.95593,0.5598514097285411,1241.221830770681,66503.29043768796,39.316660278354625,416939.8750456838,1.0,trend_tsmom,0.1,BTCUSDT,2026-03-12 04:00:00+00:00,2026-03-12 04:00:00+00:00,69446.61,69411.88669500001,38.86034261811352,39.08839714091164,-456.31766024110686,-534.494663137575,-0.013581028974861997,2,SIGNAL
2026-03-12 08:00:00+00:00,2026-03-12 08:00:00+00:00,12034,69826.19,69861.103095,0.575103296932582,1206.7553272705386,66240.83711318838,40.177350717281506,416405.3803825463,1.0,trend_tsmom,0.1,BTCUSDT,2026-03-23 00:00:00+00:00,2026-03-23 00:00:00+00:00,67859.0,67825.0705,39.00642165923481,39.59160335389139,-1170.9290580466986,-1250.112830423215,-0.03108378089050017,65,SIGNAL
2026-03-23 04:00:00+00:00,2026-03-23 04:00:00+00:00,12099,68074.6,68108.6373,0.7017973161678965,986.6354484793219,65148.73095456204,47.798458864992696,415450.8658673382,1.0,trend_tsmom,0.1,BTCUSDT,2026-03-27 16:00:00+00:00,2026-03-27 16:00:00+00:00,66112.82,66079.76359000002,46.3746007404711,47.086185609737655,-1423.8581245215928,-1518.0311841270566,-0.031727271244058566,28,SIGNAL
2026-03-12 08:00:00+00:00,2026-03-12 08:00:00+00:00,12034,2040.69,2041.710345,16.11251888955829,43.0726549995852,1912.4923800012443,32.897096500819075,416405.3803825463,1.0,trend_tsmom,0.1,ETHUSDT,2026-03-27 16:00:00+00:00,2026-03-27 16:00:00+00:00,1991.32,1990.3243400000001,32.06913852459764,32.4829186439395,-827.9579762214343,-892.924211246851,-0.027115833126658252,93,SIGNAL
2026-03-12 08:00:00+00:00,2026-03-12 08:00:00+00:00,12034,85.82,85.86290999999999,349.39721436839073,1.9863036646093803,79.90399900617184,30.000261571563836,416405.3803825463,1.0,trend_tsmom,0.1,SOLUSDT,2026-03-27 16:00:00+00:00,2026-03-27 16:00:00+00:00,83.36,83.31832,29.11118891385418,29.555510363419206,-889.0726577096582,-948.1841081950762,-0.03157428707960347,93,SIGNAL
2026-03-29 20:00:00+00:00,2026-03-29 20:00:00+00:00,12139,81.62,81.66081,454.09409761094656,1.5090255602788087,77.13373331916357,37.081691827128964,411143.76003999525,1.0,trend_tsmom,0.1,SOLUSDT,2026-03-30 00:00:00+00:00,2026-03-30 00:00:00+00:00,81.45,81.40927500000001,36.967471268286396,37.02456224870314,-114.22055884256484,-188.26972193798022,-0.0050720889751875355,2,SIGNAL
2026-03-29 12:00:00+00:00,2026-03-29 12:00:00+00:00,12137,66816.29,66849.69814499999,0.7623484737783184,900.279732547217,64148.858947358334,50.96276535338202,411796.1280485541,1.0,trend_tsmom,0.1,BTCUSDT,2026-03-31 00:00:00+00:00,2026-03-31 00:00:00+00:00,66797.38,66763.98131,50.89741925504268,50.93008870020672,-65.34609833934628,-167.20628294777097,-0.003277672287714304,10,SIGNAL
2026-03-30 04:00:00+00:00,2026-03-30 04:00:00+00:00,12141,83.27,83.311635,414.8655362897343,1.6567205681516248,78.34147329554511,34.56312613344959,412389.7601930742,1.0,trend_tsmom,0.1,SOLUSDT,2026-03-31 00:00:00+00:00,2026-03-31 00:00:00+00:00,82.55,82.508725,34.2300264457072,34.39650161378115,-333.09968774238934,-401.89284032154615,-0.011616175788682992,6,SIGNAL
2026-03-31 04:00:00+00:00,2026-03-31 04:00:00+00:00,12147,67704.74,67738.59237,0.7019986561678174,978.7418991519605,64802.366672544114,47.55240081443957,412245.2987638882,1.0,trend_tsmom,0.1,BTCUSDT,2026-03-31 16:00:00+00:00,2026-03-31 16:00:00+00:00,66736.79,66703.421605,46.825712328505354,47.18888669656629,-726.6884859342133,-821.0665990771582,-0.01724931525382334,4,SIGNAL
2026-04-01 08:00:00+00:00,2026-04-01 08:00:00+00:00,12154,83.84,83.88192,399.99817976476237,1.7216992575813066,78.71682222725607,33.55261531517341,413205.94148091925,1.0,trend_tsmom,0.1,SOLUSDT,2026-04-01 12:00:00+00:00,2026-04-01 12:00:00+00:00,83.37,83.328315,33.33117432286475,33.44184781922956,-221.4409923086674,-288.32478194670557,-0.00858462872404602,2,SIGNAL
2026-03-31 20:00:00+00:00,2026-03-31 20:00:00+00:00,12151,67838.79,67872.70939499998,0.6484381504392415,1059.0186348711413,64695.65349038656,44.01125414539392,412024.85092591995,1.0,trend_tsmom,0.1,BTCUSDT,2026-04-01 16:00:00+00:00,2026-04-01 16:00:00+00:00,68918.52,68884.06074,44.66705294098997,44.339328577718554,655.7987955960505,567.1204885096666,0.012872933198028062,6,SIGNAL
2026-03-29 12:00:00+00:00,2026-03-29 12:00:00+00:00,12137,2003.78,2004.78189,20.134722129027285,34.08673214772,1902.52169355684,40.365726284456144,411796.1280485541,1.0,trend_tsmom,0.1,ETHUSDT,2026-04-03 16:00:00+00:00,2026-04-03 16:00:00+00:00,2051.26,2050.23437,41.28089933933131,40.82355181104732,915.1730548751731,833.5264292513856,0.0206287316533809,32,SIGNAL
2026-04-08 00:00:00+00:00,2026-04-08 00:00:00+00:00,12194,85.56,85.60278,420.25483333995203,1.6581133007582176,80.62844009772535,35.97498204233658,418098.0773213415,1.0,trend_tsmom,0.1,SOLUSDT,2026-04-08 16:00:00+00:00,2026-04-08 16:00:00+00:00,83.33,83.288335,35.00232534458709,35.488419401387254,-972.656697749482,-1043.6340051364057,-0.028981012763139843,5,SIGNAL
2026-04-06 00:00:00+00:00,2026-04-06 00:00:00+00:00,12182,69034.18,69068.69708999999,0.9131456651084856,752.9981955630967,66809.70250331069,63.06978134242456,412558.2228677721,1.0,trend_tsmom,0.1,BTCUSDT,2026-04-12 12:00:00+00:00,2026-04-12 12:00:00+00:00,71468.54,71432.80573,65.22855689888608,64.14972485197086,2158.7755564615227,2030.477218220212,0.03216197561297558,40,SIGNAL
2026-04-13 08:00:00+00:00,2026-04-13 08:00:00+00:00,12226,70813.88,70849.28694,0.8389974349290629,825.0077234044505,68374.26376978666,59.44237000921316,415307.61823979986,1.0,trend_tsmom,0.1,BTCUSDT,2026-04-16 00:00:00+00:00,2026-04-16 00:00:00+00:00,74809.99,74772.58500500002,62.73400702221033,61.08902669721379,3291.637012997164,3169.460635965741,0.0532666234730103,17,SIGNAL
2026-04-05 16:00:00+00:00,2026-04-05 16:00:00+00:00,12180,2053.85,2054.8769249999996,23.07005443643928,29.716012437490242,1965.7288876875289,47.40612251993294,411330.01474008395,1.0,trend_tsmom,0.1,ETHUSDT,2026-04-17 04:00:00+00:00,2026-04-17 04:00:00+00:00,2325.53,2324.367235,53.623278641725854,50.51626749891981,6217.15612179291,6116.126720631251,0.12888665807582625,70,SIGNAL
2026-04-17 16:00:00+00:00,2026-04-17 16:00:00+00:00,12252,89.95,89.994975,421.5616601176013,1.6824373397450725,84.94766298076478,37.93843106324203,425550.64679206413,1.0,trend_tsmom,0.1,SOLUSDT,2026-04-17 20:00:00+00:00,2026-04-17 20:00:00+00:00,89.24,89.19538,37.601352467620295,37.76981693823166,-337.07859562173195,-412.6183791525943,-0.01086513494172918,2,SIGNAL
2026-04-22 04:00:00+00:00,2026-04-22 04:00:00+00:00,12279,87.25,87.29362499999999,488.3482664485996,1.4453963825243175,82.95743585242704,42.62969044076413,423514.0906420964,1.0,trend_tsmom,0.1,SOLUSDT,2026-04-22 12:00:00+00:00,2026-04-22 12:00:00+00:00,88.31,88.26584500000001,43.1044723923708,42.867210828848734,474.7819516066679,389.047788773533,0.009117099505659053,3,SIGNAL
2026-04-25 20:00:00+00:00,2026-04-25 20:00:00+00:00,12301,85.68,85.72284,643.4025789892747,1.0951782106058559,82.43730536818244,55.154296334284965,422784.291094,1.0,trend_tsmom,0.1,SOLUSDT,2026-04-26 00:00:00+00:00,2026-04-26 00:00:00+00:00,86.19,86.146905,55.42714084894405,55.290800625438244,272.84451465908603,162.26307747585702,0.0029390453196407222,2,SIGNAL
2026-04-26 08:00:00+00:00,2026-04-26 08:00:00+00:00,12304,86.63,86.67331499999999,682.2454139195025,1.0355521683181952,83.5666584950454,59.13247166795042,423900.4306256913,1.0,trend_tsmom,0.1,SOLUSDT,,2026-04-28 08:00:00+00:00,83.5666584950454,83.52487516579788,56.98446303006455,58.05794486132893,-2148.0086378858673,-2264.1255725838823,-0.03825078920387712,13,STOP
2026-04-30 00:00:00+00:00,2026-04-30 00:00:00+00:00,12326,83.05,83.09152499999999,600.7547616367176,1.1610426057760737,79.60839718267177,49.91762929540636,418501.12432984717,1.0,trend_tsmom,0.1,SOLUSDT,2026-04-30 04:00:00+00:00,2026-04-30 04:00:00+00:00,83.06,83.01847000000001,49.873741156295,49.89568672773004,-43.88813911135979,-143.67950956306115,-0.0028754565394130305,2,SIGNAL
2026-04-30 08:00:00+00:00,2026-04-30 08:00:00+00:00,12328,83.35,83.39167499999999,595.7451550516555,1.1715659517129067,79.87697714486127,49.680186352892264,418772.8437338675,1.0,trend_tsmom,0.1,SOLUSDT,2026-05-01 00:00:00+00:00,2026-05-01 00:00:00+00:00,83.09,83.048455,49.47571470077544,49.57791180339709,-204.4716521168221,-303.6275531704898,-0.00610553726161475,5,SIGNAL
2026-04-17 08:00:00+00:00,2026-04-17 08:00:00+00:00,12250,2334.15,2335.317075,18.26294826791809,38.48017607227073,2219.8765467831877,42.64977492991079,421656.878968956,1.0,trend_tsmom,0.1,ETHUSDT,2026-05-13 20:00:00+00:00,2026-05-13 20:00:00+00:00,2256.53,2255.4017350000004,41.19028520967771,41.91967567727707,-1459.4897202330774,-1543.329780372666,-0.03614996784658321,160,SIGNAL
2026-05-01 04:00:00+00:00,2026-05-01 04:00:00+00:00,12333,83.9,83.94195,638.0071972981209,1.0961020129594916,80.65364396112153,53.55556825523901,419592.5839446683,1.0,trend_tsmom,0.1,SOLUSDT,2026-05-16 16:00:00+00:00,2026-05-16 16:00:00+00:00,86.49,86.446755,55.15365187306732,54.35502317381265,1598.0836178283137,1489.3743977000074,0.027782106691460005,94,SIGNAL
2026-04-16 04:00:00+00:00,2026-04-16 04:00:00+00:00,12243,74888.21,74925.65410500001,0.7338026748713402,959.4507539639421,72047.30184310819,54.98064539873382,422428.51779963897,1.0,trend_tsmom,0.1,BTCUSDT,2026-05-18 04:00:00+00:00,2026-05-18 04:00:00+00:00,76924.66,76886.19767000001,56.419297510932616,55.70034504294542,1438.6521121987932,1327.2521692891269,0.024116236421564748,193,SIGNAL
2026-05-19 08:00:00+00:00,2026-05-19 08:00:00+00:00,12442,85.51,85.552755,505.6381604878216,1.385525164848561,81.39617950545433,43.258737662865286,420344.6373981673,1.0,trend_tsmom,0.1,SOLUSDT,2026-05-19 12:00:00+00:00,2026-05-19 12:00:00+00:00,84.39,84.34780500000001,42.64946896138549,42.953961733436444,-609.2687014797989,-695.1769081040497,-0.016054153754804033,2,SIGNAL
2026-05-20 00:00:00+00:00,2026-05-20 00:00:00+00:00,12446,84.3,84.34214999999999,527.964833655397,1.3235556563014328,80.37148303109569,44.52968919488854,419274.5051477075,1.0,trend_tsmom,0.1,SOLUSDT,2026-05-20 04:00:00+00:00,2026-05-20 04:00:00+00:00,84.1,84.05795,44.37964158916368,44.45463899377461,-150.04760572485552,-238.95693650890775,-0.005360877711179243,2,SIGNAL
2026-05-20 08:00:00+00:00,2026-05-20 08:00:00+00:00,12448,84.76,84.80238,542.0242099921257,1.2897839798120434,80.93302806056387,45.96494302495204,419456.48563087365,1.0,trend_tsmom,0.1,SOLUSDT,2026-05-20 12:00:00+00:00,2026-05-20 12:00:00+00:00,84.7,84.65765,45.88649586103989,45.92571131262919,-78.44716391215796,-170.2986027981499,-0.0037012658588844957,2,SIGNAL
2026-05-20 16:00:00+00:00,2026-05-20 16:00:00+00:00,12450,85.92,85.96296,538.601659367123,1.2979550417803687,82.06909487465889,46.29979290010962,419448.44357209804,1.0,trend_tsmom,0.1,SOLUSDT,2026-05-21 12:00:00+00:00,2026-05-21 12:00:00+00:00,85.58,85.53721,46.07048324363407,46.185092290725535,-229.3096564755492,-321.6799326192929,-0.006940820982473268,6,SIGNAL
2026-05-21 16:00:00+00:00,2026-05-21 16:00:00+00:00,12456,86.46,86.50322999999999,540.1225581578591,1.2927396949835825,82.62501091504924,46.72234587651766,418942.7226520458,1.0,trend_tsmom,0.1,SOLUSDT,2026-05-22 04:00:00+00:00,2026-05-22 04:00:00+00:00,87.04,86.99648,46.988761328329026,46.85563192019158,266.41545181137343,172.70434460652675,0.003692704412781773,4,SIGNAL
2026-05-18 08:00:00+00:00,2026-05-18 08:00:00+00:00,12436,77073.69,77112.226845,0.9389846297600085,746.0239295141322,74874.1550564576,72.40719577402211,420303.00194816047,1.0,trend_tsmom,0.1,BTCUSDT,2026-05-22 08:00:00+00:00,2026-05-22 08:00:00+00:00,77408.07,77369.365965,72.64864545541214,72.52799910913495,241.44968139002106,96.3938401605868,0.001329944373464025,25,SIGNAL
2026-05-24 04:00:00+00:00,2026-05-24 04:00:00+00:00,12471,85.81,85.85290499999999,483.7575141504405,1.4440636596242784,81.52071402112716,41.531987905393926,419145.9877528972,1.0,trend_tsmom,0.1,SOLUSDT,2026-05-24 16:00:00+00:00,2026-05-24 16:00:00+00:00,85.3,85.25735,41.24388369905406,41.38787412313376,-288.10420633986087,-370.8800779443088,-0.008921065112990014,4,SIGNAL
2026-05-25 16:00:00+00:00,2026-05-25 16:00:00+00:00,12480,86.26,86.30313,522.2100376421424,1.3365474856495994,82.2934875430512,45.06836076593471,418775.1076749529,1.0,trend_tsmom,0.1,SOLUSDT,2026-05-25 20:00:00+00:00,2026-05-25 20:00:00+00:00,85.64,85.59718000000001,44.69970658986124,44.88395273533308,-368.65417607346376,-458.4222434292597,-0.010161547288763732,2,SIGNAL
2026-05-25 16:00:00+00:00,2026-05-25 16:00:00+00:00,12480,77628.82,77667.63441,0.9450617190759915,738.5322023983769,75452.03780280487,73.40070809208022,418775.1076749529,1.0,trend_tsmom,0.1,BTCUSDT,2026-05-26 00:00:00+00:00,2026-05-26 00:00:00+00:00,77322.01,77283.348995,73.0375346571645,73.21904888601973,-363.1734349157362,-509.6116776649809,-0.006935935474235868,3,SIGNAL
2026-05-27 16:00:00+00:00,2026-05-27 16:00:00+00:00,12492,84.44,84.48222,543.9769725748013,1.2801003682694396,80.64191889519168,45.95638227199833,417807.0737538587,1.0,trend_tsmom,0.1,SOLUSDT,2026-05-27 20:00:00+00:00,2026-05-27 20:00:00+00:00,83.92,83.87804000000001,45.62772226470809,45.79198155134093,-328.6600072902354,-420.24411182694183,-0.009135277121132431,2,SIGNAL
2026-07-05 04:00:00+00:00,2026-07-05 04:00:00+00:00,12723,62769.03,62800.414515,0.9318591334945345,745.346776137691,60564.37418658692,58.52113985304548,416734.9205787681,1.0,trend_tsmom,0.1,BTCUSDT,2026-07-05 08:00:00+00:00,2026-07-05 08:00:00+00:00,63020.21,62988.699895000005,58.69659530410198,58.608926094660426,175.45545105649703,58.23771589934956,0.0009941627334854256,2,SIGNAL
2026-07-05 12:00:00+00:00,2026-07-05 12:00:00+00:00,12725,62658.92,62690.24945999999,0.9579867111365222,725.0621154642661,60515.06311360719,60.05642590051353,416759.922817981,1.0,trend_tsmom,0.1,BTCUSDT,2026-07-08 04:00:00+00:00,2026-07-08 04:00:00+00:00,62766.0,62734.617000000006,60.098929414239365,60.07770330266913,42.50351372583135,-77.65184158892154,-0.0012916897094426764,17,SIGNAL
2026-07-02 12:00:00+00:00,2026-07-02 12:00:00+00:00,12707,82.37,82.411185,346.15419551904824,2.0096382625868614,76.38227021223942,28.52697744544646,417386.82964203175,1.0,trend_tsmom,0.1,SOLUSDT,,2026-07-08 12:00:00+00:00,76.38227021223942,76.3440790771333,26.426823275587683,27.476382191069007,-2100.154169858776,-2155.10797057981,-0.0754708422818873,37,STOP
2026-07-09 12:00:00+00:00,2026-07-09 12:00:00+00:00,12749,62786.33,62817.723164999996,0.8363887417927135,826.5696328806707,60338.01426635798,52.54003644025734,414800.1211494776,1.0,trend_tsmom,0.1,BTCUSDT,2026-07-13 04:00:00+00:00,2026-07-13 04:00:00+00:00,62806.41,62775.00679500001,52.5043089492991,52.522176893440594,-35.72749095824145,-140.7718363477979,-0.002676648412731219,23,SIGNAL
2026-07-14 16:00:00+00:00,2026-07-14 16:00:00+00:00,12780,64744.0,64776.371999999996,1.0019210164821855,695.1132014335969,62691.03239569921,64.90080847826817,417869.1152103213,1.0,trend_tsmom,0.1,BTCUSDT,2026-07-15 00:00:00+00:00,2026-07-15 00:00:00+00:00,65043.99,65011.468005,65.13635610656868,65.0186574339811,235.54762830050765,105.5104637156708,0.0016240946935554483,3,SIGNAL
2026-07-30 12:00:00+00:00,2026-07-30 12:00:00+00:00,12875,74.22,74.25711,654.1032452537996,1.0697598487941578,71.04783045361752,48.57181663416838,419840.0332430835,1.0,trend_tsmom,0.1,SOLUSDT,2026-07-31 04:00:00+00:00,2026-07-31 04:00:00+00:00,74.14,74.10293,48.470966995815154,48.52137873292578,-100.84963835322864,-197.8924219832122,-0.004070153042554429,5,SIGNAL
2026-07-18 12:00:00+00:00,2026-07-18 12:00:00+00:00,12803,64069.89,64101.924945,1.1099481622261194,626.529264296539,62222.33715211038,71.14981378785939,417249.0032920957,1.0,trend_tsmom,0.1,BTCUSDT,2026-08-10 20:00:00+00:00,2026-08-10 20:00:00+00:00,64045.7,64013.67715,71.05186330997864,71.10083183650012,-97.95047788075253,-240.15215497859057,-0.0033719307186267297,141,SIGNAL
2026-08-11 00:00:00+00:00,2026-08-11 00:00:00+00:00,12944,63970.01,64001.995005,1.5927821090281573,436.85216106224726,62691.43852181325,101.94123258607348,417486.18385814066,1.0,trend_tsmom,0.1,BTCUSDT,2026-08-11 04:00:00+00:00,2026-08-11 04:00:00+00:00,64155.0,64122.9225,102.13384373659909,102.03761182351798,192.6111505255976,-11.463925797074978,-0.00011234387728323177,2,SIGNAL
2026-08-11 08:00:00+00:00,2026-08-11 08:00:00+00:00,12946,64066.0,64098.032999999996,1.6455189363006482,422.9586753586782,62829.156973923964,105.47452708112384,417591.90574520594,1.0,trend_tsmom,0.1,BTCUSDT,2026-08-11 16:00:00+00:00,2026-08-11 16:00:00+00:00,63609.86,63578.05507,104.61889355085044,105.04652266922574,-855.6335302734025,-1065.7269509053767,-0.010094022870544792,3,SIGNAL
2026-08-12 04:00:00+00:00,2026-08-12 04:00:00+00:00,12951,76.42,76.45821,825.4392883643818,0.8414479782327238,73.93386606530183,63.11161045201446,416738.53220884036,1.0,trend_tsmom,0.1,SOLUSDT,2026-08-12 08:00:00+00:00,2026-08-12 08:00:00+00:00,76.26,76.22187000000001,62.916526130602435,63.014035273726705,-195.084321412025,-321.1124579946419,-0.0050829263273549415,2,SIGNAL
2026-08-12 12:00:00+00:00,2026-08-12 12:00:00+00:00,12953,76.83,76.868415,840.8105483917672,0.8278068003550334,74.3849945989349,64.63177417015595,417617.21386136976,1.0,trend_tsmom,0.1,SOLUSDT,2026-08-12 16:00:00+00:00,2026-08-12 16:00:00+00:00,75.75,75.712125,63.65955334115603,64.14543673680808,-972.2208289999152,-1100.5121565112272,-0.01701040638112514,2,SIGNAL
2026-08-12 04:00:00+00:00,2026-08-12 04:00:00+00:00,12951,63835.58,63867.49779,1.5924260436511541,436.1673329302962,62558.99579120911,101.70426682362854,416738.53220884036,1.0,trend_tsmom,0.1,BTCUSDT,2026-08-13 16:00:00+00:00,2026-08-13 16:00:00+00:00,63420.01,63388.29999500001,100.94117977481034,101.32255785808563,-763.0870488181953,-965.7324954166343,-0.009486010349614996,10,SIGNAL
2026-08-12 20:00:00+00:00,2026-08-12 20:00:00+00:00,12955,75.76,75.79788,797.1924864635854,0.8662206373204179,73.19921808803875,60.42550042586848,414326.7502149213,1.0,trend_tsmom,0.1,SOLUSDT,2026-08-13 16:00:00+00:00,2026-08-13 16:00:00+00:00,75.64,75.60218,60.269489856267555,60.34747122529155,-156.0105696009254,-276.7055598830614,-0.004574709829527011,6,SIGNAL
2026-07-04 12:00:00+00:00,2026-07-04 12:00:00+00:00,12719,1758.23,1759.109115,24.464679094447398,28.41877057982661,1673.8528032605202,43.036039990592364,417153.6614965084,1.0,trend_tsmom,0.1,ETHUSDT,2026-08-14 00:00:00+00:00,2026-08-14 00:00:00+00:00,1886.16,1885.21692,46.12122697122252,44.579415922505724,3085.1869806301515,2996.029713668337,0.06954721386181491,244,SIGNAL
2026-08-14 04:00:00+00:00,2026-08-14 04:00:00+00:00,12963,1883.0,1883.9415,38.039693804613314,18.13867464731981,1829.5254760580406,71.66455780580391,413993.77776332875,1.0,trend_tsmom,0.1,ETHUSDT,2026-08-14 12:00:00+00:00,2026-08-14 12:00:00+00:00,1878.2,1877.2609000000002,71.41042982737282,71.53744816894557,-254.12797843108774,-397.20296606426444,-0.0055369930695675605,3,SIGNAL
2026-08-16 08:00:00+00:00,2026-08-16 08:00:00+00:00,12976,63061.03,63092.560515,2.0218620747371054,340.7091105228111,62070.43318343157,127.56445530333427,413320.0974500908,1.0,trend_tsmom,0.1,BTCUSDT,2026-08-16 12:00:00+00:00,2026-08-16 12:00:00+00:00,63013.66,62982.153170000005,127.34122687970638,127.45281714761263,-223.2284236278999,-478.1341058109405,-0.0037444321635346175,2,SIGNAL
2026-08-16 00:00:00+00:00,2026-08-16 00:00:00+00:00,12974,75.35,75.38767499999999,1014.9324750786744,0.6788026147553103,73.35126715573405,76.5133995781767,413363.2907300898,1.0,trend_tsmom,0.1,SOLUSDT,2026-08-17 00:00:00+00:00,2026-08-17 00:00:00+00:00,74.62,74.58269000000001,75.69639415972551,76.10471164375804,-817.0054184511799,-969.2152121890822,-0.012654606520712269,7,SIGNAL
2026-08-17 16:00:00+00:00,2026-08-17 16:00:00+00:00,12984,64200.0,64232.1,1.8535942394424938,372.06449137077726,63115.906525887665,119.0602505472942,413793.9587435845,1.0,trend_tsmom,0.1,BTCUSDT,2026-08-17 20:00:00+00:00,2026-08-17 20:00:00+00:00,64309.95,64277.795025,119.1449505824054,119.1026515155144,84.7000351111824,-153.5051660185172,-0.0012880185746240898,2,SIGNAL
2026-08-17 04:00:00+00:00,2026-08-17 04:00:00+00:00,12981,75.52,75.55775999999999,1010.1208526113655,0.6810261003742772,73.51468169887715,76.32246895260492,412751.19909639505,1.0,trend_tsmom,0.1,SOLUSDT,2026-08-18 04:00:00+00:00,2026-08-18 04:00:00+00:00,75.5,75.46225,76.22599230997201,76.27422558067835,-96.47664263290164,-249.0251038954786,-0.0032595424516782463,7,SIGNAL
2026-08-18 16:00:00+00:00,2026-08-18 16:00:00+00:00,12990,64855.06,64887.48752999999,1.6602358021904018,415.4775758382043,63641.05480248538,107.72852991148923,413874.4478483187,1.0,trend_tsmom,0.1,BTCUSDT,2026-08-19 04:00:00+00:00,2026-08-19 04:00:00+00:00,64330.7,64298.53465,106.75072925431009,107.23941194257048,-977.8006571791306,-1192.27991634493,-0.011056391732960826,4,SIGNAL
2026-08-19 08:00:00+00:00,2026-08-19 08:00:00+00:00,12994,64296.01,64328.158005,1.749273679604757,392.892985692566,63149.4790479223,112.52755365560255,412366.4152640004,1.0,trend_tsmom,0.1,BTCUSDT,2026-08-19 12:00:00+00:00,2026-08-19 12:00:00+00:00,64515.62,64483.36219000001,112.79904825138757,112.66339699297747,271.4945957850242,46.16799387803408,0.000409871809238712,2,SIGNAL
2026-08-15 16:00:00+00:00,2026-08-15 16:00:00+00:00,12972,1884.92,1885.86246,45.66745130154657,15.094506152979962,1840.5789415410602,86.12253205346482,413596.5747972645,1.0,trend_tsmom,0.1,ETHUSDT,,2026-10-02 12:00:00+00:00,2746.63,2745.2566850000003,125.36887597248268,105.75554203783003,39246.34391901787,39034.85251099192,0.45279505519100366,287,END_OF_TEST
2026-08-18 12:00:00+00:00,2026-08-18 12:00:00+00:00,12989,76.32,76.35815999999998,992.1583365031076,0.6928475448762869,74.27961736537112,75.75938500403812,412448.6805448314,1.0,trend_tsmom,0.1,SOLUSDT,,2026-10-02 12:00:00+00:00,121.82,121.75909,120.80429618853218,98.29312639734634,45044.91118449405,44848.347503301484,0.5913926565923684,270,END_OF_TEST
2026-08-19 16:00:00+00:00,2026-08-19 16:00:00+00:00,12996,68554.0,68588.277,1.143698318317529,619.335294587541,66730.27111623737,78.44429706119686,424999.6409366772,1.0,trend_tsmom,0.1,BTCUSDT,,2026-10-02 12:00:00+00:00,86424.85,86381.63757500002,98.7945336280418,88.6245250598837,20350.23656684494,20172.9977361557,0.25690643738629676,263,END_OF_TEST
