signal_time,entry_time,entry_bar,entry_price_raw,entry_fill,quantity,entry_atr,initial_stop,entry_fee,entry_equity,cash_scale,strategy_id,strategy_version,symbol,exit_signal_time,exit_time,exit_price_raw,exit_fill,exit_fee,slippage_cost,gross_pnl,net_pnl,return_pct,bars_held,exit_reason
2020-09-14 16:00:00+00:00,2020-09-14 16:00:00+00:00,6,10698.03,10703.379015,1.0994406430362975,151.59223712740646,10248.602303617781,11.767729906912813,100000.0,1.0,trend_donchian,0.1,BTCUSDT,2020-09-21 12:00:00+00:00,2020-09-21 12:00:00+00:00,10636.46,10631.14177,11.688309343818842,11.728002702224332,-79.42056309397086,-102.87660234470252,-0.008733530538954083,42,SIGNAL
2020-10-01 12:00:00+00:00,2020-10-01 12:00:00+00:00,107,368.55,368.73427499999997,26.456815877091568,6.2930931082649195,349.8549956752052,9.755534821247847,99897.1233976553,1.0,trend_donchian,0.1,ETHUSDT,,2020-10-01 16:00:00+00:00,349.8549956752052,349.6800681773676,9.251421179657441,9.503354347879268,-504.1136415904061,-523.1205975913114,-0.053569384884310546,2,STOP
2020-10-10 04:00:00+00:00,2020-10-10 04:00:00+00:00,159,376.29,376.478145,26.263575352216765,6.341359986846301,357.45406503946106,9.88766212967029,99928.0715100421,1.0,trend_donchian,0.1,ETHUSDT,2020-10-16 08:00:00+00:00,2020-10-16 08:00:00+00:00,368.8,368.61560000000003,9.681163586602596,9.784363679590163,-206.498543067694,-226.06736878396688,-0.022840740742851518,38,SIGNAL
2020-10-22 12:00:00+00:00,2020-10-22 12:00:00+00:00,233,415.34,415.5476699999999,23.134080362540015,7.362228358011128,393.46098492596656,9.613313192246256,102191.02948896027,1.0,trend_donchian,0.1,ETHUSDT,,2020-10-26 12:00:00+00:00,393.46098492596656,393.2642544335036,9.097806865779056,9.355433491287766,-515.5063264672012,-534.2174465252265,-0.05551507082832936,25,STOP
2020-11-06 12:00:00+00:00,2020-11-06 12:00:00+00:00,323,1.7138,1.7146568999999998,2424.8058449806454,0.07314764356679779,1.4952139692996065,4.157710073256394,106421.3002003993,1.0,trend_donchian,0.1,SOLUSDT,2020-11-12 16:00:00+00:00,2020-11-12 16:00:00+00:00,1.9054,1.9044473000000002,4.61791494449761,4.387928657076087,460.2048712412155,451.4292462234615,0.1084679450970692,38,SIGNAL
2020-11-05 16:00:00+00:00,2020-11-05 16:00:00+00:00,318,414.18,414.38709,20.696309671705304,8.458952259490989,389.010233221527,8.576283538596815,105041.45727635807,1.0,trend_donchian,0.1,ETHUSDT,2020-11-15 20:00:00+00:00,2020-11-15 20:00:00+00:00,445.31,445.087345,9.211665523077135,8.894135599866344,635.3819844803197,617.5940354186457,0.07193990912073207,62,SIGNAL
2020-11-21 16:00:00+00:00,2020-11-21 16:00:00+00:00,414,2.395,2.3961975,1864.6165933233603,0.1011309540795297,2.092804637761411,4.467989619379952,113142.27304518831,1.0,trend_donchian,0.1,SOLUSDT,,2020-11-22 08:00:00+00:00,2.092804637761411,2.0917582354425304,3.9003271150269345,4.184017497581341,-567.6625043530182,-576.0308210874251,-0.12879514384403662,5,STOP
2020-10-09 12:00:00+00:00,2020-10-09 12:00:00+00:00,155,11050.44,11055.96522,1.6016378801854145,103.4087293071098,10745.73903207867,17.70765269836447,99374.002800064,1.0,trend_donchian,0.1,BTCUSDT,2020-11-26 04:00:00+00:00,2020-11-26 04:00:00+00:00,17927.98,17919.01601,28.699774817264906,23.206467589960877,10992.122118900434,10945.714691384805,0.6175171886267737,287,SIGNAL
2020-11-17 20:00:00+00:00,2020-11-17 20:00:00+00:00,391,483.07,483.311535,20.446651473786837,8.989468303608787,456.34313008917366,9.882102509405929,110282.71520312557,1.0,trend_donchian,0.1,ETHUSDT,2020-11-26 04:00:00+00:00,2020-11-26 04:00:00+00:00,532.06,531.79397,10.873405960451452,10.378004655292608,991.3034510455235,970.5479425756661,0.09811458273060777,51,SIGNAL
2020-12-16 16:00:00+00:00,2020-12-16 16:00:00+00:00,564,620.19,620.500095,15.735581772088702,11.834872814697409,584.9954765559078,9.763929984461306,111737.1653627644,1.0,trend_donchian,0.1,ETHUSDT,2020-12-21 12:00:00+00:00,2020-12-21 12:00:00+00:00,606.64,606.33668,9.54106040955678,9.652441892724502,-222.8695749045275,-242.1745652985456,-0.024778202327433788,30,SIGNAL
2020-12-30 00:00:00+00:00,2020-12-30 00:00:00+00:00,644,1.6734,1.6742366999999998,2429.8903184825235,0.07953883077114374,1.4356202076865685,4.068211548178129,115962.3809005332,1.0,trend_donchian,0.1,SOLUSDT,,2020-12-31 12:00:00+00:00,1.4356202076865685,1.4349023975827253,3.4866554438536252,3.777289051311365,-581.5561043245037,-589.1109713165355,-0.14466367884217485,10,STOP
2020-12-15 04:00:00+00:00,2020-12-15 04:00:00+00:00,555,19479.69,19489.429845,0.6197161127200398,298.58556953325825,18593.673136400223,12.077913702673326,111022.97307926996,1.0,trend_donchian,0.1,BTCUSDT,2021-01-11 16:00:00+00:00,2021-01-11 16:00:00+00:00,31582.82,31567.02859,19.562596247917163,15.822130101462873,7484.682545243833,7453.042035293243,0.6164637885437433,166,SIGNAL
2020-12-27 16:00:00+00:00,2020-12-27 16:00:00+00:00,630,697.74,698.0888699999999,9.052114647458348,21.292685009709675,634.2108149708708,6.319180485354646,115646.29551606585,1.0,trend_donchian,0.1,ETHUSDT,2021-01-11 16:00:00+00:00,2021-01-11 16:00:00+00:00,977.21,976.7213950000001,8.841394046165451,7.580919714378487,2522.213560810806,2507.052986279286,0.3963407032994222,91,SIGNAL
2021-01-02 00:00:00+00:00,2021-01-02 00:00:00+00:00,662,1.8421,1.84302105,2243.8985695528063,0.08656934693414424,1.5833130091975671,4.135552297750711,116551.70025158812,1.0,trend_donchian,0.1,SOLUSDT,2021-01-15 16:00:00+00:00,2021-01-15 16:00:00+00:00,3.1004,3.0988498000000004,6.9535046334790005,5.545234340006208,2817.95233572829,2806.8632787970605,0.6780374222573815,83,SIGNAL
2021-01-19 08:00:00+00:00,2021-01-19 08:00:00+00:00,766,1374.73,1375.417365,3.287900765768526,62.251316976573115,1188.6634140702806,4.522235807634829,122805.69165442439,1.0,trend_donchian,0.1,ETHUSDT,,2021-01-21 12:00:00+00:00,1188.6634140702806,1188.0690823632456,3.906253245688025,4.2140915845435485,-615.9825619468032,-624.4110510001261,-0.1379378011830472,14,STOP
2021-01-18 08:00:00+00:00,2021-01-18 08:00:00+00:00,760,4.0084,4.0104042,756.7696021050698,0.270797182966908,3.198012651099276,3.034951990714501,122958.64584302445,1.0,trend_donchian,0.1,SOLUSDT,2021-01-21 16:00:00+00:00,2021-01-21 16:00:00+00:00,3.3052,3.3035474000000002,2.500024251433238,2.767355080977747,-534.9277392812627,-540.4627155234105,-0.17790159263889013,21,SIGNAL
2021-01-29 12:00:00+00:00,2021-01-29 12:00:00+00:00,827,37023.83,37042.341915,0.13576528097144264,1495.151180589381,32556.888373231854,5.029063957930221,121793.77207650091,1.0,trend_donchian,0.1,BTCUSDT,,2021-01-31 12:00:00+00:00,32556.888373231854,32540.60992904524,4.417885049998943,4.72332289006736,-611.178907931278,-620.6258569392072,-0.12328454286417365,13,STOP
2021-02-02 20:00:00+00:00,2021-02-02 20:00:00+00:00,853,1516.29,1517.048145,3.868117920410475,52.673868502964815,1359.0265394911055,5.868121115799969,122249.24081619785,1.0,trend_donchian,0.1,ETHUSDT,2021-02-07 16:00:00+00:00,2021-02-07 16:00:00+00:00,1538.19,1537.4209050000002,5.9469253538441915,5.907544412767278,78.80423804422249,66.98919157457833,0.0114043776508096,30,SIGNAL
2021-02-12 20:00:00+00:00,2021-02-12 20:00:00+00:00,913,1840.36,1841.2801799999997,3.7421842665961025,57.35431784485899,1669.2172264654228,6.890409719991238,128778.25551623001,1.0,trend_donchian,0.1,ETHUSDT,,2021-02-15 00:00:00+00:00,1669.2172264654228,1668.3826178521902,6.243395183188883,6.566742339640465,-647.0145368023549,-660.148341705535,-0.09571112309030019,14,STOP
2021-01-31 00:00:00+00:00,2021-01-31 00:00:00+00:00,836,4.228,4.2301139999999995,1155.7787376859378,0.1750787672177956,3.7048776983466127,4.889075819187613,121411.38994235639,1.0,trend_donchian,0.1,SOLUSDT,2021-02-15 04:00:00+00:00,2021-02-15 04:00:00+00:00,8.1193,8.11524035,9.37942224774099,7.1353734039148256,4490.346428553376,4476.077930486448,0.9146117772633162,92,SIGNAL
2021-02-18 04:00:00+00:00,2021-02-18 04:00:00+00:00,945,1892.45,1893.396225,4.010264876653368,52.980554228228094,1734.4545623153158,7.593020378705577,127479.63346025531,1.0,trend_donchian,0.1,ETHUSDT,2021-02-22 12:00:00+00:00,2021-02-22 12:00:00+00:00,1802.5,1801.59875,7.224888188947612,7.408864102994395,-368.132189757965,-382.9500983256182,-0.05038410431081205,27,SIGNAL
2021-02-19 16:00:00+00:00,2021-02-19 16:00:00+00:00,954,10.9511,10.95657555,403.9153274417179,0.528046759467457,9.37243527159763,4.425528800918171,127971.70785290157,1.0,trend_donchian,0.1,SOLUSDT,,2021-02-22 12:00:00+00:00,9.37243527159763,9.36774905396183,3.783777426522836,4.104493702000231,-641.7513743953347,-649.9606806227757,-0.14671949917460908,18,STOP
2021-02-06 04:00:00+00:00,2021-02-06 04:00:00+00:00,873,39386.92,39406.61345999999,0.19255117533403984,1073.4180442323375,36186.359327302984,7.587789737657193,124012.74362502176,1.0,trend_donchian,0.1,BTCUSDT,2021-02-23 12:00:00+00:00,2021-02-23 12:00:00+00:00,46359.14,46335.96043,8.922043641028061,8.255252316630624,1334.2539033708688,1317.7440699921835,0.17349289949569613,105,SIGNAL
2021-02-22 20:00:00+00:00,2021-02-22 20:00:00+00:00,973,13.3165,13.323158249999999,255.94556043271135,0.8253454058609133,10.847122032417259,3.4100032050299514,126746.09547218103,1.0,trend_donchian,0.1,SOLUSDT,2021-02-28 04:00:00+00:00,2021-02-28 04:00:00+00:00,12.0785,12.072460750000001,3.0898927324606613,3.249868753593848,-320.1104725692904,-326.610368506781,-0.09568439230235057,33,SIGNAL
2021-03-11 20:00:00+00:00,2021-03-11 20:00:00+00:00,1075,15.73,15.737865,353.577331515324,0.5923590031191792,13.960787990642462,5.564552310448414,125666.82937317411,1.0,trend_donchian,0.1,SOLUSDT,,2021-03-13 00:00:00+00:00,13.960787990642462,13.953807596647142,4.933750054500752,5.248994794158596,-630.8022559476614,-641.3005583126105,-0.115132334583547,8,STOP
2021-03-09 04:00:00+00:00,2021-03-09 04:00:00+00:00,1059,53840.63,53867.55031499999,0.14576039901289467,1434.2945888634167,49564.66654840975,7.8517556277615785,125438.01094486038,1.0,trend_donchian,0.1,BTCUSDT,2021-03-16 04:00:00+00:00,2021-03-16 04:00:00+00:00,54272.66,54245.52367000001,7.906849174802624,7.8793181444968905,55.093547041044886,39.334942238480686,0.005004695568077863,43,SIGNAL
2021-03-08 00:00:00+00:00,2021-03-08 00:00:00+00:00,1052,1726.46,1727.32323,3.561911507754553,58.49587955338426,1551.8355913398473,6.152572490548764,125014.2879224542,1.0,trend_donchian,0.1,ETHUSDT,2021-03-22 20:00:00+00:00,2021-03-22 20:00:00+00:00,1737.76,1736.89112,6.186652468044694,6.169622541696455,34.07997749592983,21.740752537336373,0.0035300735647074617,90,SIGNAL
2021-03-22 08:00:00+00:00,2021-03-22 08:00:00+00:00,1138,16.1911,16.19919555,451.9507787313751,0.45958715093376684,14.820434097198698,7.321239043644326,124626.46245566997,1.0,trend_donchian,0.1,SOLUSDT,,2021-03-22 20:00:00+00:00,14.820434097198698,14.8130238801501,6.694757678000294,7.007843492441196,-626.4813656440325,-640.4973623656772,-0.08739743382867494,4,STOP
2021-03-30 12:00:00+00:00,2021-03-30 12:00:00+00:00,1187,59240.33,59269.950165,0.16613945079507902,1251.4662705102255,55515.551353469324,9.847076969064803,124750.7513226808,1.0,trend_donchian,0.1,BTCUSDT,2021-04-04 00:00:00+00:00,2021-04-04 00:00:00+00:00,57051.95,57023.424025,9.473840349968416,9.660367765453294,-373.2366190963891,-392.55753641542236,-0.03982556166427759,28,SIGNAL
2021-04-10 08:00:00+00:00,2021-04-10 08:00:00+00:00,1252,60480.4,60510.6402,0.20457590197310072,1043.2791909697123,57380.80262709087,12.379018797884768,128057.86890143741,1.0,trend_donchian,0.1,BTCUSDT,,2021-04-18 00:00:00+00:00,57380.80262709087,57352.112225777324,11.732860088650892,12.055780917535225,-646.1587092338749,-670.2705881204106,-0.05409160435621065,47,STOP
2021-03-30 12:00:00+00:00,2021-03-30 12:00:00+00:00,1187,1848.86,1849.7844299999997,5.556487580555912,37.418947825729326,1737.5275865228118,10.278304212000696,124750.7513226808,1.0,trend_donchian,0.1,ETHUSDT,2021-04-18 04:00:00+00:00,2021-04-18 04:00:00+00:00,2158.9,2157.8205500000004,11.98990308714333,11.13453433292175,1711.5988751426344,1689.3306678434903,0.16419469496225078,113,SIGNAL
2021-03-28 04:00:00+00:00,2021-03-28 04:00:00+00:00,1173,17.2403,17.24892015,298.8467897351411,0.6903959372530332,15.1777323382409,5.154784413225289,123793.56569655173,1.0,trend_donchian,0.1,SOLUSDT,2021-04-18 04:00:00+00:00,2021-04-18 04:00:00+00:00,22.0,21.989,6.571342059486018,5.863418841621316,1416.5576462607294,1404.831519788018,0.27225737862007177,127,SIGNAL
2021-04-22 16:00:00+00:00,2021-04-22 16:00:00+00:00,1326,2610.76,2612.06538,2.116263481923665,99.89363564175841,2312.3844730747246,5.527818576091061,126840.75191114492,1.0,trend_donchian,0.1,ETHUSDT,,2021-04-22 20:00:00+00:00,2312.3844730747246,2311.2282808381874,4.891168009127069,5.209335432300404,-636.6505669639924,-647.0695535492106,-0.11694000472712748,2,STOP
2021-04-30 16:00:00+00:00,2021-04-30 16:00:00+00:00,1374,57180.05,57208.640025,0.15321459918054398,1379.0997245765232,53071.34085127043,8.765198851094402,126778.92691859436,1.0,trend_donchian,0.1,BTCUSDT,2021-05-04 04:00:00+00:00,2021-05-04 04:00:00+00:00,55452.16,55424.43392,8.491832427861345,8.628449454984132,-273.36642323305415,-290.6234545120099,-0.03312339244355751,22,SIGNAL
2021-04-18 20:00:00+00:00,2021-04-18 20:00:00+00:00,1303,30.2,30.215099999999996,117.673747610406,1.782115132088598,24.868754603734203,3.555524051423178,125824.89975964741,1.0,trend_donchian,0.1,SOLUSDT,2021-05-07 04:00:00+00:00,2021-05-07 04:00:00+00:00,41.985,41.9640075,4.938062027276184,4.247139735628013,1382.5379758530066,1374.0443897743073,0.3860673414673735,111,SIGNAL
2021-04-27 16:00:00+00:00,2021-04-27 16:00:00+00:00,1356,2663.01,2664.341505,2.064250392206289,102.36363968726775,2357.2505859381968,5.499867996667745,126782.51002326343,1.0,trend_donchian,0.1,ETHUSDT,2021-05-16 20:00:00+00:00,2021-05-16 20:00:00+00:00,3419.81,3418.1000950000002,7.055814461704104,6.278231785358808,1555.9464650363602,1543.3907825779884,0.2803428981529226,116,SIGNAL
2021-05-18 12:00:00+00:00,2021-05-18 12:00:00+00:00,1481,54.506,54.533252999999995,58.43843657816643,3.644993757746775,43.59827172675967,3.186838046841604,127804.64192393847,1.0,trend_donchian,0.1,SOLUSDT,,2021-05-19 08:00:00+00:00,43.59827172675967,43.576472590896294,2.546540929803301,2.86653013067515,-640.2971170383031,-646.030496014948,-0.20251581706314478,6,STOP
2021-06-14 00:00:00+00:00,2021-06-14 00:00:00+00:00,1640,39020.56,39040.07027999999,0.18321997490391995,1156.8516197021436,35569.515420893564,7.15292069694887,127174.99483763153,1.0,trend_donchian,0.1,BTCUSDT,2021-06-17 20:00:00+00:00,2021-06-17 20:00:00+00:00,37702.53,37683.678735,6.904402672114082,7.028601312174217,-248.5180248347876,-262.5753482038506,-0.03667215760976819,24,SIGNAL
2021-06-03 16:00:00+00:00,2021-06-03 16:00:00+00:00,1578,38.496,38.515248,102.88711307056857,2.0598402727188896,32.33572718184333,3.9627226759169902,127158.61142792352,1.0,trend_donchian,0.1,SOLUSDT,2021-06-18 16:00:00+00:00,2021-06-18 16:00:00+00:00,35.544,35.526227999999996,3.655191037206799,3.808880925872271,-307.53163871019126,-315.1495524233151,-0.07944909181229934,91,SIGNAL
2021-06-29 16:00:00+00:00,2021-06-29 16:00:00+00:00,1734,36248.99,36267.114494999994,0.1813665144567917,1163.2144160901385,32777.471246729576,6.577640145363536,126580.88652729636,1.0,trend_donchian,0.1,BTCUSDT,,2021-07-01 16:00:00+00:00,32777.471246729576,32761.08251110621,5.94176334487069,6.259544340802365,-635.8768004928459,-648.39620398308,-0.09847733247981634,13,STOP
2021-07-01 00:00:00+00:00,2021-07-01 00:00:00+00:00,1742,2275.68,2276.8178399999997,2.6063249706490494,80.79873619229987,2034.4216314231,5.934127190011232,126352.65824092572,1.0,trend_donchian,0.1,ETHUSDT,,2021-07-02 00:00:00+00:00,2034.4216314231,2033.4044206073886,5.2997127168572,5.616762754006016,-634.414473154032,-645.6483130609005,-0.10869388017784104,7,STOP
2021-07-04 08:00:00+00:00,2021-07-04 08:00:00+00:00,1762,2334.47,2335.6372349999997,2.9602519962641805,70.53838781763828,2124.022071547085,6.9140747874577,125286.84201025238,1.0,trend_donchian,0.1,ETHUSDT,,2021-07-08 20:00:00+00:00,2124.022071547085,2122.9600605113114,6.284496757117735,6.59913002756247,-629.5780303399648,-642.7766018845402,-0.09287352063098459,28,STOP
2021-07-07 12:00:00+00:00,2021-07-07 12:00:00+00:00,1781,36.946,36.964473,164.36659931465007,1.2717928512726386,33.14909444618208,6.075724722468201,125424.15959781969,1.0,trend_donchian,0.1,SOLUSDT,,2021-07-08 20:00:00+00:00,33.14909444618208,33.132519898958996,5.4458796225168635,5.760646151378401,-629.8450999513371,-641.3667042963222,-0.1054567162907466,9,STOP
2021-07-24 00:00:00+00:00,2021-07-24 00:00:00+00:00,1880,33634.1,33650.91705,0.3278352203780523,631.5380046481207,31756.303036055633,11.031955807010307,124224.24055855924,1.0,trend_donchian,0.1,BTCUSDT,2021-08-03 04:00:00+00:00,2021-08-03 04:00:00+00:00,38658.48,38639.150760000004,12.667274504625388,11.85002694799799,1635.3186976150819,1611.6194673034463,0.14594052822641956,62,SIGNAL
2021-08-06 20:00:00+00:00,2021-08-06 20:00:00+00:00,1963,42901.18,42922.63059,0.20069314203156596,1083.7203576230227,39671.469517130936,8.614277597367309,130497.14619296204,1.0,trend_donchian,0.1,BTCUSDT,2021-08-18 00:00:00+00:00,2021-08-18 00:00:00+00:00,44695.95,44673.602025,8.965685556264978,8.790071626323236,351.40795889766974,333.8279957440374,0.03871415768453028,68,SIGNAL
2021-07-23 04:00:00+00:00,2021-07-23 04:00:00+00:00,1875,2059.91,2060.939955,3.616472266856993,57.147172508639144,1889.4984374740825,7.453332190914998,124002.6987040715,1.0,trend_donchian,0.1,ETHUSDT,2021-08-18 00:00:00+00:00,2021-08-18 00:00:00+00:00,3011.73,3010.2241350000004,10.886392101251083,9.170722703739864,3433.0599103360837,3414.7201860439177,0.4576890966063283,156,SIGNAL
2021-08-20 16:00:00+00:00,2021-08-20 16:00:00+00:00,2046,48718.38,48742.73918999999,0.22787556952890137,1003.0406550751277,45733.61722477461,11.107279453319949,137141.07632153222,1.0,trend_donchian,0.1,BTCUSDT,2021-08-25 00:00:00+00:00,2021-08-25 00:00:00+00:00,47674.01,47650.17299500001,10.858310309386303,10.982735384748603,-248.96914393364625,-270.9347336963525,-0.02436816961023023,27,SIGNAL
2021-08-23 04:00:00+00:00,2021-08-23 04:00:00+00:00,2061,3340.22,3341.89011,3.006875621615101,76.41174015902732,3112.654889522918,10.04864790187561,137856.3592136201,1.0,trend_donchian,0.1,ETHUSDT,,2021-08-25 08:00:00+00:00,3112.654889522918,3111.0985620781566,9.354686422754606,9.70149609731905,-693.9614791210035,-713.3648134456338,-0.07092020421487062,14,STOP
2021-07-26 04:00:00+00:00,2021-07-26 04:00:00+00:00,1893,30.108,30.123054,180.1436348029193,1.1697073270644474,26.613932018806658,5.426476438924618,126429.19773179802,1.0,trend_donchian,0.1,SOLUSDT,2021-08-25 12:00:00+00:00,2021-08-25 12:00:00+00:00,67.687,67.6531565,12.187285517800746,8.808573382776194,6760.809078876128,6743.195316919403,1.2414057139804568,183,SIGNAL
2021-08-31 12:00:00+00:00,2021-08-31 12:00:00+00:00,2111,3429.9,3431.6149499999997,3.041226363999059,75.19730473832709,3206.0230357850182,10.43631785703331,137215.215403123,1.0,trend_donchian,0.1,ETHUSDT,2021-09-07 12:00:00+00:00,2021-09-07 12:00:00+00:00,3749.21,3747.335395,11.396495198020828,10.916649301023314,960.177340987516,938.3445279324619,0.08982163380352648,43,SIGNAL
2021-09-03 16:00:00+00:00,2021-09-03 16:00:00+00:00,2130,50550.45,50575.725224999995,0.264035250301285,881.5483345442618,47931.08022136721,13.353774268951888,139655.90109844506,1.0,trend_donchian,0.1,BTCUSDT,,2021-09-07 12:00:00+00:00,47931.08022136721,47907.11468125653,12.649167016077932,13.00129774102435,-704.6072528739546,-730.6101941589844,-0.05465723016916223,24,STOP
2021-08-27 20:00:00+00:00,2021-08-27 20:00:00+00:00,2089,85.64,85.68281999999999,53.662469566944864,4.196656223408104,73.09285132977568,4.5979517206600145,135121.7621229403,1.0,trend_donchian,0.1,SOLUSDT,2021-09-13 04:00:00+00:00,2021-09-13 04:00:00+00:00,154.95,154.872525,8.310842159568407,6.4553267765548,3712.890438908393,3699.9816450281646,0.8038982538811679,99,SIGNAL
2021-09-18 08:00:00+00:00,2021-09-18 08:00:00+00:00,2218,48622.01,48646.321005,0.2694624691642283,859.9186282042626,46066.56512038721,13.108357773762963,139029.47810174196,1.0,trend_donchian,0.1,BTCUSDT,,2021-09-20 00:00:00+00:00,46066.56512038721,46043.53183782702,12.407003778062627,12.757508626790168,-701.3539957003369,-726.8693572521624,-0.055395437519376874,11,STOP
2021-10-01 12:00:00+00:00,2021-10-01 12:00:00+00:00,2297,153.27,153.346635,37.23092200541115,6.191207079802681,134.77301376059194,5.709236607477252,138302.6087444898,1.0,trend_donchian,0.1,SOLUSDT,2021-10-06 04:00:00+00:00,2021-10-06 04:00:00+00:00,157.96,157.88102,5.878055941754758,5.79368992787143,168.81933427750678,157.23204172827477,0.02751242899195943,29,SIGNAL
2021-10-01 12:00:00+00:00,2021-10-01 12:00:00+00:00,2297,3235.48,3237.0977399999997,2.406090396271757,95.8003690404359,2949.696632878692,7.788749784007009,138302.6087444898,1.0,trend_donchian,0.1,ETHUSDT,2021-10-11 00:00:00+00:00,2021-10-11 00:00:00+00:00,3414.22,3412.51289,8.21081449178258,7.999889654042984,422.06470777557035,406.0651434997808,0.052082746944666775,58,SIGNAL
2021-10-01 12:00:00+00:00,2021-10-01 12:00:00+00:00,2297,47488.07,47511.814034999996,0.20465332871367833,1126.3161432862482,44132.865605141254,9.723450895488009,138302.6087444898,1.0,trend_donchian,0.1,BTCUSDT,2021-10-22 16:00:00+00:00,2021-10-22 16:00:00+00:00,60690.94,60660.59453,12.414392592315249,11.069597246724387,2690.9416968272385,2668.803853339435,0.2741966555167141,128,SIGNAL
2021-10-14 12:00:00+00:00,2021-10-14 12:00:00+00:00,2375,3735.74,3737.6078699999994,2.8280594658731673,83.05185548927928,3488.4523035321617,10.570177316475545,140925.351644872,1.0,trend_donchian,0.1,ETHUSDT,2021-10-28 00:00:00+00:00,2021-10-28 00:00:00+00:00,3921.99,3920.029005,11.086075134087624,10.828257906799038,515.8978176120784,494.24156516151515,0.04671140346667366,82,SIGNAL
2021-11-02 16:00:00+00:00,2021-11-02 16:00:00+00:00,2490,64018.74,64050.74937,0.19364189501984286,1244.0255616189124,60318.67268514326,12.402908485447806,144537.2803230063,1.0,trend_donchian,0.1,BTCUSDT,,2021-11-06 08:00:00+00:00,60318.67268514326,60288.51334880069,11.674381972790858,12.038466107107507,-728.5265126569476,-752.6038031151863,-0.06061900336087796,23,STOP
2021-10-29 04:00:00+00:00,2021-10-29 04:00:00+00:00,2463,4379.84,4382.02992,2.3322698501956247,102.79292060322354,4073.651158190329,10.220076265071146,143844.49772187055,1.0,trend_donchian,0.1,ETHUSDT,2021-11-06 12:00:00+00:00,2021-11-06 12:00:00+00:00,4369.53,4367.345235,10.185827616986026,10.202945929602516,-34.24864808512034,-54.654551967177504,-0.00534242119129453,51,SIGNAL
2021-10-20 16:00:00+00:00,2021-10-20 16:00:00+00:00,2412,168.75,168.834375,55.645876866007285,4.306388485365199,155.9152095439044,9.394936841999298,143779.65803629407,1.0,trend_donchian,0.1,SOLUSDT,2021-11-10 04:00:00+00:00,2021-11-10 04:00:00+00:00,236.61,236.49169500000002,13.159787739803352,11.278306323201614,3764.8508978040536,3742.2961732222507,0.3979332355800123,124,SIGNAL
2021-11-08 04:00:00+00:00,2021-11-08 04:00:00+00:00,2523,4720.51,4722.870255,3.001237643964959,80.87423326517961,4480.247555204461,14.174455996868385,145633.6759813561,1.0,trend_donchian,0.1,ETHUSDT,,2021-11-10 20:00:00+00:00,4480.247555204461,4478.007431426859,13.439564473153123,13.806829963835696,-734.8915237152618,-762.5055441852833,-0.0537406021474964,17,STOP
2021-11-08 04:00:00+00:00,2021-11-08 04:00:00+00:00,2523,65200.0,65232.6,0.23758054866172298,1021.6442156965422,62167.66735291037,15.49799689863071,145633.6759813561,1.0,trend_donchian,0.1,BTCUSDT,,2021-11-16 00:00:00+00:00,62167.66735291037,62136.58351923392,14.76244360446457,15.13004014573256,-735.5532941661412,-765.8137346692365,-0.04936435921282494,48,STOP
2021-11-25 16:00:00+00:00,2021-11-25 16:00:00+00:00,2628,4475.65,4477.887825,2.1757055338721654,109.87674852627967,4148.257579421161,9.742565320911293,143435.66988750416,1.0,trend_donchian,0.1,ETHUSDT,,2021-11-26 08:00:00+00:00,4148.257579421161,4146.183450631451,9.020874277988037,9.381541722073232,-721.6910429232565,-740.4544825221558,-0.07592607731011963,5,STOP
2021-11-30 12:00:00+00:00,2021-11-30 12:00:00+00:00,2657,4590.47,4592.765235,2.109364252660518,112.747411315204,4254.523001054387,9.687814807570984,142695.215404982,1.0,trend_donchian,0.1,ETHUSDT,,2021-12-03 16:00:00+00:00,4254.523001054387,4252.39573955386,8.9698515611808,9.328656025727689,-717.9632463901843,-736.620912758936,-0.07595985703154792,20,STOP
2021-12-01 16:00:00+00:00,2021-12-01 16:00:00+00:00,2664,229.51,229.62475499999996,32.19424354781356,7.401203163093647,207.42114551071901,7.392595287077018,142965.68230769093,1.0,trend_donchian,0.1,SOLUSDT,,2021-12-03 20:00:00+00:00,207.42114551071901,207.31743493796367,6.674427992100794,7.033333856097374,-718.167294976224,-732.2343182554018,-0.09895074558169045,14,STOP
2021-12-23 20:00:00+00:00,2021-12-23 20:00:00+00:00,2797,4133.64,4135.70682,2.655490259229113,88.63797038552973,3869.792908843411,10.982329175537412,141226.36017396767,1.0,trend_donchian,0.1,ETHUSDT,2021-12-28 04:00:00+00:00,2021-12-28 04:00:00+00:00,3960.71,3958.7296450000003,10.512368011219028,10.747233789894782,-469.9611643183861,-491.4558615051426,-0.04470498823711584,27,SIGNAL
2021-12-23 20:00:00+00:00,2021-12-23 20:00:00+00:00,2797,51110.0,51135.555,0.2519692120389211,934.1509030089542,48333.10229097314,12.884585500522912,141226.36017396767,1.0,trend_donchian,0.1,BTCUSDT,2021-12-28 08:00:00+00:00,2021-12-28 08:00:00+00:00,49227.14,49202.526430000005,12.39752181489129,12.640935052018035,-487.0636856316211,-512.3457929470353,-0.03972451880328435,28,SIGNAL
2021-12-23 20:00:00+00:00,2021-12-23 20:00:00+00:00,2797,191.11,191.205555,40.571436305707955,5.801551248593528,173.8009012542194,7.7574839959800395,141226.36017396767,1.0,trend_donchian,0.1,SOLUSDT,2021-12-28 16:00:00+00:00,2021-12-28 16:00:00+00:00,185.57,185.477215,7.5250770145326005,7.6412243138163225,-232.40698144743922,-247.68954245795186,-0.031897210549943746,30,SIGNAL
2022-02-01 04:00:00+00:00,2022-02-01 04:00:00+00:00,3033,106.92,106.97346,52.141411890691444,4.474206582364223,93.55084025290734,5.577747239232405,139974.86897705751,1.0,trend_donchian,0.1,SOLUSDT,2022-02-11 04:00:00+00:00,2022-02-11 04:00:00+00:00,104.66,104.60767,5.454391608395526,5.516039963916192,-123.35563083687913,-134.38776968450705,-0.02406948726970538,61,SIGNAL
2022-02-01 04:00:00+00:00,2022-02-01 04:00:00+00:00,3033,2751.63,2753.005815,2.836389352112579,82.24944439356938,2506.257481819292,7.808596379970013,139974.86897705751,1.0,trend_donchian,0.1,ETHUSDT,2022-02-11 20:00:00+00:00,2022-02-11 20:00:00+00:00,2992.9,2991.4035500000005,8.484785177091771,8.146861862444263,676.1887971217576,659.8954155646958,0.084424414748383,65,SIGNAL
2022-02-04 16:00:00+00:00,2022-02-04 16:00:00+00:00,3054,39490.88,39510.625439999996,0.281260839432482,831.4327951200881,37016.32705463973,11.112791677756777,140309.69153230247,1.0,trend_donchian,0.1,BTCUSDT,2022-02-17 20:00:00+00:00,2022-02-17 20:00:00+00:00,41204.22,41183.61789,11.583338938607984,11.348185782043641,470.5472608512061,447.8511302348413,0.04026024598336084,80,SIGNAL
2022-03-01 00:00:00+00:00,2022-03-01 00:00:00+00:00,3200,2920.83,2922.290415,2.284059179602905,103.19763438299918,2612.697511851002,6.674684247846334,141425.7024754762,1.0,trend_donchian,0.1,ETHUSDT,2022-03-04 04:00:00+00:00,2022-03-04 04:00:00+00:00,2725.33,2723.9673350000003,6.221702596445213,6.4480817887526,-452.98165140112053,-465.8780382454121,-0.06972803631422164,20,SIGNAL
2022-03-01 00:00:00+00:00,2022-03-01 00:00:00+00:00,3200,99.67,99.71983499999999,55.66559108392519,4.234384285445243,87.01668214366426,5.550963558066491,141425.7024754762,1.0,trend_donchian,0.1,SOLUSDT,2022-03-04 04:00:00+00:00,2022-03-04 04:00:00+00:00,91.53,91.48423500000001,5.092524016135718,5.32163050762192,-458.43954193077303,-469.08302950497523,-0.08442037318168108,20,SIGNAL
2022-02-28 16:00:00+00:00,2022-02-28 16:00:00+00:00,3198,40824.96,40845.37248,0.20999141136912036,1118.6824803469021,37489.325038959294,8.577177414972628,140948.22775317254,1.0,trend_donchian,0.1,BTCUSDT,2022-03-04 16:00:00+00:00,2022-03-04 16:00:00+00:00,40694.32,40673.97284,8.54118496266087,8.559174330496536,-35.9924523117583,-53.110814689391795,-0.006185922753543586,25,SIGNAL
2022-03-24 16:00:00+00:00,2022-03-24 16:00:00+00:00,3342,44000.0,44022.0,0.32896044321283796,720.7366801619888,41859.78995951403,14.481496631115553,142256.31464750238,1.0,trend_donchian,0.1,BTCUSDT,2022-03-31 20:00:00+00:00,2022-03-31 20:00:00+00:00,45581.98,45559.18901000001,14.98717100914706,14.734463922339836,505.6743780315066,476.205710391244,0.03285088499683518,44,SIGNAL
2022-03-17 16:00:00+00:00,2022-03-17 16:00:00+00:00,3300,2801.36,2802.76068,3.9471547660781248,59.09748674055522,2625.468219778334,11.062930176238366,139960.1558707328,1.0,trend_donchian,0.1,ETHUSDT,2022-03-31 20:00:00+00:00,2022-03-31 20:00:00+00:00,3283.55,3281.9082250000006,12.95419969213975,12.0090407538256,1891.2695159013856,1867.2523860330075,0.16861599678542355,86,SIGNAL
2022-03-17 20:00:00+00:00,2022-03-17 20:00:00+00:00,3301,90.8,90.8454,100.71626658066114,2.3175964184385363,83.89261074468439,9.149609524026793,140051.79522350465,1.0,trend_donchian,0.1,SOLUSDT,2022-04-06 04:00:00+00:00,2022-04-06 04:00:00+00:00,123.7,123.63815000000001,12.45237287493977,10.801819590775244,3302.763350912977,3281.1613685140105,0.3582539207188338,117,SIGNAL
2022-04-21 12:00:00+00:00,2022-04-21 12:00:00+00:00,3509,42440.01,42461.230005,0.3910565140237769,620.4762829020806,40599.80115629375,16.6047405869171,145584.77533567106,1.0,trend_donchian,0.1,BTCUSDT,,2022-04-21 20:00:00+00:00,40599.80115629375,40579.50125571561,15.868878301883623,16.236629537984317,-735.8622850334751,-768.3359039222757,-0.046225855295291836,3,STOP
2022-05-31 00:00:00+00:00,2022-05-31 00:00:00+00:00,3746,31734.23,31750.097114999997,0.4382662260804757,550.7171623622411,30097.945627913272,13.914995240279648,144816.4394317488,1.0,trend_donchian,0.1,BTCUSDT,,2022-06-01 16:00:00+00:00,30097.945627913272,30082.896655099317,13.184317586599343,13.54947713139328,-730.6776536803043,-757.7769665071833,-0.054403176823897274,11,STOP
2022-06-24 12:00:00+00:00,2022-06-24 12:00:00+00:00,3893,40.28,40.30014,118.51628187264716,2.025863172398558,34.22255048280432,4.776222751747143,144058.6624652416,1.0,trend_donchian,0.1,SOLUSDT,2022-06-28 04:00:00+00:00,2022-06-28 04:00:00+00:00,37.75,37.731125,4.471752645872084,4.623912737261226,-304.47010587505866,-313.71808127267786,-0.06561768428439363,23,SIGNAL
2022-06-26 12:00:00+00:00,2022-06-26 12:00:00+00:00,3905,1269.72,1270.35486,5.71553542158768,42.068041455064396,1144.1507356348068,7.260758200316058,144264.8286319437,1.0,trend_donchian,0.1,ETHUSDT,2022-06-28 20:00:00+00:00,2022-06-28 20:00:00+00:00,1156.22,1155.64189,6.605112156965534,6.932773000322144,-655.6460433505239,-669.5119137078055,-0.09211752439408517,15,SIGNAL
2022-07-07 20:00:00+00:00,2022-07-07 20:00:00+00:00,3973,21812.46,21823.36623,0.5107183930838587,466.9090781657975,20422.638995502606,11.145594532666149,143075.43247026112,1.0,trend_donchian,0.1,BTCUSDT,2022-07-11 04:00:00+00:00,2022-07-11 04:00:00+00:00,20540.68,20530.40966,10.485257830908532,10.81526380142766,-660.3367017576169,-681.9675541211915,-0.061126058897673446,21,SIGNAL
2022-07-07 20:00:00+00:00,2022-07-07 20:00:00+00:00,3973,1247.8,1248.4238999999998,6.783028392691037,35.15524929455555,1142.9581521163332,8.468094759814074,143075.43247026112,1.0,trend_donchian,0.1,ETHUSDT,,2022-07-11 04:00:00+00:00,1142.9581521163332,1142.3866730402751,7.748841238664038,8.108290212929251,-719.2535211500358,-735.4704571485139,-0.08676517472546785,21,STOP
2022-07-18 08:00:00+00:00,2022-07-18 08:00:00+00:00,4036,22245.93,22257.052965,0.48990455558909235,484.31634037888085,20804.103943863356,10.903831641541215,142361.26889871072,1.0,trend_donchian,0.1,BTCUSDT,2022-07-23 12:00:00+00:00,2022-07-23 12:00:00+00:00,22230.28,22219.16486,10.885270086299077,10.894548947166966,-18.561555242136976,-40.350656969977265,-0.003696897379612897,32,SIGNAL
2022-07-18 08:00:00+00:00,2022-07-18 08:00:00+00:00,4036,42.14,42.161069999999995,178.85237171493935,1.3266180326421269,38.18121590207362,7.540607363539577,142361.26889871072,1.0,trend_donchian,0.1,SOLUSDT,2022-07-23 12:00:00+00:00,2022-07-23 12:00:00+00:00,39.61,39.590195,7.080800272406934,7.310590693846835,-459.8070911326436,-474.4284987685901,-0.06285362987019263,32,SIGNAL
2022-07-16 20:00:00+00:00,2022-07-16 20:00:00+00:00,4027,1336.23,1336.898115,5.455758203883138,43.274765597861446,1207.0738182064156,7.293792858667153,141657.99445899142,1.0,trend_donchian,0.1,ETHUSDT,2022-07-26 00:00:00+00:00,2022-07-26 00:00:00+00:00,1440.79,1440.0696050000001,7.856671561641502,7.575374823672517,562.8787029743481,547.7282385540394,0.07502009833557752,56,SIGNAL
2022-07-30 16:00:00+00:00,2022-07-30 16:00:00+00:00,4110,24526.57,24538.833284999997,0.45497858373433775,519.1212951389978,22981.469399583002,11.164643614502326,141713.4429892058,1.0,trend_donchian,0.1,BTCUSDT,,2022-08-01 08:00:00+00:00,22981.469399583002,22969.978664883212,10.450848361356519,10.807570241006658,-713.7952531458071,-735.410745121666,-0.06580380838115649,11,STOP
2022-07-30 16:00:00+00:00,2022-07-30 16:00:00+00:00,4110,46.29,46.313145,142.64247215270322,1.6558116813611345,41.3457099559166,6.606221495966606,141713.4429892058,1.0,trend_donchian,0.1,SOLUSDT,,2022-08-01 16:00:00+00:00,41.3457099559166,41.325037100938644,5.894705453880068,6.2502871584837365,-711.5160420865383,-724.0169690363849,-0.10948674303497499,13,STOP
2022-07-28 16:00:00+00:00,2022-07-28 16:00:00+00:00,4098,1728.32,1729.1841599999998,3.7963141451550753,62.20548762305646,1542.5676971308303,6.564526286186097,141690.94354180692,1.0,trend_donchian,0.1,ETHUSDT,2022-08-01 20:00:00+00:00,2022-08-01 20:00:00+00:00,1622.28,1621.46886,6.155605169146475,6.359965087377839,-408.9211170396219,-421.6412484949545,-0.06416609669960074,26,SIGNAL
2022-08-08 12:00:00+00:00,2022-08-08 12:00:00+00:00,4163,1789.37,1790.2646849999999,6.023323435006665,38.68569572035034,1674.207597838949,10.783343232025324,139809.87457915393,1.0,trend_donchian,0.1,ETHUSDT,,2022-08-09 12:00:00+00:00,1674.207597838949,1673.3704940400296,10.079251712199992,10.431124057012646,-704.0915198253332,-724.9541147695585,-0.06716190603427999,7,STOP
2022-08-11 04:00:00+00:00,2022-08-11 04:00:00+00:00,4179,24324.37,24336.532184999996,0.5701112046489775,407.2191398665471,23114.874765400356,13.874529680968958,139296.11663126256,1.0,trend_donchian,0.1,BTCUSDT,2022-08-17 16:00:00+00:00,2022-08-17 16:00:00+00:00,23391.9,23380.204050000004,13.329316295884404,13.60179008552505,-545.2133850845556,-572.417231061409,-0.041215478926115004,40,SIGNAL
2022-08-10 16:00:00+00:00,2022-08-10 16:00:00+00:00,4176,1837.49,1838.408745,5.262426829541853,44.049676752304634,1706.259714743086,9.674491503352368,139084.92046438437,1.0,trend_donchian,0.1,ETHUSDT,2022-08-17 16:00:00+00:00,2022-08-17 16:00:00+00:00,1830.92,1830.0045400000001,9.630264989479398,9.652369602879201,-44.22651387296884,-63.53127036580061,-0.006560324389270977,43,SIGNAL
2022-08-11 04:00:00+00:00,2022-08-11 04:00:00+00:00,4179,43.83,43.851915,198.61965510201588,1.1688681780571741,40.345310465828476,8.709852232862918,139296.11663126256,1.0,trend_donchian,0.1,SOLUSDT,2022-08-17 16:00:00+00:00,2022-08-17 16:00:00+00:00,41.11,41.089445000000005,8.161171394233252,8.435376752181513,-548.6808386296644,-565.5518622567606,-0.06486756150117472,40,SIGNAL
2022-09-06 16:00:00+00:00,2022-09-06 16:00:00+00:00,4338,33.79,33.806895,311.08417334947393,0.7387251421166605,31.590719573650016,10.516789984587462,137883.4201007004,1.0,trend_donchian,0.1,SOLUSDT,,2022-09-06 16:00:00+00:00,31.590719573650016,31.57492421386319,9.822459197641919,10.169453550780752,-694.3307869455438,-714.6700361277732,-0.06788726228193588,1,STOP
2022-09-09 08:00:00+00:00,2022-09-09 08:00:00+00:00,4354,1704.93,1705.782465,5.210314472350532,43.92628323689925,1574.0036152893022,8.887663064071265,137321.84955947087,1.0,trend_donchian,0.1,ETHUSDT,,2022-09-13 12:00:00+00:00,1574.0036152893022,1573.2166134816575,8.196953289365775,8.542137634808814,-690.7097747054916,-707.7943910589286,-0.07955829318210793,26,STOP
2022-09-09 08:00:00+00:00,2022-09-09 08:00:00+00:00,4354,20631.76,20642.075879999997,0.6468916316808624,353.7992115790662,19580.6782452628,13.353186147293371,137321.84955947087,1.0,trend_donchian,0.1,BTCUSDT,2022-09-13 16:00:00+00:00,2022-09-13 16:00:00+00:00,20829.77,20819.355115000002,13.46786660088566,13.410558396840319,114.68045359228856,87.85940084410953,0.006573085123409707,27,SIGNAL
2022-09-09 04:00:00+00:00,2022-09-09 04:00:00+00:00,4353,34.74,34.75737,264.9364011204719,0.8629036345103774,32.16865909646887,9.208492520212657,137168.75006457264,1.0,trend_donchian,0.1,SOLUSDT,2022-09-14 00:00:00+00:00,2022-09-14 00:00:00+00:00,33.0,32.9835,8.738529786357086,8.97339590595046,-469.9627338555721,-487.90975616214183,-0.05293182708879013,30,SIGNAL
2022-10-25 20:00:00+00:00,2022-10-25 20:00:00+00:00,4633,31.51,31.525755,321.9977834658033,0.7162607471579988,29.376972758526005,10.151223232085966,138380.6237810615,1.0,trend_donchian,0.1,SOLUSDT,2022-11-02 08:00:00+00:00,2022-11-02 08:00:00+00:00,31.72,31.70414,10.208662806689514,10.179959924270927,57.4395746035469,37.079688564771416,0.0036490819945490163,46,SIGNAL
2022-10-24 00:00:00+00:00,2022-10-24 00:00:00+00:00,4622,1364.19,1364.872095,13.435381445599772,16.878432253562483,1314.2367982393125,18.337577220779888,136060.90531819567,1.0,trend_donchian,0.1,ETHUSDT,2022-11-02 20:00:00+00:00,2022-11-02 20:00:00+00:00,1535.93,1535.162035,20.62548752102819,19.482109219004982,2287.9103002483,2248.9472355064913,0.12251894063876606,60,SIGNAL
2022-11-05 04:00:00+00:00,2022-11-05 04:00:00+00:00,4695,34.69,34.707345,261.35005830707996,0.8953199958165486,32.021385012550354,9.07076663943394,140395.15986608973,1.0,trend_donchian,0.1,SOLUSDT,,2022-11-07 04:00:00+00:00,32.021385012550354,32.00537432004408,8.36460644468344,8.717512181386555,-706.1601947504984,-723.5955678346157,-0.07969256887250128,13,STOP
2022-10-25 16:00:00+00:00,2022-10-25 16:00:00+00:00,4632,19748.48,19758.354239999997,1.228633785537421,185.3358115663091,19202.34680530107,24.27578156588055,136625.9038562187,1.0,trend_donchian,0.1,BTCUSDT,2022-11-08 04:00:00+00:00,2022-11-08 04:00:00+00:00,20147.62,20137.54619,24.741669606854373,24.50884818558412,465.8880409738214,416.87058980108645,0.017155127818860614,82,SIGNAL
2022-11-30 04:00:00+00:00,2022-11-30 04:00:00+00:00,4845,1265.09,1265.7225449999999,9.754646725387225,23.585376137537448,1194.9664165873876,12.346676278833034,138040.20726423338,1.0,trend_donchian,0.1,ETHUSDT,2022-12-04 00:00:00+00:00,2022-12-04 00:00:00+00:00,1240.5,1239.87975,12.094588943211432,12.2205726443303,-252.08733562160137,-276.52860084364585,-0.0223746328369161,24,SIGNAL
2022-11-30 04:00:00+00:00,2022-11-30 04:00:00+00:00,4845,16845.25,16853.672625,1.1041735820850926,208.36127203170636,16228.58880890488,18.609380073635716,138040.20726423338,1.0,trend_donchian,0.1,BTCUSDT,2022-12-07 08:00:00+00:00,2022-12-07 08:00:00+00:00,16763.03,16754.648485,18.50004023425902,18.55468745765558,-109.33983937669318,-146.44925968458793,-0.007861785623645274,44,SIGNAL
2022-12-13 16:00:00+00:00,2022-12-13 16:00:00+00:00,4926,1323.78,1324.4418899999998,12.629038705191835,18.227964322117884,1269.7579970336462,16.726427891587424,138121.00016452957,1.0,trend_donchian,0.1,ETHUSDT,,2022-12-15 12:00:00+00:00,1269.7579970336462,1269.1231180351294,16.027804979319395,16.37694587395968,-698.6229122680292,-731.3771451389359,-0.043682159955251126,12,STOP
2022-12-13 12:00:00+00:00,2022-12-13 12:00:00+00:00,4925,17444.32,17453.042159999997,1.7798269555521344,128.86761170274724,17066.439324891755,31.063394892755845,137617.22940370513,1.0,trend_donchian,0.1,BTCUSDT,,2022-12-16 08:00:00+00:00,17066.439324891755,17057.90610522931,30.36012109136445,30.71158985149957,-703.2738013913921,-764.6973173755124,-0.024592720358767816,18,STOP
2022-12-14 16:00:00+00:00,2022-12-14 16:00:00+00:00,4932,14.48,14.48724,837.3564058017217,0.2763222377091287,13.658273286872614,12.130983216386936,138828.117486723,1.0,trend_donchian,0.1,SOLUSDT,,2022-12-16 08:00:00+00:00,13.658273286872614,13.651444150229178,11.431124207638845,11.780881692480317,-699.8590087480911,-723.4211161721169,-0.059574595468743,11,STOP
2023-01-03 16:00:00+00:00,2023-01-03 16:00:00+00:00,5052,13.09,13.096544999999999,458.791617508944,0.49186358489639376,11.620954245310818,6.008585064328672,135397.73382501857,1.0,trend_donchian,0.1,SOLUSDT,2023-01-18 16:00:00+00:00,2023-01-18 16:00:00+00:00,21.78,21.76911,9.98748518863013,7.99903185126797,3978.900124301456,3962.904054048497,0.6588814282488455,91,SIGNAL
2023-01-21 00:00:00+00:00,2023-01-21 00:00:00+00:00,5156,25.51,25.522755,251.30884908735982,1.0758823327589115,22.295108001723264,6.4140941845886585,162227.25047943956,1.0,trend_donchian,0.1,SOLUSDT,,2023-01-24 20:00:00+00:00,22.295108001723264,22.283960447722404,5.600156453225364,6.006923336204357,-813.9377313632936,-825.9519820011076,-0.12864277190199658,24,STOP
2023-01-04 04:00:00+00:00,2023-01-04 04:00:00+00:00,5055,1250.73,1251.355365,21.266018616601198,10.628343492211176,1219.4703345233663,26.611346488073785,135613.53034139704,1.0,trend_donchian,0.1,ETHUSDT,2023-01-25 00:00:00+00:00,2023-01-25 00:00:00+00:00,1555.97,1555.192015,33.07274234337954,29.84366722560343,6461.395855305746,6401.711766474294,0.24032291837958716,126,SIGNAL
2023-01-09 00:00:00+00:00,2023-01-09 00:00:00+00:00,5084,17127.83,17136.393915,2.582189359111213,88.30727470708739,16871.47209087874,44.24941402085114,136815.66304845107,1.0,trend_donchian,0.1,BTCUSDT,2023-01-30 20:00:00+00:00,2023-01-30 20:00:00+00:00,22784.86,22773.46757,58.805405629318294,51.531061705748876,14555.991608467153,14452.936788816984,0.32629806766984015,132,SIGNAL
2023-02-02 04:00:00+00:00,2023-02-02 04:00:00+00:00,5229,1671.13,1671.965565,8.808595336579332,30.157917420814222,1581.4918127375572,14.727668078780228,159389.33445235726,1.0,trend_donchian,0.1,ETHUSDT,2023-02-05 20:00:00+00:00,2023-02-05 20:00:00+00:00,1619.48,1618.67026,14.258211303695656,14.492825950248722,-469.45677508457203,-498.44265446704793,-0.03381015291040775,23,SIGNAL
2023-02-16 16:00:00+00:00,2023-02-16 16:00:00+00:00,5316,1724.14,1725.00207,8.91124876850693,29.82691301597826,1635.5213309520652,15.371922571959406,159477.02512919976,1.0,trend_donchian,0.1,ETHUSDT,,2023-02-16 20:00:00+00:00,1635.5213309520652,1634.7035702865892,14.56725017759025,14.96938894902271,-804.6723943691555,-834.6115671187052,-0.05424030633944945,2,STOP
2023-02-16 00:00:00+00:00,2023-02-16 00:00:00+00:00,5312,24322.87,24335.031434999997,0.8217165676722454,322.2743259840303,23368.208457047906,19.996498504964396,158890.89179789022,1.0,trend_donchian,0.1,BTCUSDT,,2023-02-17 00:00:00+00:00,23368.208457047906,23356.524352819382,19.192443023951956,19.594274649154467,-804.0554810124386,-843.2444225413549,-0.04212747648353019,7,STOP
2023-02-19 16:00:00+00:00,2023-02-19 16:00:00+00:00,5334,25.27,25.282635,406.3603454745348,0.6448014164400553,23.348230750679832,10.273860293106566,157213.03580823017,1.0,trend_donchian,0.1,SOLUSDT,,2023-02-22 08:00:00+00:00,23.348230750679832,23.336556635304493,9.483051216508382,9.878260522102801,-790.8090765981835,-810.5659881077984,-0.07881713482314368,17,STOP
2023-03-14 16:00:00+00:00,2023-03-14 16:00:00+00:00,5472,21.91,21.920955,319.76628767179795,0.8234973750950866,19.450462874714738,7.009582402570538,157996.01912497557,1.0,trend_donchian,0.1,SOLUSDT,,2023-03-15 12:00:00+00:00,19.450462874714738,19.44073764327738,6.2164925057921865,6.612840834917216,-793.0898967783513,-806.3159716867141,-0.11491561336522611,6,STOP
2023-03-13 16:00:00+00:00,2023-03-13 16:00:00+00:00,5466,23981.72,23993.71086,0.4792186208693509,543.9496123098352,22361.862023070495,11.498233027867167,156402.46982012238,1.0,trend_donchian,0.1,BTCUSDT,2023-03-22 20:00:00+00:00,2023-03-22 20:00:00+00:00,26668.8,26655.4656,12.773795463462426,12.136336170356682,1275.5624355952577,1251.2904071039281,0.10871586649075451,56,SIGNAL
2023-03-13 16:00:00+00:00,2023-03-13 16:00:00+00:00,5466,1664.69,1665.5223449999999,6.7489121682223905,38.624118455848254,1549.6499896324551,11.24046402061679,156402.46982012238,1.0,trend_donchian,0.1,ETHUSDT,2023-03-22 20:00:00+00:00,2023-03-22 20:00:00+00:00,1716.84,1715.9815800000001,11.581008965707484,11.410824482101837,340.5449450906949,317.7234721043706,0.028237808106156413,56,SIGNAL
2023-03-18 04:00:00+00:00,2023-03-18 04:00:00+00:00,5493,22.64,22.65132,308.39387950103605,0.8546428816312076,20.087391355106377,6.985528450619408,158139.98031251572,1.0,trend_donchian,0.1,SOLUSDT,2023-03-22 20:00:00+00:00,2023-03-22 20:00:00+00:00,21.1,21.089450000000003,6.503857302043126,6.744574144686512,-481.6711485762818,-495.1605343289443,-0.07081294879224517,29,SIGNAL
2023-04-04 12:00:00+00:00,2023-04-04 12:00:00+00:00,5597,1864.9,1865.8324499999999,9.254309650169926,28.215684208354798,1781.1853973749355,17.266991247635197,156670.007193315,1.0,trend_donchian,0.1,ETHUSDT,2023-04-09 08:00:00+00:00,2023-04-09 08:00:00+00:00,1835.49,1834.572255,16.977699723380503,17.122277443193905,-289.2915242546922,-323.5362152257079,-0.01871854786905913,30,SIGNAL
2023-04-10 20:00:00+00:00,2023-04-10 20:00:00+00:00,5635,29173.05,29187.636524999998,0.8775415811189193,296.940290052007,28296.815654843977,25.61336470527282,156346.47097808926,1.0,trend_donchian,0.1,BTCUSDT,2023-04-17 12:00:00+00:00,2023-04-17 12:00:00+00:00,29570.8,29556.014600000002,25.93663178365787,25.775085505002654,323.2670783850475,271.71708189611684,0.01059781248513502,41,SIGNAL
2023-04-13 12:00:00+00:00,2023-04-13 12:00:00+00:00,5651,1985.39,1986.382695,9.749702538614141,27.07711172085606,1905.1513598374318,19.366640404100696,158396.2709299014,1.0,trend_donchian,0.1,ETHUSDT,2023-04-19 12:00:00+00:00,2023-04-19 12:00:00+00:00,1981.45,1980.4592750000002,19.308888821089422,19.337755009136075,-57.751583011276324,-96.42711223646644,-0.004974057422712013,37,SIGNAL
2023-04-11 08:00:00+00:00,2023-04-11 08:00:00+00:00,5638,22.47,22.481234999999998,676.6880663094623,0.3870014298553797,21.320230710433858,15.212783440398605,157127.54953670036,1.0,trend_donchian,0.1,SOLUSDT,2023-04-19 12:00:00+00:00,2023-04-19 12:00:00+00:00,23.21,23.198395,15.6980770540331,15.455555434507199,485.2936136344963,454.3827531400646,0.029838643670579663,50,SIGNAL
2023-05-05 20:00:00+00:00,2023-05-05 20:00:00+00:00,5785,1990.97,1991.965485,9.271996155908722,28.21689113853035,1907.314811584409,18.469496319622852,156976.14370088896,1.0,trend_donchian,0.1,ETHUSDT,,2023-05-06 12:00:00+00:00,1907.314811584409,1906.361154178617,17.675773293317853,18.072440893821337,-793.7230263050014,-829.8682959179422,-0.044886944522708555,5,STOP
2023-05-23 04:00:00+00:00,2023-05-23 04:00:00+00:00,5889,1866.01,1866.9430049999999,15.400779059865629,16.898092708817096,1816.2487268735485,28.75237673736661,156146.27540497103,1.0,trend_donchian,0.1,ETHUSDT,,2023-05-24 00:00:00+00:00,1816.2487268735485,1815.340602510112,27.957659537661584,28.354826546916488,-794.7171997050241,-851.4272359800523,-0.029582829520153075,6,STOP
2023-05-29 00:00:00+00:00,2023-05-29 00:00:00+00:00,5924,1908.64,1909.59432,13.645432118487378,19.029845364897465,1852.5047839053075,26.057239667409064,155802.277891212,1.0,trend_donchian,0.1,ETHUSDT,,2023-05-31 12:00:00+00:00,1852.5047839053075,1851.5785315133548,25.265589163814024,25.66122291828867,-791.650503595037,-842.9733324262601,-0.0323185115527922,16,STOP
2023-05-28 20:00:00+00:00,2023-05-28 20:00:00+00:00,5923,27525.99,27539.752995,1.019514031665336,253.87070595344167,26778.140877139675,28.077164606999958,155294.84816899098,1.0,trend_donchian,0.1,BTCUSDT,2023-05-31 16:00:00+00:00,2023-05-31 16:00:00+00:00,26911.55,26898.094225,27.42298448744384,27.74991793966727,-654.1801195561187,-709.6802686505625,-0.025250815289819352,18,SIGNAL
2023-05-30 12:00:00+00:00,2023-05-30 12:00:00+00:00,5933,21.28,21.29064,775.9337545328657,0.33467412553285064,20.286617623401447,16.52012623160761,155810.97046182503,1.0,trend_donchian,0.1,SOLUSDT,,2023-06-05 12:00:00+00:00,20.286617623401447,20.27647431458975,15.733200843608838,16.12647083787664,-786.9253879987735,-819.17871507399,-0.04953717321805442,37,STOP
2023-06-20 20:00:00+00:00,2023-06-20 20:00:00+00:00,6061,1782.09,1782.9810449999998,11.575423155968295,22.018347809311404,1716.9260015720656,20.638760074945544,152923.01585284018,1.0,trend_donchian,0.1,ETHUSDT,2023-06-26 20:00:00+00:00,2023-06-26 20:00:00+00:00,1854.1,1853.17295,21.451261077444073,21.045218962748528,812.5010024985282,770.4109813461386,0.03729106483196342,37,SIGNAL
2023-07-03 08:00:00+00:00,2023-07-03 08:00:00+00:00,6136,1966.83,1967.8134149999998,9.940082414569233,26.452363077561078,1888.4563257673167,19.56022752159493,157763.20143063922,1.0,trend_donchian,0.1,ETHUSDT,,2023-07-06 12:00:00+00:00,1888.4563257673167,1887.5120976044332,18.76202580868451,19.160931904942313,-798.2017129104148,-836.5239662406942,-0.042723852625953,20,STOP
2023-07-13 20:00:00+00:00,2023-07-13 20:00:00+00:00,6199,1995.26,1996.2576299999998,12.071171869622125,22.4004601717119,1929.056249484864,24.09716894777453,162239.88281481568,1.0,trend_donchian,0.1,ETHUSDT,,2023-07-14 16:00:00+00:00,1929.056249484864,1928.0917213601217,23.2743265489336,23.685547959139093,-822.8423988409286,-870.2138943376367,-0.0360766259170099,6,STOP
2023-06-20 20:00:00+00:00,2023-06-20 20:00:00+00:00,6061,27982.77,27996.761384999998,0.7596234137201434,335.52374569376497,26990.190147918704,21.266995456381988,152923.01585284018,1.0,trend_donchian,0.1,BTCUSDT,2023-07-14 20:00:00+00:00,2023-07-14 20:00:00+00:00,30115.18,30100.122410000004,22.864757738478396,22.06628155456673,1597.762282096404,1553.6305289015438,0.07298061701448905,145,SIGNAL
2023-06-20 20:00:00+00:00,2023-06-20 20:00:00+00:00,6061,16.36,16.36818,679.4775913415845,0.37509948280242666,15.242881551592719,11.121811521045494,152923.01585284018,1.0,trend_donchian,0.1,SOLUSDT,2023-07-18 12:00:00+00:00,2023-07-18 12:00:00+00:00,25.02,25.00749,16.992029070698763,14.058391364856242,5870.217549653265,5842.103709061521,0.5247587077497308,167,SIGNAL
2023-08-09 12:00:00+00:00,2023-08-09 12:00:00+00:00,6359,24.85,24.862425,582.1444512387886,0.45630834658651376,23.49349996024046,14.473522758090542,159382.42321157103,1.0,trend_donchian,0.1,SOLUSDT,2023-08-14 00:00:00+00:00,2023-08-14 00:00:00+00:00,24.22,24.20789,14.092488839698959,14.282914111143793,-381.0339183915821,-409.5999299893716,-0.02827167553395999,28,SIGNAL
2023-08-29 16:00:00+00:00,2023-08-29 16:00:00+00:00,6480,27423.44,27437.151719999998,1.030785283406778,257.0416067579264,26666.026899726217,28.28181221157497,158972.82328158166,1.0,trend_donchian,0.1,BTCUSDT,,2023-08-31 16:00:00+00:00,26666.026899726217,26652.693886276356,27.473204621119475,27.877313233775084,-808.6075904554912,-864.3626072881857,-0.030531958197028097,13,STOP
2023-08-29 16:00:00+00:00,2023-08-29 16:00:00+00:00,6480,1715.0,1715.8574999999998,14.592060443968476,18.157456685893862,1661.3851299423181,25.037896353236636,158972.82328158166,1.0,trend_donchian,0.1,ETHUSDT,,2023-08-31 16:00:00+00:00,1661.3851299423181,1660.554437377347,24.230910720710316,24.63420794911362,-806.9856325263229,-856.2544396002698,-0.03416417371857733,13,STOP
2023-09-18 12:00:00+00:00,2023-09-18 12:00:00+00:00,6599,1655.88,1656.70794,16.851634197975947,15.591731769199345,1609.932744692402,27.91823617776228,157647.69617250463,1.0,trend_donchian,0.1,ETHUSDT,,2023-09-20 16:00:00+00:00,1609.932744692402,1609.1277783200558,27.116432698051312,27.517140866319412,-801.8034797109731,-856.8381485867867,-0.030660323989313547,14,STOP
2023-09-14 16:00:00+00:00,2023-09-14 16:00:00+00:00,6576,26693.97,26707.316985,0.8542716711494176,306.7958580887024,25786.929410733894,22.81530431269318,157252.2062346932,1.0,trend_donchian,0.1,BTCUSDT,2023-09-25 00:00:00+00:00,2023-09-25 00:00:00+00:00,26248.39,26235.265805,22.412044362286522,22.61357917589743,-403.2599504066564,-448.4872990816361,-0.019637663108992585,63,SIGNAL
2023-09-18 16:00:00+00:00,2023-09-18 16:00:00+00:00,6600,19.96,19.96998,653.6150308635944,0.40201744392375954,18.76392766822872,13.052679094045363,157658.78641075882,1.0,trend_donchian,0.1,SOLUSDT,2023-09-27 00:00:00+00:00,2023-09-27 00:00:00+00:00,19.03,19.020485,12.432074890315535,12.742225026685217,-620.6042037298278,-646.0889577141887,-0.04944912148299427,51,SIGNAL
2023-10-02 00:00:00+00:00,2023-10-02 00:00:00+00:00,6680,27992.58,28006.57629,1.0982607786858123,239.39879830980124,27288.379895070597,30.75852428457901,157753.38638890203,1.0,trend_donchian,0.1,BTCUSDT,,2023-10-02 20:00:00+00:00,27288.379895070597,27274.735705123065,29.954772473958187,30.35645503042528,-803.7518106208242,-864.4651073793615,-0.0280768185717694,6,STOP
2023-09-29 08:00:00+00:00,2023-09-29 08:00:00+00:00,6664,1686.19,1687.033095,14.670015789242797,17.643788307211555,1634.1017300783653,24.748802140625145,155300.7918293106,1.0,trend_donchian,0.1,ETHUSDT,,2023-10-04 00:00:00+00:00,1634.1017300783653,1633.2846792133262,23.96031203238785,24.35436605256992,-788.4901082372919,-837.1992224103049,-0.03379407434745559,29,STOP
2023-09-30 16:00:00+00:00,2023-09-30 16:00:00+00:00,6672,21.44,21.45072,743.9365165324568,0.3477482473647802,20.40747525790566,15.957973913913104,155221.57186489302,1.0,trend_donchian,0.1,SOLUSDT,2023-10-09 12:00:00+00:00,2023-10-09 12:00:00+00:00,22.18,22.16891,16.492261680721548,16.225255425571806,534.2877668084451,501.8375312138105,0.03141603048878888,54,SIGNAL
2023-10-23 04:00:00+00:00,2023-10-23 04:00:00+00:00,6807,30736.68,30752.048339999998,0.7215675960503138,364.1116652901283,29659.713344129614,22.189681594316845,157638.70741036464,1.0,trend_donchian,0.1,BTCUSDT,2023-11-14 00:00:00+00:00,2023-11-14 00:00:00+00:00,36462.93,36444.698535,26.29731351067835,24.244530521605256,4107.631916361504,4059.1449212565094,0.18274664348783,132,SIGNAL
2023-10-23 00:00:00+00:00,2023-10-23 00:00:00+00:00,6806,1663.69,1664.521845,14.792432845431712,17.617884753042233,1611.6681907408733,24.622327611916592,156366.8262527595,1.0,trend_donchian,0.1,ETHUSDT,2023-11-14 20:00:00+00:00,2023-11-14 20:00:00+00:00,1978.99,1978.0005050000002,29.259439638442515,26.942049638694694,4637.112026525923,4583.230259275564,0.18595527116014585,138,SIGNAL
2023-10-19 16:00:00+00:00,2023-10-19 16:00:00+00:00,6786,24.77,24.782384999999998,532.7887145223923,0.4820577739679147,23.336211678096255,13.203775046949017,154100.96503073472,1.0,trend_donchian,0.1,SOLUSDT,2023-11-22 00:00:00+00:00,2023-11-22 00:00:00+00:00,51.65,51.624175,27.504777836529023,20.357856781898402,14301.002789580007,14260.294236696527,1.078937511268782,201,SIGNAL
2023-11-24 16:00:00+00:00,2023-11-24 16:00:00+00:00,7002,38221.1,38240.210549999996,0.5867501733385015,503.1883912686031,36730.64537619419,22.437450168713294,177147.52547926476,1.0,trend_donchian,0.1,BTCUSDT,2023-11-27 12:00:00+00:00,2023-11-27 12:00:00+00:00,37035.95,37017.432025,21.71998465721495,22.078543566217917,-717.4655114983439,-761.6229463242721,-0.033910363188281334,18,SIGNAL
2023-11-24 12:00:00+00:00,2023-11-24 12:00:00+00:00,7001,2097.01,2098.058505,8.83665013497676,33.38437676123387,1997.9053747162984,18.539808971397385,177003.63444796333,1.0,trend_donchian,0.1,ETHUSDT,2023-11-27 12:00:00+00:00,2023-11-27 12:00:00+00:00,2024.99,2023.977505,17.885181092748176,18.2123359281844,-654.6278786492124,-691.0528687133581,-0.03723676480551767,19,SIGNAL
2023-12-01 12:00:00+00:00,2023-12-01 12:00:00+00:00,7043,38580.17,38599.460085,0.7151261026997773,409.13753525468576,37372.04747923594,27.603481456901665,175550.9586329257,1.0,trend_donchian,0.1,BTCUSDT,2023-12-11 04:00:00+00:00,2023-12-11 04:00:00+00:00,42309.57,42288.415215,30.241549562052914,28.92318225729868,2638.0681051512515,2580.223074132297,0.0933811712384239,59,SIGNAL
2023-12-02 20:00:00+00:00,2023-12-02 20:00:00+00:00,7051,2158.76,2159.83938,10.988375498829498,26.735565647135445,2079.6326830585936,23.733126124599092,176268.26070259843,1.0,trend_donchian,0.1,ETHUSDT,2023-12-11 04:00:00+00:00,2023-12-11 04:00:00+00:00,2251.42,2250.2942900000003,24.727078641391923,24.230356928708144,993.9525167928316,945.4923120268406,0.03979870832454583,51,SIGNAL
2023-12-02 08:00:00+00:00,2023-12-02 08:00:00+00:00,7048,62.01,62.04100499999999,180.30956215335837,1.6231069989180882,57.17168400324573,11.186586447104315,175597.0273817832,1.0,trend_donchian,0.1,SOLUSDT,2023-12-18 04:00:00+00:00,2023-12-18 04:00:00+00:00,69.94,69.90503,12.60454535161738,11.895923363066839,1417.958904513065,1394.1677727143433,0.12450402133862302,96,SIGNAL
2023-12-20 16:00:00+00:00,2023-12-20 16:00:00+00:00,7158,44027.2,44049.213599999995,0.4681134103622012,642.5467197936803,42121.57344061895,20.620027602069054,180470.8417917992,1.0,trend_donchian,0.1,BTCUSDT,2023-12-25 00:00:00+00:00,2023-12-25 00:00:00+00:00,42991.5,42970.004250000005,20.114835232745783,20.36731021113936,-505.1923693232698,-545.9272321580846,-0.02644913289316122,27,SIGNAL
2023-12-20 16:00:00+00:00,2023-12-20 16:00:00+00:00,7158,80.68,80.72034000000001,110.72478305080139,2.7165077955642776,72.57081661330717,8.937742134286927,180470.8417917992,1.0,trend_donchian,0.1,SOLUSDT,2023-12-28 16:00:00+00:00,2023-12-28 16:00:00+00:00,99.7,99.65015000000001,11.033741239729817,9.986268183350965,2095.999105442891,2076.0276220688743,0.23204447356389732,49,SIGNAL
2023-12-28 00:00:00+00:00,2023-12-28 00:00:00+00:00,7202,2378.35,2379.539175,8.42582499301233,36.162023429678904,2271.053104710963,20.04958065256694,182816.9284870116,1.0,trend_donchian,0.1,ETHUSDT,,2023-12-29 20:00:00+00:00,2271.053104710963,2269.9175781586077,19.125928262126816,19.58752844112931,-923.6523904401236,-962.8278993548173,-0.047974371633470965,12,STOP
2024-01-02 00:00:00+00:00,2024-01-02 00:00:00+00:00,7232,44179.55,44201.639775,0.5820902682261214,518.356356291771,42646.570706124694,25.72934435266415,181038.11428235518,1.0,trend_donchian,0.1,BTCUSDT,,2024-01-03 12:00:00+00:00,42646.570706124694,42625.24742077164,24.811741704361754,25.27031994542805,-917.6026483023968,-968.1437343594228,-0.037590408233681816,10,STOP
2024-01-08 20:00:00+00:00,2024-01-08 20:00:00+00:00,7273,46979.36,47002.84968,0.38001664725505885,789.7459749403064,44633.61175517908,17.861865346827116,180069.97054799576,1.0,trend_donchian,0.1,BTCUSDT,,2024-01-10 12:00:00+00:00,44633.61175517908,44611.2949493015,16.953034736340094,17.40722718573542,-908.8306104870202,-943.6455105701874,-0.05277739975404538,11,STOP
2024-01-10 16:00:00+00:00,2024-01-10 16:00:00+00:00,7284,2449.3,2450.52465,6.1015009095750505,48.929579702901094,2303.7359108912965,14.951878380911081,179126.32503742556,1.0,trend_donchian,0.1,ETHUSDT,2024-01-18 20:00:00+00:00,2024-01-18 20:00:00+00:00,2439.5,2438.2802500000003,14.877169163173884,14.914508823361622,-74.70921773719823,-104.5382652812832,-0.006984662982756938,50,SIGNAL
2024-01-28 04:00:00+00:00,2024-01-28 04:00:00+00:00,7389,96.65,96.698325,117.73410175136145,2.5342669641320827,89.09552410760375,11.384690434736218,179021.7867721443,1.0,trend_donchian,0.1,SOLUSDT,2024-02-17 16:00:00+00:00,2024-02-17 16:00:00+00:00,107.19,107.13640500000001,12.61360840754507,11.999459650496224,1228.9179728088525,1204.919673966571,0.10573111011748407,124,SIGNAL
2024-02-29 00:00:00+00:00,2024-02-29 00:00:00+00:00,7580,119.03,119.08951499999999,97.58632242938107,3.450778795790758,108.73717861262772,11.621507808748612,202049.28731910494,1.0,trend_donchian,0.1,SOLUSDT,,2024-03-05 16:00:00+00:00,108.73717861262772,108.68281002332141,10.605955741467012,11.113480665459562,-1015.5520672816008,-1037.7795308318164,-0.08920897400794395,35,STOP
2024-02-07 20:00:00+00:00,2024-02-07 20:00:00+00:00,7453,2419.97,2421.1799849999998,10.662302749473415,28.094509981865702,2336.896455054403,25.8153540110355,179731.302614853,1.0,trend_donchian,0.1,ETHUSDT,2024-03-14 20:00:00+00:00,2024-03-14 20:00:00+00:00,3785.89,3783.9970550000003,40.34612220352581,33.084379070418855,14530.76819249031,14464.606716275748,0.5597504707291213,217,SIGNAL
2024-01-28 08:00:00+00:00,2024-01-28 08:00:00+00:00,7390,42388.82,42410.014409999996,0.5801896701233386,513.9121981513753,40868.27781554587,24.605852270463934,178899.92923068372,1.0,trend_donchian,0.1,BTCUSDT,2024-03-15 04:00:00+00:00,2024-03-15 04:00:00+00:00,68224.01,68189.89799499999,39.56307442346315,32.08821067455394,14957.222152999218,14893.053226305292,0.6046600169632538,282,SIGNAL
2024-03-07 16:00:00+00:00,2024-03-07 16:00:00+00:00,7626,145.92,145.99295999999998,52.66117331033902,6.603661279802966,126.18197616059109,7.688160568649391,208653.93068308747,1.0,trend_donchian,0.1,SOLUSDT,2024-03-20 00:00:00+00:00,2024-03-20 00:00:00+00:00,169.82,169.73509,8.938448991335992,8.313619430501861,1250.2884226866008,1233.6618131266155,0.1603022430057517,75,SIGNAL
2024-03-25 16:00:00+00:00,2024-03-25 16:00:00+00:00,7734,69792.06,69826.95602999999,0.23488425524769646,1488.5363321448372,65361.34703356547,16.401252563320195,209780.24867098668,1.0,trend_donchian,0.1,BTCUSDT,2024-04-01 16:00:00+00:00,2024-04-01 16:00:00+00:00,68237.15,68203.031425,16.01981824189636,16.210444096636454,-381.43432142383296,-413.8553922290495,-0.0252079497393628,43,SIGNAL
2024-03-31 20:00:00+00:00,2024-03-31 20:00:00+00:00,7771,200.13,200.230065,72.51217281997168,4.827807776679919,185.74664166996024,14.519117077034164,210044.8991065305,1.0,trend_donchian,0.1,SOLUSDT,,2024-04-02 00:00:00+00:00,185.74664166996024,185.65376834912527,13.46215813521076,13.990376863980421,-1056.9589418234025,-1084.9402170356475,-0.07465029415524027,8,STOP
2024-04-08 12:00:00+00:00,2024-04-08 12:00:00+00:00,7817,72404.0,72440.20199999999,0.32053774546242353,1082.9793371201101,69191.26398863966,23.21981902992254,208281.453061722,1.0,trend_donchian,0.1,BTCUSDT,,2024-04-09 12:00:00+00:00,69191.26398863966,69156.66835664534,22.167322558731623,22.693313343535053,-1052.496471190916,-1097.8836127795703,-0.047234942896851484,7,STOP
2024-04-08 20:00:00+00:00,2024-04-08 20:00:00+00:00,7819,3702.8,3704.6514,5.3724224177828,64.54013660734098,3511.0309901779774,19.902952231430433,208042.12605362583,1.0,trend_donchian,0.1,ETHUSDT,,2024-04-09 12:00:00+00:00,3511.0309901779774,3509.2754746828887,18.85331023036173,19.377873664862904,-1049.642001068708,-1088.3982635305001,-0.054630636698251106,5,STOP
2024-04-24 12:00:00+00:00,2024-04-24 12:00:00+00:00,7913,3281.97,3283.610985,5.988541156898103,57.39640811729639,3111.4217606481106,19.664039526915218,206232.45136112988,1.0,trend_donchian,0.1,ETHUSDT,,2024-04-24 16:00:00+00:00,3111.4217606481106,3109.866049767787,18.62356083147452,19.143544845404847,-1040.4786954407016,-1078.7662957990915,-0.05480504683266171,2,STOP
2024-04-23 00:00:00+00:00,2024-04-23 00:00:00+00:00,7904,156.94,157.01846999999998,64.01465965441915,5.365832667548583,140.92097199735423,10.051483916507623,206095.17118541195,1.0,trend_donchian,0.1,SOLUSDT,,2024-04-26 20:00:00+00:00,140.92097199735423,140.85051151135556,9.016497556550274,9.53373437337066,-1034.9863599573494,-1054.0543414304072,-0.10476078446098544,24,STOP
2024-04-28 04:00:00+00:00,2024-04-28 04:00:00+00:00,7935,3308.86,3310.5144299999997,5.989194419703833,56.758426441338905,3140.239150675983,19.82731455050501,203962.35054818247,1.0,trend_donchian,0.1,ETHUSDT,,2024-04-29 12:00:00+00:00,3140.239150675983,3138.6690311006455,18.798099046365223,19.31245432266839,-1029.2155041397914,-1067.8409177366616,-0.053803259179438255,9,STOP
2024-05-06 12:00:00+00:00,2024-05-06 12:00:00+00:00,7985,153.99,154.066995,85.51955817248536,3.954154152301738,142.20453254309479,13.175741341362512,202894.5096304458,1.0,trend_donchian,0.1,SOLUSDT,,2024-05-08 20:00:00+00:00,142.20453254309479,142.13343027682325,12.15518815881368,12.665212778093336,-1020.5531825488328,-1045.884112049009,-0.07930022650764829,15,STOP
2024-05-15 20:00:00+00:00,2024-05-15 20:00:00+00:00,8041,66006.23,66039.233115,0.35669363830658124,943.1465541721931,63209.79345248341,23.55577433076581,201848.6255183968,1.0,trend_donchian,0.1,BTCUSDT,2024-05-28 08:00:00+00:00,2024-05-28 08:00:00+00:00,67694.01,67660.16299499999,24.13394970710286,23.845012524032548,578.1753763370488,530.4856522991802,0.022497910243197194,76,SIGNAL
2024-05-17 16:00:00+00:00,2024-05-17 16:00:00+00:00,8052,3111.54,3113.09577,7.151694366015075,47.25249501238024,2971.3382849628592,22.263909479174362,202761.24141611712,1.0,trend_donchian,0.1,ETHUSDT,2024-05-29 20:00:00+00:00,2024-05-29 20:00:00+00:00,3749.66,3747.78517,26.803014085323852,24.53460269204907,4539.10460614949,4490.037682584992,0.201471899382735,74,SIGNAL
2024-05-16 04:00:00+00:00,2024-05-16 04:00:00+00:00,8043,163.11,163.191555,82.82432932278094,4.060849812310521,151.00900556306843,13.516231094016717,201802.29731109587,1.0,trend_donchian,0.1,SOLUSDT,2024-06-02 20:00:00+00:00,2024-06-02 20:00:00+00:00,163.11,163.02844500000003,13.502721617660882,13.509476355835533,-13.509476355835533,-40.52842906751313,-0.0029955052443805656,107,SIGNAL
2024-06-05 16:00:00+00:00,2024-06-05 16:00:00+00:00,8166,71580.01,71615.800005,0.431118780651161,799.5809573710363,69217.05713288688,30.87491637351301,206828.62042421347,1.0,trend_donchian,0.1,BTCUSDT,,2024-06-07 16:00:00+00:00,69217.05713288688,69182.44860432044,29.82585288475624,30.35012995079665,-1049.0634887567664,-1109.7642580150357,-0.03590797102089375,13,STOP
2024-06-27 16:00:00+00:00,2024-06-27 16:00:00+00:00,8298,147.77,147.843885,90.22486660314492,3.800113795513734,136.4435436134588,13.339194802215697,205718.85616619844,1.0,trend_donchian,0.1,SOLUSDT,,2024-07-04 00:00:00+00:00,136.4435436134588,136.37532184165207,12.304445221124013,12.821564529663899,-1034.7495810916846,-1060.3932211150243,-0.07941512984365717,39,STOP
2024-07-14 08:00:00+00:00,2024-07-14 08:00:00+00:00,8398,60062.01,60092.041005,0.3711214431910029,919.0992450044314,57334.743269986706,22.301444982068524,204658.46294508342,1.0,trend_donchian,0.1,BTCUSDT,2024-07-23 20:00:00+00:00,2024-07-23 20:00:00+00:00,65536.0,65503.232,24.309653993515084,23.306057366556587,2008.2090114465605,1961.597912470977,0.08787046201591096,58,SIGNAL
2024-07-15 00:00:00+00:00,2024-07-15 00:00:00+00:00,8402,3245.2,3246.8225999999995,7.072759141922473,48.2834022076179,3101.9723933771456,22.96399422635049,204898.12462022953,1.0,trend_donchian,0.1,ETHUSDT,2024-07-24 20:00:00+00:00,2024-07-24 20:00:00+00:00,3362.99,3361.308505,23.773725457560513,23.369068117026842,809.7312312100211,762.9935115261101,0.03319245218112914,60,SIGNAL
2024-07-27 16:00:00+00:00,2024-07-27 16:00:00+00:00,8478,68844.0,68878.42199999999,0.387904692255818,907.439141836184,66156.10457449144,26.71826308897636,211199.94063290916,1.0,trend_donchian,0.1,BTCUSDT,,2024-07-30 00:00:00+00:00,66156.10457449144,66123.0265222042,25.649432254118913,26.18358700972909,-1068.8308348574462,-1121.1985302005414,-0.041921828826175594,15,STOP
2024-07-15 00:00:00+00:00,2024-07-15 00:00:00+00:00,8402,147.66,147.73382999999998,110.1604195093069,3.099996131897427,138.4338416043077,16.274420688516628,204898.12462022953,1.0,trend_donchian,0.1,SOLUSDT,2024-07-30 20:00:00+00:00,2024-07-30 20:00:00+00:00,177.96,177.87102000000002,19.59434618174832,17.935217900307947,3319.9254932316926,3284.0567263614275,0.20159095142022232,96,SIGNAL
2024-08-14 12:00:00+00:00,2024-08-14 12:00:00+00:00,8585,2750.24,2751.6151199999995,5.133546901112196,68.03155680394606,2547.5204495881612,14.125545272329463,209545.9125652414,1.0,trend_donchian,0.1,ETHUSDT,,2024-08-15 16:00:00+00:00,2547.5204495881612,2546.2466893633673,13.071276801648505,13.598150869406712,-1054.2684706809582,-1081.4652927549362,-0.07648447454722018,8,STOP
2024-08-23 20:00:00+00:00,2024-08-23 20:00:00+00:00,8641,63628.84,63660.65441999999,0.3340889320190213,1039.9648481451718,60540.75987556448,21.268320046809787,208464.44727248646,1.0,trend_donchian,0.1,BTCUSDT,2024-08-27 12:00:00+00:00,2024-08-27 12:00:00+00:00,62416.99,62385.781505,20.84239911617746,21.055258365073588,-425.92093063232403,-468.0316497953113,-0.021984062901091034,23,SIGNAL
2024-08-24 00:00:00+00:00,2024-08-24 00:00:00+00:00,8642,2762.49,2763.871245,7.123598089076307,48.7976697119082,2617.478235864275,19.688707919334952,208568.9920266756,1.0,trend_donchian,0.1,ETHUSDT,2024-08-27 12:00:00+00:00,2024-08-27 12:00:00+00:00,2626.66,2625.34667,18.701914521574842,19.19506932087269,-986.7933977601069,-1025.1840202010167,-0.05201762678062371,22,SIGNAL
2024-08-24 00:00:00+00:00,2024-08-24 00:00:00+00:00,8642,153.27,153.346635,112.26202971656807,3.096460910147108,144.05725226955866,17.215004495305717,208568.9920266756,1.0,trend_donchian,0.1,SOLUSDT,2024-08-28 00:00:00+00:00,2024-08-28 00:00:00+00:00,146.78,146.70661,16.46958181143696,16.842111008224865,-745.4226838687526,-779.1072701754953,-0.04521224153304754,25,SIGNAL
2024-09-13 20:00:00+00:00,2024-09-13 20:00:00+00:00,8767,138.05,138.119025,125.43263641189189,2.739686863396828,129.8999644098095,17.324633444390006,206187.6877313345,1.0,trend_donchian,0.1,SOLUSDT,2024-09-16 00:00:00+00:00,2024-09-16 00:00:00+00:00,131.38,131.31431,16.471100101908462,16.897657614224443,-853.5333424815453,-887.3290760278437,-0.051166602528118346,14,SIGNAL
2024-09-13 16:00:00+00:00,2024-09-13 16:00:00+00:00,8766,59666.01,59695.843004999995,0.3841596129959633,894.5592637231983,57012.1652138304,22.932731946268582,206192.12433231465,1.0,trend_donchian,0.1,BTCUSDT,2024-09-30 04:00:00+00:00,2024-09-30 04:00:00+00:00,64553.68,64521.40316,24.786517267902124,23.8600940184361,1853.7853216335432,1806.0660724193724,0.07867627000726085,100,SIGNAL
2024-09-19 16:00:00+00:00,2024-09-19 16:00:00+00:00,8802,142.96,143.03148,127.17683371533644,2.707651913561413,134.90852425931575,18.19029074801847,206610.3583020074,1.0,trend_donchian,0.1,SOLUSDT,2024-10-01 00:00:00+00:00,2024-10-01 00:00:00+00:00,152.51,152.433745,19.386041040470996,18.788469528933078,1195.7502924525277,1158.1739606640383,0.06360629193606242,69,SIGNAL
2024-09-20 04:00:00+00:00,2024-09-20 04:00:00+00:00,8805,2520.56,2521.82028,7.866018989162988,43.86461531493384,2390.2264340551983,19.836686209736325,207023.93821175955,1.0,trend_donchian,0.1,ETHUSDT,2024-10-01 16:00:00+00:00,2024-10-01 16:00:00+00:00,2524.81,2523.547595,19.850273302326592,19.843488113675928,13.587092590266773,-26.099866921796142,-0.0013144228251122827,70,SIGNAL
2024-10-14 04:00:00+00:00,2024-10-14 04:00:00+00:00,8949,152.51,152.586255,136.41857504764795,2.5441664298002657,144.95375571059918,20.815599478957047,208242.93542244844,1.0,trend_donchian,0.1,SOLUSDT,2024-10-17 20:00:00+00:00,2024-10-17 20:00:00+00:00,149.39,149.315305,20.36938114090494,20.59238390344172,-446.21833805210395,-487.4033186719659,-0.023391899078473857,23,SIGNAL
2024-10-14 08:00:00+00:00,2024-10-14 08:00:00+00:00,8950,64620.87,64653.180435,0.45854105769664044,757.4576841738667,62380.8073824784,29.64613774011664,208395.2685969196,1.0,trend_donchian,0.1,BTCUSDT,2024-10-21 16:00:00+00:00,2024-10-21 16:00:00+00:00,67341.02,67307.34949000001,30.863183225902038,30.25497230812189,1217.0454857853954,1156.5361648193766,0.03897238804473002,45,SIGNAL
2024-10-14 04:00:00+00:00,2024-10-14 04:00:00+00:00,8949,2521.11,2522.370555,10.218496087001972,33.965033218429525,2420.4754553447115,25.774833646236495,208242.93542244844,1.0,trend_donchian,0.1,ETHUSDT,2024-10-23 12:00:00+00:00,2024-10-23 12:00:00+00:00,2580.94,2579.64953,26.360138628141478,26.06763898034169,585.3049819049855,533.1700096306075,0.020665016875331885,57,SIGNAL
2024-10-20 00:00:00+00:00,2024-10-20 00:00:00+00:00,8984,159.79,159.86989499999999,130.20218134223325,2.697009051223217,151.77886784633034,20.815409059953787,210693.87694140588,1.0,trend_donchian,0.1,SOLUSDT,2024-10-31 16:00:00+00:00,2024-10-31 16:00:00+00:00,170.65,170.56467500000002,22.20789274492908,21.51200440136073,1392.4836849752942,1349.4603831704114,0.06476511064551259,71,SIGNAL
2024-10-28 20:00:00+00:00,2024-10-28 20:00:00+00:00,9037,69629.99,69664.804995,0.48409938727569113,728.420251981202,67479.5442390564,33.72468941276,211576.67859798265,1.0,trend_donchian,0.1,BTCUSDT,2024-11-03 04:00:00+00:00,2024-11-03 04:00:00+00:00,68379.9,68345.71005,33.08611635812704,33.40525159348953,-638.5730546329636,-705.3838604038506,-0.020895053253062932,33,SIGNAL
2024-11-07 04:00:00+00:00,2024-11-07 04:00:00+00:00,9093,2852.43,2853.856215,5.787160674480391,60.637562596757974,2671.9435272097257,16.515724458069453,210551.59059378045,1.0,trend_donchian,0.1,ETHUSDT,2024-11-14 16:00:00+00:00,2024-11-14 16:00:00+00:00,3077.68,3076.14116,17.802123150302496,17.15924969366952,1286.3986922330384,1252.0808446246665,0.0757357037401354,46,SIGNAL
2024-11-06 04:00:00+00:00,2024-11-06 04:00:00+00:00,9087,74348.53,74385.704265,0.2880690269403991,1215.5033178006329,70739.1943115981,21.428217445894845,210089.31480099302,1.0,trend_donchian,0.1,BTCUSDT,2024-11-26 00:00:00+00:00,2024-11-26 00:00:00+00:00,93010.01,92963.504995,26.77990642487858,24.10540588398099,5351.688978983737,5303.480855112964,0.24725260912710845,120,SIGNAL
2024-11-06 04:00:00+00:00,2024-11-06 04:00:00+00:00,9087,184.94,185.03247,75.83545085524933,4.617218649757888,171.18081405072633,14.032020785310397,210089.31480099302,1.0,trend_donchian,0.1,SOLUSDT,2024-11-26 00:00:00+00:00,2024-11-26 00:00:00+00:00,234.18,234.06291000000002,17.750266308341647,15.892077081224684,3718.245523031253,3686.463235937601,0.262455458969779,120,SIGNAL
2024-12-05 04:00:00+00:00,2024-12-05 04:00:00+00:00,9261,102964.0,103015.48199999999,0.23009563670956526,1608.9061911936333,98188.76342641909,23.703412921732756,222121.37668119633,1.0,trend_donchian,0.1,BTCUSDT,,2024-12-05 20:00:00+00:00,98188.76342641909,98139.66904470588,22.58150963530761,23.142186588242016,-1121.9032864251453,-1168.1882089821856,-0.04923431033530171,5,STOP
2024-11-23 16:00:00+00:00,2024-11-23 16:00:00+00:00,9192,3460.34,3462.07017,4.8756547007231195,76.53225771444207,3232.473396856674,16.87985869859379,223886.91724942357,1.0,trend_donchian,0.1,ETHUSDT,2024-12-09 16:00:00+00:00,2024-12-09 16:00:00+00:00,3824.0,3822.088,18.635181323777427,17.757963281330888,1755.3226251836381,1719.8075851612668,0.10178340508316755,97,SIGNAL
2024-12-16 20:00:00+00:00,2024-12-16 20:00:00+00:00,9331,4056.89,4058.918445,4.85486347669698,76.0103975765062,3830.8872522704814,19.705494913522198,221412.0618260379,1.0,trend_donchian,0.1,ETHUSDT,,2024-12-18 04:00:00+00:00,3830.8872522704814,3828.9718086443463,18.58913538708981,19.14704084718368,-1116.359526432384,-1154.654156732996,-0.05853700509117231,9,STOP
2024-12-16 00:00:00+00:00,2024-12-16 00:00:00+00:00,9326,104463.99,104516.221995,0.2696213456318051,1365.389911267665,100420.05226119701,28.17980441464437,220882.9591128473,1.0,trend_donchian,0.1,BTCUSDT,,2024-12-18 20:00:00+00:00,100420.05226119701,100369.84223506642,27.061851924270595,27.62055558646992,-1117.9524903737733,-1173.1941467126883,-0.04159085376685682,18,STOP
2025-01-03 16:00:00+00:00,2025-01-03 16:00:00+00:00,9438,3565.14,3566.9225699999997,6.590434601807379,55.48481881276837,3400.4681135616947,23.5075699272957,219401.44186720898,1.0,trend_donchian,0.1,ETHUSDT,2025-01-07 16:00:00+00:00,2025-01-07 16:00:00+00:00,3462.65,3460.9186750000003,22.808958189761352,23.15809519511526,-698.6117375343521,-744.9282656514091,-0.03165721016129929,25,SIGNAL
2025-01-02 08:00:00+00:00,2025-01-02 08:00:00+00:00,9430,205.91,206.01295499999998,75.89710570214552,4.7993729753698915,191.6148360738903,15.635787021646347,218555.1108094016,1.0,trend_donchian,0.1,SOLUSDT,2025-01-07 16:00:00+00:00,2025-01-07 16:00:00+00:00,207.76,207.65612000000002,15.760498489337417,15.69817785789989,124.7114676910689,93.31518218008513,0.005962089410069848,33,SIGNAL
2025-01-06 04:00:00+00:00,2025-01-06 04:00:00+00:00,9453,99037.57,99087.088785,0.3753798329486057,976.3008990900865,96158.18608772974,37.195294835476965,219890.20104480613,1.0,trend_donchian,0.1,BTCUSDT,2025-01-07 20:00:00+00:00,2025-01-07 20:00:00+00:00,96451.99,96403.764005,36.18802882781371,36.69141918799583,-1007.2660076632525,-1080.6493313265432,-0.02902436360136826,11,SIGNAL
2025-01-17 12:00:00+00:00,2025-01-17 12:00:00+00:00,9521,218.77,218.87938499999998,66.19884670791978,5.465175805300825,202.4838575840975,14.489562855138757,217073.00122016482,1.0,trend_donchian,0.1,SOLUSDT,2025-01-27 00:00:00+00:00,2025-01-27 00:00:00+00:00,240.49,240.36975500000003,15.912200564465236,15.201241169536813,1422.637709326481,1392.235945906877,0.09598944527942088,58,SIGNAL
2025-01-17 04:00:00+00:00,2025-01-17 04:00:00+00:00,9519,101051.73,101102.25586499998,0.24187071767993662,1494.0684736761018,96620.05044397168,24.453675185128127,216822.84839460376,1.0,trend_donchian,0.1,BTCUSDT,2025-01-27 04:00:00+00:00,2025-01-27 04:00:00+00:00,101395.64,101344.94218,24.51237389830828,24.4830453371554,58.698713180152446,9.73266409671604,0.0003976065389742984,61,SIGNAL
2025-03-24 12:00:00+00:00,2025-03-24 12:00:00+00:00,9917,2092.77,2093.816385,11.239807965080871,32.5425301343785,1996.1887945968647,23.534094081539834,219463.07364496306,1.0,trend_donchian,0.1,ETHUSDT,,2025-03-26 16:00:00+00:00,1996.1887945968647,1995.1907001995664,22.42556032395837,22.97955581419769,-1108.5337575814694,-1154.4934119869677,-0.049007200698655044,14,STOP
2025-03-19 20:00:00+00:00,2025-03-19 20:00:00+00:00,9889,85433.38,85476.09669,0.28380089764737665,1281.5605283705636,81631.41510488832,24.258192968015962,218224.81700460735,1.0,trend_donchian,0.1,BTCUSDT,2025-03-28 08:00:00+00:00,2025-03-28 08:00:00+00:00,85212.98,85170.37351,24.17142845510035,24.214795074126464,-86.76451291561075,-135.19413433872705,-0.005567565376429185,52,SIGNAL
2025-03-24 04:00:00+00:00,2025-03-24 04:00:00+00:00,9915,138.16,138.22907999999998,125.54563916846004,2.900674825401148,129.52705552379655,17.354058200268195,218500.24498490902,1.0,trend_donchian,0.1,SOLUSDT,2025-03-28 08:00:00+00:00,2025-03-28 08:00:00+00:00,131.63,131.564185,16.517309697502526,16.935478995625875,-836.7485027656701,-870.6198706634409,-0.0501179672504185,26,SIGNAL
2025-04-12 08:00:00+00:00,2025-04-12 08:00:00+00:00,10030,124.26,124.32213,85.00039310124392,4.236539418711157,111.61251174386653,10.56742992118395,216064.50958761823,1.0,trend_donchian,0.1,SOLUSDT,2025-04-16 08:00:00+00:00,2025-04-16 08:00:00+00:00,124.78,124.71761000000001,10.60104587664763,10.584248948966021,33.61595546368048,12.447479665848897,0.0011767331048299467,25,SIGNAL
2025-04-19 04:00:00+00:00,2025-04-19 04:00:00+00:00,10071,138.82,138.88941,101.98463304403293,3.530338062687969,128.2983958119361,14.164585512552238,216024.13910676877,1.0,trend_donchian,0.1,SOLUSDT,2025-04-30 16:00:00+00:00,2025-04-30 16:00:00+00:00,142.21,142.13889500000002,14.49598304785933,14.330370712181626,331.3975353070915,302.7369667466799,0.021351456556667817,70,SIGNAL
2025-04-12 16:00:00+00:00,2025-04-12 16:00:00+00:00,10032,85008.4,85050.90419999999,0.2093997212753539,1723.788616697355,79879.53834990792,17.809635633696825,216576.5135244324,1.0,trend_donchian,0.1,BTCUSDT,2025-05-05 00:00:00+00:00,2025-05-05 00:00:00+00:00,94277.61,94230.471195,19.731834403878263,18.77122026128323,1922.1987701814412,1884.657300143866,0.10571662241398883,135,SIGNAL
2025-04-22 16:00:00+00:00,2025-04-22 16:00:00+00:00,10092,1703.0,1703.8515,10.359769180958466,35.06059947042784,1598.6697015887164,17.651508258629853,217931.83071580023,1.0,trend_donchian,0.1,ETHUSDT,2025-05-05 00:00:00+00:00,2025-05-05 00:00:00+00:00,1808.86,1807.95557,18.730002394628197,18.191029497918404,1078.4941359983438,1042.112625345086,0.05897918401858453,75,SIGNAL
2025-05-08 04:00:00+00:00,2025-05-08 04:00:00+00:00,10185,99152.79,99202.36639499999,0.3517453453896864,1039.1346411732318,96084.96247148029,34.89397063108349,219306.46395951972,1.0,trend_donchian,0.1,BTCUSDT,2025-05-12 20:00:00+00:00,2025-05-12 20:00:00+00:00,101859.99,101809.060005,35.81086297525803,35.35265486441877,916.8923441745443,846.1875105682028,0.024226023955175043,29,SIGNAL
2025-05-08 12:00:00+00:00,2025-05-08 12:00:00+00:00,10187,154.57,154.64728499999998,134.86946547936586,2.7180553653310624,146.4931189040068,20.857196665785153,219949.60455931374,1.0,trend_donchian,0.1,SOLUSDT,2025-05-13 04:00:00+00:00,2025-05-13 04:00:00+00:00,166.98,166.89651,22.509243094071643,21.683638312441346,1652.0464282864884,1608.6799885266316,0.07705124237752034,29,SIGNAL
2025-05-13 20:00:00+00:00,2025-05-13 20:00:00+00:00,10219,182.05,182.141025,78.37089991933881,4.904723955261971,167.4268531342141,14.27455604148079,230632.5781378917,1.0,trend_donchian,0.1,SOLUSDT,,2025-05-15 12:00:00+00:00,167.4268531342141,167.343139707647,13.114832454215936,13.694407740553165,-1159.723587264854,-1187.1129757605506,-0.08307978512716079,11,STOP
2025-05-08 04:00:00+00:00,2025-05-08 04:00:00+00:00,10185,1901.09,1902.0405449999998,11.272412387205199,32.42524853692727,1804.764799389218,21.440585400424528,219306.46395951972,1.0,trend_donchian,0.1,ETHUSDT,2025-05-18 20:00:00+00:00,2025-05-18 20:00:00+00:00,2408.2,2406.9959,27.132650399112126,24.288046988028007,5692.064998687599,5643.491762888062,0.2629524242779049,65,SIGNAL
2025-05-19 00:00:00+00:00,2025-05-19 00:00:00+00:00,10250,106454.27,106507.497135,0.3290804365905982,1145.7062625247788,103070.37834742566,35.049533657357685,226217.71024574206,1.0,trend_donchian,0.1,BTCUSDT,,2025-05-19 04:00:00+00:00,103070.37834742566,103018.84315825196,33.901485883575916,34.47523137732761,-1148.0477737817725,-1216.9987933227062,-0.03468756595159929,2,STOP
2025-05-23 04:00:00+00:00,2025-05-23 04:00:00+00:00,10275,185.01,185.10250499999998,83.98113477832048,4.475928173278169,171.67472048016546,15.54511842020974,225536.11630689344,1.0,trend_donchian,0.1,SOLUSDT,,2025-05-25 00:00:00+00:00,171.67472048016546,171.58888311992538,14.410229119755934,14.977393792004767,-1134.8893004538052,-1164.8446479937709,-0.07485828898632754,12,STOP
2025-05-21 16:00:00+00:00,2025-05-21 16:00:00+00:00,10266,108973.34,109027.82667,0.27272805483135126,1375.000404655562,104902.82545603332,29.734947090198823,225000.71145241935,1.0,trend_donchian,0.1,BTCUSDT,2025-05-29 20:00:00+00:00,2025-05-29 20:00:00+00:00,105731.74,105678.87413000001,28.821593778242114,29.27804941540281,-913.3533119567087,-971.9098528251496,-0.03265312398121864,50,SIGNAL
2025-05-29 04:00:00+00:00,2025-05-29 04:00:00+00:00,10311,2762.5,2763.88125,6.556838795330677,56.82058559375975,2593.4194932187206,18.122323805687042,223538.05199674278,1.0,trend_donchian,0.1,ETHUSDT,,2025-05-30 00:00:00+00:00,2593.4194932187206,2592.122783472111,16.996131228930476,17.558950358901793,-1126.192576756566,-1161.3110317911835,-0.06401777682320196,6,STOP
2025-06-11 04:00:00+00:00,2025-06-11 04:00:00+00:00,10389,166.67,166.75333499999996,107.61337300001385,3.458575830044218,156.37760750986732,17.94488883835126,223313.40650842857,1.0,trend_donchian,0.1,SOLUSDT,,2025-06-12 16:00:00+00:00,156.37760750986732,156.2994187061124,16.819907644906216,17.382121341857456,-1124.9811934450458,-1159.7459899283033,-0.06456364332832647,10,STOP
2025-06-09 12:00:00+00:00,2025-06-09 12:00:00+00:00,10379,107759.21,107813.089605,0.3978051281068136,928.8578345504236,105026.51610134874,42.88859992190841,221702.6459198092,1.0,trend_donchian,0.1,BTCUSDT,2025-06-13 00:00:00+00:00,2025-06-13 00:00:00+00:00,105671.74,105618.90413000001,42.01574168793592,42.45196320335047,-872.8582339724811,-957.7625755823254,-0.022309093128585818,22,SIGNAL
2025-06-10 00:00:00+00:00,2025-06-10 00:00:00+00:00,10382,2680.13,2681.470065,8.360547731260887,44.38193113474131,2548.324271595776,22.418558468379732,222634.35219452303,1.0,trend_donchian,0.1,ETHUSDT,,2025-06-13 00:00:00+00:00,2548.324271595776,2547.050109459978,21.294734014053414,21.8563707491932,-1123.8244543263193,-1167.5377468087524,-0.052027046122453784,19,STOP
2025-06-29 12:00:00+00:00,2025-06-29 12:00:00+00:00,10499,108477.12,108531.35856,0.4280327515779462,850.8076484292266,105978.93561471232,46.45497603692948,218504.12329243423,1.0,trend_donchian,0.1,BTCUSDT,2025-07-01 12:00:00+00:00,2025-07-01 12:00:00+00:00,106605.79,106552.487105,45.607954243026775,46.03126489234531,-847.0217939027041,-939.0847241826604,-0.02019474892978685,13,SIGNAL
2025-06-28 20:00:00+00:00,2025-06-28 20:00:00+00:00,10495,150.67,150.74533499999998,110.37315276993014,3.29816919734058,140.85082740797824,16.6382378893093,218417.59960748983,1.0,trend_donchian,0.1,SOLUSDT,2025-07-01 20:00:00+00:00,2025-07-01 20:00:00+00:00,145.46,145.38727000000003,16.046851362513085,16.34240086487685,-591.3865267962107,-624.071616048033,-0.037470805023213545,19,SIGNAL
2025-07-02 20:00:00+00:00,2025-07-02 20:00:00+00:00,10519,109676.14,109730.97807,0.39464691391268997,915.816288866403,106983.52920340079,43.30499185594656,216854.44326725916,1.0,trend_donchian,0.1,BTCUSDT,2025-07-15 08:00:00+00:00,2025-07-15 08:00:00+00:00,116779.13,116720.74043500001,46.06348000227688,44.68493672237789,2758.488146330322,2669.1196744720987,0.061573807244226404,76,SIGNAL
2025-07-11 00:00:00+00:00,2025-07-11 00:00:00+00:00,10568,164.33,164.41216500000002,131.57204972397014,2.81297784134192,155.97323147597425,21.632045548605586,222065.55624807917,1.0,trend_donchian,0.1,SOLUSDT,2025-07-25 04:00:00+00:00,2025-07-25 04:00:00+00:00,177.72,177.63114000000002,23.371293184605506,22.50210980404015,1739.2476359999182,1694.244297266707,0.07824279685978605,86,SIGNAL
2025-07-02 20:00:00+00:00,2025-07-02 20:00:00+00:00,10519,2604.73,2606.032365,8.102741612154889,44.60515827999845,2472.216890160005,21.116006886507915,216854.44326725916,1.0,trend_donchian,0.1,ETHUSDT,2025-08-01 20:00:00+00:00,2025-08-01 20:00:00+00:00,3518.42,3516.6607900000004,28.494593718966488,24.80715115123084,7378.58683245857,7328.976231853095,0.3467348072307172,181,SIGNAL
2025-08-10 04:00:00+00:00,2025-08-10 04:00:00+00:00,10749,184.98,185.07249,101.37531158263613,3.7849131980947046,173.71775040571586,18.76178133912431,230218.0528620495,1.0,trend_donchian,0.1,SOLUSDT,,2025-08-11 20:00:00+00:00,173.71775040571586,173.63089153051303,17.601885729276656,18.1815481056826,-1159.8956098476535,-1196.2592769160544,-0.06369673492629725,11,STOP
2025-08-10 04:00:00+00:00,2025-08-10 04:00:00+00:00,10749,118500.0,118559.25,0.39933196088290485,960.846594702178,115676.71021589347,47.34449778330654,230218.0528620495,1.0,trend_donchian,0.1,BTCUSDT,,2025-08-18 00:00:00+00:00,115676.71021589347,115618.87186078553,46.170310815236796,46.757122441809955,-1174.1869680697428,-1267.701776668286,-0.026749366887856153,48,STOP
2025-08-08 00:00:00+00:00,2025-08-08 00:00:00+00:00,10736,3910.3,3912.25515,5.117761242576105,74.42928415961316,3688.9672975211606,20.021987777738765,228546.78347085108,1.0,trend_donchian,0.1,ETHUSDT,2025-08-18 04:00:00+00:00,2025-08-18 04:00:00+00:00,4320.22,4318.05989,22.09879954816444,21.060918131121593,2076.8117704256756,2034.6909830997727,0.10152130484441646,62,SIGNAL
2025-08-12 20:00:00+00:00,2025-08-12 20:00:00+00:00,10765,190.65,190.745325,88.62437268745622,4.340785084781383,177.72296974565586,16.90468477118996,230819.61306588992,1.0,trend_donchian,0.1,SOLUSDT,2025-08-18 04:00:00+00:00,2025-08-18 04:00:00+00:00,182.67,182.578665,16.18091965173822,16.54262540583962,-723.7651194517418,-756.85072387467,-0.04472692862832965,33,SIGNAL
2025-08-22 20:00:00+00:00,2025-08-22 20:00:00+00:00,10825,4833.0,4835.416499999999,3.267979202542126,115.95374826724235,4487.555255198273,15.802040557629036,227360.66267649183,1.0,trend_donchian,0.1,ETHUSDT,,2025-08-25 16:00:00+00:00,4487.555255198273,4485.311477570674,14.657904625624456,15.229690365064547,-1144.1359320045813,-1174.5958771878347,-0.07425765365262192,18,STOP
2025-08-24 04:00:00+00:00,2025-08-24 04:00:00+00:00,10833,209.06,209.16452999999998,77.03650462538064,4.915241886787163,194.41880433963848,16.113304282810567,227191.83260780637,1.0,trend_donchian,0.1,SOLUSDT,,2025-08-25 16:00:00+00:00,194.41880433963848,194.3215949374687,14.96985644721165,15.541298388373649,-1143.4478355989168,-1174.530996328939,-0.07281918209302167,10,STOP
2025-09-12 04:00:00+00:00,2025-09-12 04:00:00+00:00,10947,4505.55,4507.802775,6.136843898618513,61.78961347422001,4322.43393457734,27.66368195593435,227515.927468358,1.0,trend_donchian,0.1,ETHUSDT,,2025-09-22 00:00:00+00:00,4322.43393457734,4320.272717610052,26.512839267433264,27.08797967300239,-1150.8426885010851,-1205.0192097244528,-0.04351609435966216,60,STOP
2025-09-10 16:00:00+00:00,2025-09-10 16:00:00+00:00,10938,113853.99,113910.91699499999,0.37811487855027226,995.6119080934074,110924.08127071978,43.07141254511457,225873.40542716614,1.0,trend_donchian,0.1,BTCUSDT,2025-09-22 04:00:00+00:00,2025-09-22 04:00:00+00:00,114649.89,114592.565055,43.329153818535495,43.200358417228216,257.7412734209313,171.3407070572812,0.003974086926925655,70,SIGNAL
2025-09-08 12:00:00+00:00,2025-09-08 12:00:00+00:00,10925,214.28,214.38714,100.70366971883338,3.7239876896775743,203.21517693096726,21.58957173852529,225011.5358029751,1.0,trend_donchian,0.1,SOLUSDT,2025-09-22 04:00:00+00:00,2025-09-22 04:00:00+00:00,232.81,232.69359500000002,23.433098936567983,22.511801847293892,1843.5271980426887,1798.5045273675953,0.08322109587481676,83,SIGNAL
2025-10-02 00:00:00+00:00,2025-10-02 00:00:00+00:00,11066,222.04,222.15102,85.75329588678721,4.400894285583364,208.9483371432499,19.050182149611587,226434.71390286076,1.0,trend_donchian,0.1,SOLUSDT,2025-10-07 16:00:00+00:00,2025-10-07 16:00:00+00:00,223.79,223.67810500000002,19.18113472146086,19.11569595260077,130.95257184927686,92.72125497820441,0.004862348591965625,35,SIGNAL
2025-10-02 00:00:00+00:00,2025-10-02 00:00:00+00:00,11066,4348.03,4350.204014999999,5.653804089485007,66.74995876492726,4149.954138705218,24.595201250101095,226434.71390286076,1.0,trend_donchian,0.1,ETHUSDT,2025-10-09 12:00:00+00:00,2025-10-09 12:00:00+00:00,4373.06,4370.87347,24.712062299307526,24.65366715338084,116.86104920643258,67.55378565702395,0.002743880754274735,46,SIGNAL
2025-10-01 12:00:00+00:00,2025-10-01 12:00:00+00:00,11063,116789.57,116847.964785,0.40385306266444726,931.7595213883859,114052.68622083485,47.18940844452973,225776.36182767552,1.0,trend_donchian,0.1,BTCUSDT,2025-10-10 16:00:00+00:00,2025-10-10 16:00:00+00:00,119018.99,118959.48050500001,48.04215053491586,47.61600457924166,852.7420903861297,757.5105314066841,0.016036517569797574,56,SIGNAL
2025-10-27 00:00:00+00:00,2025-10-27 00:00:00+00:00,11216,4158.46,4160.539229999999,5.55918561530685,68.02217402050773,3956.472707938476,23.129209839335836,226888.73480202357,1.0,trend_donchian,0.1,ETHUSDT,,2025-10-28 20:00:00+00:00,3956.472707938476,3954.494471584507,21.983768782243057,22.556208589571916,-1145.4410570927794,-1190.5540357143582,-0.051422624434863444,12,STOP
2025-10-27 00:00:00+00:00,2025-10-27 00:00:00+00:00,11216,114559.41,114616.689705,0.3111218733754357,1215.4333195351678,110970.38974639449,35.65975922111061,226888.73480202357,1.0,trend_donchian,0.1,BTCUSDT,,2025-10-29 16:00:00+00:00,110970.38974639449,110914.9045515213,34.50805288932695,35.08362689954008,-1151.7063317836692,-1221.8741438941067,-0.03423055895680516,17,STOP
2025-10-26 12:00:00+00:00,2025-10-26 12:00:00+00:00,11213,197.74,197.83887,97.62116500571983,3.870303934371113,186.22795819688665,19.313260972815154,226694.14739971742,1.0,trend_donchian,0.1,SOLUSDT,,2025-10-30 12:00:00+00:00,186.22795819688665,186.1348442177882,18.17070034069866,18.741699702020544,-1142.5606321164946,-1180.0445934300085,-0.061039185943877985,25,STOP
2025-12-04 00:00:00+00:00,2025-12-04 00:00:00+00:00,11444,3188.39,3189.9841949999995,5.781117627555503,64.3190725968719,2997.026977209384,18.44167386133795,223101.67462667896,1.0,trend_donchian,0.1,ETHUSDT,,2025-12-05 16:00:00+00:00,2997.026977209384,2995.528463720779,17.317502405460452,17.87931156036103,-1124.1714558774968,-1159.930632144295,-0.06283441888175446,11,STOP
2025-12-09 16:00:00+00:00,2025-12-09 16:00:00+00:00,11478,3245.88,3247.50294,5.593960063146933,66.1254107076098,3049.1267078771702,18.16640175131225,221941.74399453466,1.0,trend_donchian,0.1,ETHUSDT,2025-12-12 16:00:00+00:00,2025-12-12 16:00:00+00:00,3071.4,3069.8643,17.17269829348052,17.66930601385647,-993.7034578317334,-1029.0425578765262,-0.05658878171946926,19,SIGNAL
2026-01-04 04:00:00+00:00,2026-01-04 04:00:00+00:00,11631,91236.78,91282.39838999999,0.46593203855387233,792.9249364195981,88903.62358074119,42.53139396593941,221669.47922770976,1.0,trend_donchian,0.1,BTCUSDT,2026-01-08 08:00:00+00:00,2026-01-08 08:00:00+00:00,90548.02,90502.74599000001,42.168128933843995,42.349681221045806,-363.26503209540846,-447.96455499519186,-0.01052204022082186,26,SIGNAL
2026-01-14 00:00:00+00:00,2026-01-14 00:00:00+00:00,11690,95413.99,95461.696995,0.3727308855010752,1006.0489706248967,92443.55008312532,35.58152285238168,224991.31420707778,1.0,trend_donchian,0.1,BTCUSDT,2026-01-19 00:00:00+00:00,2026-01-19 00:00:00+00:00,93673.14,93626.30343,34.89741498365625,35.23930670087844,-684.1078687254274,-754.5868065614653,-0.021186079547953325,31,SIGNAL
2026-01-04 00:00:00+00:00,2026-01-04 00:00:00+00:00,11630,133.37,133.436685,180.14515983718252,2.047195416214765,127.29509875135571,24.037972947468777,221275.40728317376,1.0,trend_donchian,0.1,SOLUSDT,2026-01-19 00:00:00+00:00,2026-01-19 00:00:00+00:00,137.87,137.80106500000002,24.824194880158984,24.431286577116666,786.2219326902047,737.3597648625769,0.03064414554965306,91,SIGNAL
2026-01-02 16:00:00+00:00,2026-01-02 16:00:00+00:00,11622,3086.64,3088.1833199999996,10.120565317072568,36.38016496041587,2979.0428251187523,31.254161001154014,220912.70143665813,1.0,trend_donchian,0.1,ETHUSDT,2026-01-19 04:00:00+00:00,2026-01-19 04:00:00+00:00,3212.28,3210.6738600000003,32.49383451194751,31.87431564350368,1239.6735107934971,1175.9255152803958,0.03758701967627619,100,SIGNAL
2026-02-15 08:00:00+00:00,2026-02-15 08:00:00+00:00,11884,90.74,90.78536999999999,164.78981846206364,2.241475812680589,84.06094256195821,14.960504641311276,221623.43535524444,1.0,trend_donchian,0.1,SOLUSDT,,2026-02-16 12:00:00+00:00,84.06094256195821,84.01891209067723,13.845461270802785,14.40270779589021,-1115.043370508491,-1143.8493364206051,-0.0763815564506691,8,STOP
2026-02-25 20:00:00+00:00,2026-02-25 20:00:00+00:00,11947,89.43,89.474715,181.27505802443955,2.0271182406599912,83.39336027802003,16.219534153345194,220479.58601882381,1.0,trend_donchian,0.1,SOLUSDT,,2026-02-27 08:00:00+00:00,83.39336027802003,83.35166359788101,15.109577655139447,15.664282331188028,-1109.9564982057457,-1141.2856100142303,-0.0702945876108613,10,STOP
2026-02-25 20:00:00+00:00,2026-02-25 20:00:00+00:00,11947,2071.1,2072.13555,8.47034289940494,43.382656530216146,1941.9875804093515,17.55169864254705,220479.58601882381,1.0,trend_donchian,0.1,ETHUSDT,,2026-02-27 12:00:00+00:00,1941.9875804093515,1941.016586619147,16.441076062096705,16.996113945705115,-1110.6225804503451,-1144.615355154989,-0.06514878739427696,11,STOP
2026-03-04 16:00:00+00:00,2026-03-04 16:00:00+00:00,11988,2150.23,2151.305115,6.084385690598657,59.911492563112375,1971.570637310663,13.089370057817698,218714.77683204526,1.0,trend_donchian,0.1,ETHUSDT,,2026-03-06 12:00:00+00:00,1971.570637310663,1970.5848519920078,11.989798275570644,12.53931240857643,-1099.5717822470544,-1124.6509505804427,-0.08583510269741762,12,STOP
2026-03-04 16:00:00+00:00,2026-03-04 16:00:00+00:00,11988,92.94,92.98647,129.35614110068943,2.817992442814653,84.53249267155604,12.028370933775024,218714.77683204526,1.0,trend_donchian,0.1,SOLUSDT,,2026-03-06 12:00:00+00:00,84.53249267155604,84.49022642522027,10.929329651089994,11.478578401755447,-1099.0412826850322,-1121.9989832698973,-0.09318619381926165,12,STOP
2026-03-04 12:00:00+00:00,2026-03-04 12:00:00+00:00,11987,71111.4,71146.95569999999,0.23916816072810212,1520.5039861869943,66585.44374143901,17.01608653617276,218193.6850536546,1.0,trend_donchian,0.1,BTCUSDT,2026-03-07 20:00:00+00:00,2026-03-07 20:00:00+00:00,67080.33,67046.789835,16.035457407560564,16.525530945966214,-980.629128612195,-1013.6806725559284,-0.05951239154776568,21,SIGNAL
2026-03-16 20:00:00+00:00,2026-03-16 20:00:00+00:00,12061,95.21,95.25760499999998,190.58082418481155,1.8865981209820164,89.59781063705394,18.154272870771223,215729.6548813617,1.0,trend_donchian,0.1,SOLUSDT,,2026-03-18 12:00:00+00:00,89.59781063705394,89.55301173173542,17.067086784066237,17.61041243349607,-1087.1860867049877,-1122.4074463598251,-0.0617643112550611,11,STOP
2026-03-17 00:00:00+00:00,2026-03-17 00:00:00+00:00,12062,74884.67,74922.112335,0.33963973688676935,1060.3405288748304,71741.0907483755,25.446526520460374,216080.26694245514,1.0,trend_donchian,0.1,BTCUSDT,,2026-03-18 12:00:00+00:00,71741.0907483755,71705.22020300131,24.353942123155228,24.8999674006996,-1092.5843973051515,-1142.3848659487671,-0.04484869954289516,10,STOP
2026-03-16 04:00:00+00:00,2026-03-16 04:00:00+00:00,12057,2235.67,2236.787835,8.665293714215798,41.339886358889494,2112.7681759233315,19.382423566659867,214933.35444724833,1.0,trend_donchian,0.1,ETHUSDT,,2026-03-19 12:00:00+00:00,2112.7681759233315,2111.7117918353697,18.298602916026407,18.840246996243163,-1083.8206506334554,-1121.5016771161415,-0.05780398369518215,21,STOP
2026-04-16 20:00:00+00:00,2026-04-16 20:00:00+00:00,12247,90.1,90.14504999999998,223.69486987439532,1.6029151811717675,85.33630445648468,20.164985229570856,215138.3417231468,1.0,trend_donchian,0.1,SOLUSDT,,2026-04-19 00:00:00+00:00,85.33630445648468,85.29363630425645,19.079748874194646,19.62210064831407,-1085.2363553762086,-1124.4810894799741,-0.05570833397392639,14,STOP
2026-04-08 00:00:00+00:00,2026-04-08 00:00:00+00:00,12194,2240.01,2241.130005,8.687947140218665,40.77658266168237,2118.800257014953,19.470819017797993,212558.876834072,1.0,trend_donchian,0.1,ETHUSDT,2026-04-20 00:00:00+00:00,2026-04-20 00:00:00+00:00,2263.28,2262.14836,19.653425375012343,19.56217273853614,182.60635721435202,143.48211282154168,0.00736172288985226,73,SIGNAL
2026-04-06 12:00:00+00:00,2026-04-06 12:00:00+00:00,12185,69614.91,69649.717455,0.45890426953123015,768.3049766709098,67344.80252498727,31.96255271174335,211547.0604578236,1.0,trend_donchian,0.1,BTCUSDT,2026-04-27 16:00:00+00:00,2026-04-27 16:00:00+00:00,76793.1,76754.70345000002,35.22306111980844,33.593630441281995,3260.5084080651,3193.3227942335484,0.0998084442861127,128,SIGNAL
2026-05-06 12:00:00+00:00,2026-05-06 12:00:00+00:00,12365,2410.47,2411.6752349999997,11.438029620847981,31.297193057409856,2317.78365582777,27.584812773795512,214786.93274403104,1.0,trend_donchian,0.1,ETHUSDT,,2026-05-07 00:00:00+00:00,2317.78365582777,2316.624763999856,26.497622671020316,27.04095268512032,-1087.1901027751958,-1141.2725382200115,-0.04133188849834349,4,STOP
2026-05-04 04:00:00+00:00,2026-05-04 04:00:00+00:00,12351,80316.3,80356.45814999999,0.49257730493341795,723.2684837299894,78186.65269881002,39.58176758952198,213759.38427539868,1.0,trend_donchian,0.1,BTCUSDT,2026-05-13 16:00:00+00:00,2026-05-13 16:00:00+00:00,78827.21,78787.79639500001,38.80908040989197,39.195240626713684,-772.6871796300153,-851.0780276294292,-0.021480288820013953,58,SIGNAL
2026-05-06 12:00:00+00:00,2026-05-06 12:00:00+00:00,12365,89.87,89.914935,329.02967363122127,1.0879815710520875,86.65099028684374,29.584681717622477,214786.93274403104,1.0,trend_donchian,0.1,SOLUSDT,2026-05-13 16:00:00+00:00,2026-05-13 16:00:00+00:00,90.43,90.38478500000001,29.739276309778106,29.662025077852682,154.59459215563197,95.27063412823139,0.0032170519723005646,44,SIGNAL
2026-06-14 00:00:00+00:00,2026-06-14 00:00:00+00:00,12596,64458.01,64490.239004999996,0.42092530550025753,838.8752967777551,61973.61311466673,27.145573554964248,211862.3043436775,1.0,trend_donchian,0.1,BTCUSDT,2026-06-18 16:00:00+00:00,2026-06-18 16:00:00+00:00,62369.43,62338.245285000005,26.239744940938618,26.692439463903394,-905.828614025632,-959.2139325215348,-0.03530062368748326,29,SIGNAL
2026-06-15 00:00:00+00:00,2026-06-15 00:00:00+00:00,12602,1725.63,1726.492815,13.069074332963542,27.08224576029965,1645.246077719101,22.563662934562473,212363.9297669657,1.0,trend_donchian,0.1,ETHUSDT,2026-06-18 16:00:00+00:00,2026-06-18 16:00:00+00:00,1682.23,1681.388885,21.97419632068369,22.268787828165262,-589.4666138787842,-634.0044731340304,-0.02807040257022347,23,SIGNAL
2026-06-15 00:00:00+00:00,2026-06-15 00:00:00+00:00,12602,71.29,71.32564500000001,249.37026080780785,1.4193347747176952,67.06764067584692,17.78649469593512,212363.9297669657,1.0,trend_donchian,0.1,SOLUSDT,2026-06-18 16:00:00+00:00,2026-06-18 16:00:00+00:00,68.43,68.395785,17.055874743604754,17.42100642003485,-730.6199523303652,-765.4623217699051,-0.042993160665913646,23,SIGNAL
2026-06-29 20:00:00+00:00,2026-06-29 20:00:00+00:00,12691,75.98,76.01799,182.66003025774108,1.9115988622929119,70.28319341312127,13.885448353532658,209503.62361625204,1.0,trend_donchian,0.1,SOLUSDT,2026-07-08 04:00:00+00:00,2026-07-08 04:00:00+00:00,78.73,78.69063500000001,14.373633770100861,14.12966664058445,488.18541656820355,459.92633444457005,0.033089811425505614,51,SIGNAL
2026-07-02 16:00:00+00:00,2026-07-02 16:00:00+00:00,12708,1697.06,1697.90853,10.367746593774665,33.81898605103352,1596.4515718468995,17.603485378448447,210376.0064613094,1.0,trend_donchian,0.1,ETHUSDT,2026-07-08 16:00:00+00:00,2026-07-08 16:00:00+00:00,1722.96,1722.0985200000002,17.854281064874396,17.728950352818373,250.7956864259464,215.33791998262356,0.012220466149777825,37,SIGNAL
2026-07-04 00:00:00+00:00,2026-07-04 00:00:00+00:00,12716,62583.26,62614.55163,0.4163573429838007,845.6439218950347,60077.6198643149,26.07002834878881,211254.03385837044,1.0,trend_donchian,0.1,BTCUSDT,2026-07-24 16:00:00+00:00,2026-07-24 16:00:00+00:00,64093.86,64061.813070000004,26.67260627655012,26.371474550018586,602.5779277613102,549.8352931359713,0.021069635973539773,125,SIGNAL
2026-07-14 16:00:00+00:00,2026-07-14 16:00:00+00:00,12780,1875.22,1876.15761,12.375450376707533,28.42178437735795,1790.892256867926,23.218295401437206,211039.42930768486,1.0,trend_donchian,0.1,ETHUSDT,2026-08-01 20:00:00+00:00,2026-08-01 20:00:00+00:00,1837.29,1836.371355,22.725922577009676,22.97199163901424,-492.3728244275318,-538.3170424059787,-0.023161875316202042,110,SIGNAL
2026-08-08 12:00:00+00:00,2026-08-08 12:00:00+00:00,12929,75.61,75.64780499999999,408.0189911528506,0.8585809757184746,73.07206207284457,30.865741079027565,210190.40612140927,1.0,trend_donchian,0.1,SOLUSDT,2026-08-17 00:00:00+00:00,2026-08-17 00:00:00+00:00,74.62,74.58269000000001,30.431153931265808,30.648346520439233,-434.58714776175924,-495.88404277205257,-0.016049789728021072,52,SIGNAL
2026-08-19 16:00:00+00:00,2026-08-19 16:00:00+00:00,12996,68554.0,68588.277,0.570021798075921,619.335294587541,66730.27111623737,39.09681298246934,211820.7709396022,1.0,trend_donchian,0.1,BTCUSDT,2026-08-28 20:00:00+00:00,2026-08-28 20:00:00+00:00,77580.03,77541.23998500001,44.20019704128621,41.64979127033645,5103.384058816869,5020.087048793112,0.12827316587326465,56,SIGNAL
2026-08-19 12:00:00+00:00,2026-08-19 12:00:00+00:00,12995,77.54,77.57877,509.44574517429766,0.6860217666780003,75.520704699966,39.52217429235545,209694.5220786372,1.0,trend_donchian,0.1,SOLUSDT,2026-08-31 00:00:00+00:00,2026-08-31 00:00:00+00:00,101.75,101.69912500000001,51.81018651919905,45.66926382614492,12288.012226843599,12196.679866032046,0.3082951681891187,70,SIGNAL
2026-08-19 16:00:00+00:00,2026-08-19 16:00:00+00:00,12996,2085.83,2086.872915,14.846538095228176,23.778918423153417,2015.5361597305396,30.98283823244737,211820.7709396022,1.0,trend_donchian,0.1,ETHUSDT,2026-09-02 12:00:00+00:00,2026-09-02 12:00:00+00:00,2381.87,2380.679065,35.3448424310347,33.164939124026574,4362.004198587322,4295.67651792384,0.13850845750783455,84,SIGNAL
2026-09-03 20:00:00+00:00,2026-09-03 20:00:00+00:00,13087,81755.41,81796.287705,0.38494795352007677,1001.031279671109,78793.19386598667,31.487313557579164,231206.96551138622,1.0,trend_donchian,0.1,BTCUSDT,,2026-09-04 12:00:00+00:00,78793.19386598667,78753.79726905368,30.316113090657225,30.901428249353064,-1171.2004669219386,-1233.003893570175,-0.03911963207646313,5,STOP
2026-09-11 16:00:00+00:00,2026-09-11 16:00:00+00:00,13134,2559.43,2560.7097149999995,9.096429007627044,42.13630818294937,2434.3007904511514,23.29331413163838,229973.96161781606,1.0,trend_donchian,0.1,ETHUSDT,,2026-09-15 12:00:00+00:00,2434.3007904511514,2433.083640055926,22.132372601387523,22.712558809265637,-1160.941530250853,-1206.367216983879,-0.05173853957054684,24,STOP
2026-09-21 12:00:00+00:00,2026-09-21 12:00:00+00:00,13193,2725.38,2726.74269,9.164692878502278,42.08499379213585,2600.4877086235924,24.989759312551147,231417.62573915996,1.0,trend_donchian,0.1,ETHUSDT,,2026-09-24 08:00:00+00:00,2600.4877086235924,2599.1874647692807,23.820754848263416,24.404970930532436,-1169.0044642877274,-1217.814978448542,-0.04868387745765263,18,STOP
2026-09-18 16:00:00+00:00,2026-09-18 16:00:00+00:00,13176,80725.6,80765.96280000001,0.39992890326344543,953.3677633452429,77905.85950996428,32.30064292362024,228767.5944008322,1.0,trend_donchian,0.1,BTCUSDT,2026-09-28 08:00:00+00:00,2026-09-28 08:00:00+00:00,82966.0,82924.517,33.16391113746094,32.73250103071751,863.2682138407033,797.8036597796222,0.024674637437129,59,SIGNAL
2026-09-18 16:00:00+00:00,2026-09-18 16:00:00+00:00,13176,111.15,111.205575,188.5998036739019,2.0216316060468293,105.14068018185951,20.973349612443375,228767.5944008322,1.0,trend_donchian,0.1,SOLUSDT,,2026-10-02 12:00:00+00:00,121.82,121.75909,22.963740469512953,21.969048130951272,1990.3908570695796,1946.4537669876233,0.0927133382917637,83,END_OF_TEST
